normal,gene377,gene765,gene14,gene1597,gene493,gene1671,gene1400,gene625,gene1892,gene1047,gene1917,gene1293,gene1884,gene1771,gene822,gene1758,gene1115,gene1416,gene419,gene99,gene1674,gene1423,gene1772,gene391,gene1679,gene1570,gene66,gene1873,gene1634,gene892,gene415,gene1168,gene581,gene1042,gene1640,gene1153,gene1401,gene648,gene1473,gene1635,gene249,gene1730,gene245,gene824,gene1946,gene1511,gene1472,gene67,gene267,gene513,gene1924,gene1256,gene622,gene187,gene1959,gene411,gene75,gene992,gene561,gene1672,gene1972,gene1534,gene1967,gene882,gene1346,gene779,gene1406,gene1494,gene1060,gene1381,gene1867,gene529,gene1231,gene495,gene1897,gene1651,gene1111,gene281,gene980,gene1843,gene1920,gene994,gene866,gene1058,gene111,gene1421,gene515,gene143,gene359,gene1334,gene679,gene652,gene806,gene1560,gene1573,gene1388,gene665,gene1983,gene137,gene1387
F,0.396329,0.349957,-1.53192,-0.208554,1.03187,-0.525082,-0.942793,0.332443,-0.378657,1.69032,0.53002,0.700039,-0.979565,-0.694222,0.095114,0.039088,0.432495,-1.53753,-0.961885,-1.70486,-0.061928,0.353318,0.234473,0.738424,0.559915,-0.699901,0.01698,-0.369497,0.591347,-1.37324,0.409291,0.478998,0.149302,-0.207158,0.576603,1.07461,-0.07693,1.57702,1.81534,-0.782026,-0.084774,-0.153933,0.053861,0.261337,0.360917,-0.157059,0.673796,0.116946,0.000689,0.338184,0.620955,0.808888,0.617176,-0.244483,0.692009,-0.083107,1.46226,0.254848,-3.04872,0.87534,0.856032,1.32067,0.040511,-0.397061,-0.345308,0.151945,0.933735,-0.652913,-0.262327,1.13987,0.700442,0.823814,-0.616197,-1.09345,-1.18659,1.98187,-0.424271,1.89978,0.864946,-1.41003,0.051585,0.18709,-0.492318,-1.09246,0.195088,-1.0764,-0.647495,-0.052391,-1.18033,-0.247243,0.991121,-0.160803,-0.547933,-0.253579,0.929709,-0.560586,0.597123,0.281659,1.30251,0.849493
T,1.68741,1.55094,0.404811,-0.745925,1.58552,-1.83078,-1.43354,-0.044018,1.1736,0.508408,1.13252,0.204408,0.661753,-1.01578,1.75134,0.710564,-0.048505,-0.204508,0.132091,0.763439,1.14939,1.54289,-1.29141,-0.263439,-0.354386,-0.02377,0.639241,1.71962,0.279767,1.32801,1.50406,-0.118437,-0.320751,-0.927375,0.19447,0.046023,-0.051972,0.468483,0.497104,1.07346,1.0784,-1.45746,1.22309,0.405049,0.199938,-0.239966,-0.71802,0.684171,1.24354,-0.864754,-0.445452,-1.04654,-0.566642,-1.27933,0.410797,-1.06075,0.273909,0.924034,-1.12694,1.07735,0.101899,-0.472861,1.49856,-0.449232,-1.12936,0.212044,0.013525,1.58848,-1.40416,0.553479,-1.60278,0.125908,-0.032051,-0.771483,0.754738,0.875995,0.241204,0.248899,0.490374,1.11515,-1.71671,-1.58125,0.350065,-0.128283,1.53404,1.02788,-0.888237,-0.804864,-0.715819,-0.675268,0.785612,-1.04402,0.903165,-0.061358,-0.069072,-1.15949,0.250354,0.244665,0.964317,1.46744
F,0.697607,-0.085503,-1.70035,-1.00352,0.695736,1.04685,-0.586686,-0.278723,-0.736563,0.176377,0.967687,-0.409541,-0.07141,-0.520239,0.184835,-0.41509,0.245188,0.509618,-0.218032,-1.44388,2.08388,0.749552,-1.1298,-1.99412,-0.857677,-0.905312,-0.913681,-1.53914,-0.81348,0.086015,1.03293,-1.53472,0.653475,-0.880517,1.56946,-0.625048,0.39633,-0.378901,0.742474,-0.558988,-1.06411,-0.741531,-0.474886,-0.104522,-0.713891,-0.898824,0.055553,-1.37279,-0.594958,-2.52545,0.03812,-1.31061,0.228817,-1.17883,-0.682391,-1.29284,0.367315,-1.01959,-0.620347,0.099298,0.269728,1.06427,0.915069,-2.23254,-0.613006,0.680832,-0.6635,-0.247368,-1.4108,0.915119,-1.98103,1.0896,-0.525941,-1.33435,-1.22744,0.050008,0.074055,0.07083,1.43271,-0.202171,-0.937671,-0.543793,1.99586,-1.5117,0.595206,-0.198284,-0.321339,1.89654,-1.63142,-1.47967,-1.2838,-2.90591,1.47842,1.15194,0.819544,-3.69987,1.84121,-0.29777,0.515681,-0.936728
T,0.868489,1.03575,-0.55931,-0.226896,1.17647,-0.961789,-1.16683,-0.029961,-0.400963,0.072867,1.56388,0.206564,-0.531569,-1.75265,0.940464,0.717587,-0.028642,-0.259375,-0.085119,-0.935601,1.94943,1.40453,-1.35392,-0.647155,0.643558,-0.263244,-1.26244,3.20929,0.086751,-0.772504,1.26225,-2.30458,0.334995,-1.60269,1.25289,0.30439,-0.118999,0.417871,0.633143,-0.231136,0.563893,-1.07194,0.388727,-0.976312,0.325624,-0.54901,-0.482723,-0.818342,0.394814,-1.32753,0.583746,-3.45447,-0.332424,-1.37408,-0.324593,-0.460608,0.645204,-0.203129,-0.098443,1.76371,0.560122,-0.012053,1.14069,-2.45048,-0.745445,0.716252,-0.61916,-0.174523,-1.31656,1.0435,-1.67146,1.30849,-0.224959,-1.50155,-0.417979,-0.176156,-0.401902,0.400919,1.02693,-0.06268,-0.01657,-0.691908,0.723665,0.854712,1.06286,-0.348931,-0.427738,0.064675,-0.756585,-1.59173,-0.605323,-1.17613,0.307053,-0.163218,0.050607,-0.907193,2.36977,0.344767,0.992413,0.535278
F,-1.19735,0.465046,0.486905,-0.25915,-0.63584,1.09874,-0.019951,-0.442686,0.096454,-0.679594,-0.422701,-0.769534,-0.045139,1.05626,-0.210693,-1.50137,0.642919,0.859295,0.858919,0.360763,-0.148625,-0.298782,1.29685,0.074774,-1.94542,-0.375952,0.012152,-1.44921,-0.691,0.230257,-0.183461,0.260467,-0.104955,1.45765,0.201883,0.413872,0.573074,-0.251714,0.199712,-0.423752,0.168165,0.341729,0.262511,-0.091543,-0.676969,-0.931567,-0.882707,0.259695,0.135833,1.48213,0.26429,0.687996,-0.047115,2.71405,0.155246,-0.076038,-0.475822,0.075031,0.130823,-1.07907,-1.3266,-0.005755,-0.443881,0.25656,0.805779,-0.472915,-0.69604,-0.066241,0.170895,0.977141,-0.663756,-0.413008,-1.58396,0.393006,0.099831,-1.12078,-0.208006,2.93216,1.09381,-0.061154,-0.576958,0.351548,0.394087,0.097545,0.285324,-0.735415,-0.410578,-0.538091,0.556399,0.702272,-0.531172,1.00142,-0.633712,-0.441923,-1.94241,1.05278,-0.503919,-0.322137,-0.352207,-0.642079
T,0.685269,2.0169,1.93079,0.460102,1.01743,-0.70534,0.028395,-0.816522,1.382,-2.27987,-0.349665,-1.74261,1.04794,-0.662504,0.335435,-0.956651,-0.462045,1.37814,1.22298,-0.17391,0.091651,0.830248,0.462199,-2.10086,-2.48127,1.39293,1.77681,0.784057,-2.16042,1.17087,0.216917,-1.23609,-1.53802,-0.548488,0.866142,-2.99346,0.869977,-1.77946,-0.466908,0.984955,1.67156,-1.22157,1.96491,1.52198,-1.77229,-1.89414,-1.02027,0.446307,1.96086,-0.759415,1.65094,-0.669356,-0.19894,-0.172866,-2.14889,2.19862,-1.66907,-1.80351,1.38573,-0.604908,-1.07108,0.524179,0.411737,-0.936904,0.521931,-1.10372,-1.26291,0.93623,-0.871677,0.993891,-0.389016,-1.5353,2.46805,-1.11521,1.60959,-1.0525,1.82085,-1.07469,1.29101,0.777884,-1.85091,-0.902641,1.08803,1.44799,1.14872,0.968413,0.373388,0.899993,0.016835,-0.575351,-1.60984,0.57285,0.259387,1.0564,-0.075595,1.40426,1.14506,-1.19573,0.934076,0.593923
F,-0.204359,-0.543412,-0.976049,-0.58874,-0.794348,2.4,-0.903596,0.748909,-0.619891,-0.161914,0.479983,-0.142769,-1.01048,0.024033,-1.16085,0.261807,1.19394,-0.963078,0.693757,-0.475102,-0.453917,-0.402997,0.170894,0.643544,0.770858,-1.20301,-0.339011,-0.184692,0.118634,-0.665131,-1.37817,-0.515561,-0.637474,-0.181919,1.34543,-0.744242,-0.22475,-0.220968,0.144962,-1.01707,-0.946359,-0.474359,-0.885041,-1.45998,0.53206,0.585476,-0.349072,-0.970359,-1.03347,0.534473,-2.17991,-0.170817,-0.637864,-0.474134,-0.226564,-0.929549,1.71127,-0.199972,-0.932672,0.333194,0.086029,1.4066,-2.34245,-0.792025,0.065712,0.530731,0.503355,-1.54675,-0.723846,0.563663,-0.623746,1.59923,-1.02632,0.175406,-1.14254,-0.060602,-1.40953,0.442926,0.548956,-1.19592,-0.0749,-0.400286,0.312845,-0.236377,-0.210795,-1.59799,-0.403777,-0.491007,0.886778,-0.291619,0.293963,-0.253267,-0.926663,0.326435,1.48888,0.058219,0.602162,0.148282,0.487948,-0.369533
T,1.20423,1.88703,1.15644,0.869148,1.05802,-0.623567,0.118521,-1.5901,-1.31616,-1.42771,1.39596,-2.01284,0.164915,-2.18015,0.906032,-0.354568,0.267354,1.10892,0.464584,0.141878,0.883036,0.921093,-0.604493,-0.744561,-0.783226,1.74145,0.249952,-0.226522,-1.36515,-0.314277,0.514073,-1.72518,-1.83617,-0.854182,0.842529,-2.18458,0.266773,-1.59268,-0.748767,0.216604,1.9131,-0.514109,1.79079,1.08091,-1.1043,-1.68008,-2.11648,0.890372,1.69289,-0.897567,1.61149,-1.74699,1.47902,-0.712988,-1.84592,-0.6283,-0.791384,-2.36148,1.17506,-0.220028,-1.65941,0.216448,0.554898,-1.26415,-0.927831,-1.16975,-1.1722,-0.01739,-1.26058,1.54623,0.390606,-0.67,-0.42603,-1.61244,-0.9521,-0.585746,0.244202,-1.83925,1.42185,0.060273,-2.65267,-0.560889,0.026327,2.26119,0.732065,-0.167998,-0.010998,2.42809,0.162224,-1.09117,-1.14925,-1.17712,0.43739,-0.358157,0.307381,1.401,0.854135,-3.24341,1.062,0.821171
F,-1.08521,0.006184,-0.588374,-1.26659,-0.953479,0.979544,0.752718,0.737611,-1.21942,1.5115,-1.13047,0.69997,-1.04205,1.96852,-0.506791,1.24217,0.663459,-0.52983,-1.54262,-2.3192,0.184215,-0.298926,1.0272,0.64727,0.348656,0.459145,-1.13522,-0.893906,1.84942,-1.03129,-0.76935,-0.94423,1.52378,2.41727,1.93038,0.667483,-4.90837,2.14388,1.20634,-1.61988,-0.754156,-0.798628,-0.328117,-0.358564,0.2438,0.748379,0.220407,-1.5389,-0.339901,1.22099,0.750454,-0.003531,-0.723593,0.573486,1.58141,-0.966676,0.570647,1.65167,-0.979262,-0.005845,0.226533,1.64366,-0.840167,-0.449611,1.51229,2.09836,1.22461,-1.23846,1.83516,0.355042,1.05164,0.227413,0.699473,-0.176035,-0.544753,-0.632356,0.087629,0.529996,0.392767,-2.12833,0.516741,0.00372,-1.03007,-0.276179,-0.466529,-1.49787,1.7073,-0.941886,1.75496,0.203385,0.042583,1.45502,-1.57126,-2.0617,1.73738,-0.002748,0.055667,2.50423,-0.935229,-2.28773
T,0.73714,1.86499,1.38068,0.4267,1.10446,-1.52505,-0.960517,-2.16295,1.46816,-1.13042,0.00593,-2.03385,1.66318,-1.18195,0.881497,-0.80766,-0.659941,0.581662,1.80047,1.62955,-0.299918,0.902517,-0.719822,-1.79619,-1.36596,1.03875,1.05099,-0.117372,-2.33238,2.26875,0.821226,-0.339885,-1.0017,-0.497923,-0.32751,-1.89596,1.23916,-1.02994,-0.428891,0.89085,1.67066,-0.996422,1.71781,1.07903,-1.80219,-2.10916,-2.2683,1.72534,1.715,-1.36961,1.23269,0.48916,0.8448,-0.837581,-1.29951,1.51251,-1.69664,-1.66894,0.773512,-0.055981,-2.45278,-0.638278,0.062145,-0.199566,-0.097736,-0.720386,-1.48259,1.30253,-1.22513,0.50106,-0.848025,-1.10737,0.322806,0.365641,1.00732,-1.888,-0.102478,-1.69667,0.248525,1.54049,-1.40665,-1.0527,0.529842,0.777029,0.886727,-0.160392,-0.401013,-0.337955,-0.070359,-0.443268,-1.58793,-0.362075,0.34443,1.03749,-0.793176,0.86971,0.307701,-1.66225,0.566094,1.23348
F,0.043436,-0.58444,-1.3067,0.092227,-0.698936,-0.369044,-0.476931,0.79234,0.370383,-0.918946,-1.18073,-1.51794,-0.829427,0.697892,-1.69609,1.71931,1.22922,-0.4213,0.572767,0.308178,-1.43038,-1.58238,1.26543,1.10004,0.553263,0.889422,-1.6917,0.637212,-2.31805,0.665496,-2.2054,1.52327,-1.13281,1.97977,-1.27027,-1.59945,0.799377,-1.54123,-0.326648,0.084935,-1.197,0.220576,-1.3525,-0.506473,1.86814,1.111,1.43882,-2.15622,-1.34788,0.870428,0.397629,1.60341,0.159403,0.459884,-2.35136,-0.747616,1.21441,-0.905692,-0.624869,-1.59106,-0.936663,1.50002,-1.14347,0.673848,-0.047403,-0.956915,1.51552,-0.248891,1.59207,0.717756,0.126121,0.751359,-0.037277,1.1532,-0.559768,0.309043,-0.421466,0.824861,0.376504,-0.569371,-1.40053,0.849859,0.118343,-1.00718,-2.10292,0.158754,0.964592,-0.564417,1.13462,1.36733,1.01132,0.917417,-0.651128,0.434984,1.59842,0.022514,-1.93933,-0.668403,-0.066977,0.635199
T,0.424935,1.92245,1.02923,-0.498545,1.64426,-1.36135,-1.38985,0.682479,1.45326,-0.246093,1.16443,-1.25106,-0.07275,-1.03423,1.25693,0.504243,-0.332635,0.76906,0.053219,-0.125845,1.20275,1.60756,-1.02825,0.178549,-0.733646,1.08419,0.042012,1.63418,-0.795439,1.61748,1.14847,-1.63641,-0.800439,-0.703214,-0.20708,-0.467866,-0.861375,0.317153,0.421933,0.40821,1.27091,-2.23499,1.53964,0.795527,0.535368,0.022478,0.819485,-0.396763,1.47589,-1.15353,0.146534,-0.806044,-0.353941,-0.692223,-0.62227,0.886521,0.3621,-0.06949,-0.218645,1.34646,-0.61236,-0.196093,0.868273,-1.62772,0.067547,0.444452,0.164709,1.02885,-1.46967,-0.000862,-0.40679,0.674567,0.138319,-1.33938,0.819675,-0.162533,0.930416,0.690131,-0.295315,0.579175,-1.00346,-0.689721,1.99462,0.766914,1.61048,-0.465831,0.171311,2.09358,-0.772357,-1.00888,-0.060159,-0.993125,1.11567,-1.69536,0.182329,-0.73691,0.734464,-0.974099,0.536445,0.94415
F,0.265867,0.640185,0.684712,-0.039219,0.101192,-0.122111,0.355437,0.306087,0.105264,-0.954375,0.039428,-0.471209,-1.17748,0.208339,0.006657,-1.07947,-0.035818,-1.00087,0.348172,0.807557,0.611979,0.152458,1.22342,-0.345366,-0.592386,-1.55652,0.549622,-1.89634,0.897302,-0.4096,0.185688,0.537641,-0.685216,1.10982,-0.082303,-0.016207,0.22002,-0.036631,0.109057,0.276809,0.116041,0.451154,0.252453,0.058686,-0.506076,-0.901899,0.019749,0.045429,0.329651,0.47261,-2.1328,-0.65067,0.00936,0.298318,-0.419889,-0.02601,-0.455643,0.477827,-0.679707,-0.71134,-0.698328,-0.707746,-0.245563,1.53705,-0.45536,-0.707521,-0.043154,0.032127,0.896631,0.956467,-0.084837,-0.897634,-0.899045,0.130147,-0.180704,-0.274489,0.051066,-1.28559,0.762539,-0.11851,0.835577,0.795235,-0.611618,0.128779,0.452113,-0.572012,-0.220475,-0.236941,0.042915,0.360986,-1.16003,-0.475451,-0.450073,0.340877,-0.354868,0.518608,-0.731339,-0.524899,0.607118,0.869055
T,1.04822,1.7931,1.01476,0.466268,2.02629,-1.78412,-0.722755,-1.15048,0.807683,-0.896482,0.049608,-0.84189,0.324683,-1.09438,1.07628,-1.20592,-1.16158,-0.511382,0.74524,0.29795,0.850914,1.67565,-0.919683,-1.11445,-0.924931,0.542042,1.48493,0.340146,-0.211787,0.75711,1.00964,-0.99366,-1.24409,-0.280458,0.864068,-0.565699,0.445069,-0.432889,-0.091907,0.926978,1.282,-0.629003,1.57464,1.0653,-1.23637,-1.38177,-0.481505,1.04415,1.59977,-0.797578,1.5073,-0.913313,1.55062,-1.00051,-1.15929,0.925918,0.102966,-0.662214,-0.199116,0.942232,-0.739989,-0.571026,0.579108,-1.05781,0.273673,-1.11747,-1.31043,0.734016,0.002235,1.17075,-1.29663,-1.13882,0.820767,-0.326099,0.879428,-0.433688,0.800434,0.038491,0.917129,0.643315,-0.263514,0.482887,-0.878057,1.49707,0.904175,0.173657,-0.114749,1.67068,-0.938771,-0.529225,-1.36667,0.597506,0.408598,1.08883,-0.318708,0.11835,1.00304,-0.472703,0.649657,1.07842
F,-0.720749,0.478516,-0.178935,0.818666,0.316226,-0.517352,1.01698,-1.1886,-0.235008,-0.219566,0.043344,-0.383185,-1.0611,-0.373964,-0.39052,-0.843946,-0.50594,-0.217717,-0.065855,-1.06619,0.735404,0.082363,0.887112,0.248789,-1.04956,0.509874,0.846316,-1.10579,-0.536357,-1.61056,0.235007,-0.618889,0.75368,0.813798,0.528744,-0.222886,0.606202,-0.5431,0.096435,-0.360253,-0.158787,-0.064523,0.154942,0.075104,-0.018401,-0.252028,-0.940502,-0.266028,0.169007,0.269774,1.50916,-0.12932,0.983199,0.617083,-1.10327,-0.460552,-0.032903,-0.429922,-0.108379,0.03718,-0.00061,0.042235,0.749035,-1.09219,0.899511,0.032048,-1.03358,-1.02121,0.325331,1.7029,-1.09382,-0.950788,-0.491462,-0.412024,-0.679754,-0.629805,-0.618427,-0.012906,1.71078,-2.14585,0.311091,0.483698,0.37143,0.266456,-0.015878,-0.761467,0.771953,0.761109,-0.026556,1.01002,-0.926954,0.610821,-0.681865,1.14085,-0.573212,0.775716,0.796074,0.16648,0.434931,0.145014
T,0.435586,0.379343,-0.101042,0.64537,0.750946,-0.78385,-1.72185,-1.85838,-1.13995,0.398588,-0.129948,0.874881,0.611322,-2.30359,-0.284693,-1.41877,-2.05427,-0.396195,0.736467,0.085151,1.80204,0.49751,0.599401,-1.88646,-1.0044,-0.227679,1.47056,-2.47448,0.047897,0.519834,0.002739,-0.697706,-0.622999,-0.543267,0.844627,0.084462,-0.71857,0.613925,0.29485,0.272481,-0.888453,0.149288,0.528892,0.420861,-0.820514,-1.02694,-0.571274,-0.546999,0.382122,-0.05353,0.45092,0.355012,0.459754,-1.84708,0.11918,-0.1445,0.57007,1.10605,-0.323286,1.44482,0.754616,-0.898992,0.117234,-3.33346,0.6891,0.805916,-1.12236,-0.311702,0.092946,1.236,-0.842377,-0.573878,-1.47877,1.69549,-1.22902,-0.8947,-0.897628,0.83151,1.42221,0.038381,-0.859786,0.015824,0.02453,1.43218,0.062633,-0.089888,0.838549,0.700013,0.236365,-0.130751,-1.90322,0.048968,-0.977753,2.1352,-1.39692,1.24175,1.3344,-0.02515,0.942483,-0.595028
F,0.608344,-0.311375,-0.633022,0.036234,0.189036,0.587315,-0.03181,1.02459,-0.065456,-1.27301,0.383361,-0.377808,-1.36905,1.2427,-1.79101,1.09922,0.25993,-0.347229,-0.553948,-1.02496,0.081048,-0.665845,0.855435,1.03578,0.986632,-0.340824,-0.238193,-0.211401,0.455122,0.110594,-0.919248,-1.00524,-0.082065,1.52931,0.080603,-0.007746,-1.5289,0.886312,-0.287745,-0.827811,-0.667622,-0.584481,-0.410226,0.31983,-0.58215,-0.977971,1.61511,0.301681,-0.426498,0.649353,-0.605225,0.161267,0.426969,0.875901,-0.769521,-1.05421,1.24984,0.12391,-0.084259,-0.26874,-0.533646,0.521786,1.00321,0.304769,1.33959,-0.93053,0.268785,-0.460694,0.319105,0.773986,0.60088,1.81798,-0.463783,0.01079,0.166404,0.588065,0.001325,1.73031,0.126617,-0.416128,-0.463211,0.412647,0.096798,-0.164095,-1.43477,-0.63708,0.692971,-0.200161,0.410553,-0.463881,-0.558169,0.979687,0.251715,0.083881,-0.453928,0.161462,-1.02794,-0.566939,0.698231,-1.45638
T,2.79307,0.505664,1.02874,0.671953,1.62459,-0.416893,-0.163824,-0.749753,-0.629941,-2.49923,-0.167978,-1.6672,1.45635,-0.667981,-0.730527,-0.965117,0.696892,-0.880757,1.30297,0.436726,0.099055,-0.157766,-1.71989,0.782409,-0.089828,0.436392,2.08643,1.88675,-0.531108,-0.887962,-0.903637,-2.1252,-1.58774,-1.01739,-0.013229,-1.08443,-0.38191,-0.861947,-1.68634,1.3869,0.146856,-1.99292,0.417741,0.473325,-0.532547,-0.671872,-1.07817,1.22071,0.396182,-0.787126,0.879689,-1.79971,1.81022,-1.16341,-0.397029,1.68739,0.251022,-1.61758,1.43278,0.422264,-1.97784,-0.348296,-0.279903,-1.43478,0.14321,-2.78485,0.04385,0.205022,-0.37879,1.33197,-1.23098,-0.020548,1.31994,-1.83311,0.536537,0.550795,0.701904,-0.054629,1.15763,0.333228,-1.09354,-0.74094,-0.949851,2.10713,-1.47249,-0.989458,-1.35502,1.09564,-0.086511,-0.947366,-0.501177,-0.466729,-0.406817,0.938921,-0.794387,0.449207,0.077324,-0.034274,2.11895,0.879303
F,-0.86651,-0.518572,0.255625,-0.210832,0.03872,0.673107,0.035253,0.225784,-2.01713,0.702935,-0.74247,0.384847,-0.510507,1.32619,-1.63708,0.589093,0.400474,-0.606112,-0.58426,-1.28813,-1.13168,-0.947733,1.54542,0.777146,-0.523606,-0.311932,-0.888186,-0.938629,-0.078751,-0.653228,-1.27701,-0.823725,0.060163,1.63845,1.14699,0.927688,-1.3792,0.725539,0.951103,-1.99887,-0.735197,-0.040503,-0.851538,-0.482156,-0.056791,0.592163,1.04903,-0.122837,-1.07036,1.20142,0.450727,-0.595848,0.238182,0.693895,0.866015,-0.247813,0.506892,0.261637,0.314098,0.26825,0.660897,1.09205,-2.48578,-0.607736,1.12834,0.165539,0.463227,-1.63042,1.46879,0.679419,0.165844,0.159382,-0.383633,-0.932963,-0.716694,0.081162,0.134384,0.357666,0.606358,-2.18427,0.288868,0.253093,-1.05659,0.958981,-0.704281,-1.73633,0.576401,-0.642777,1.31929,0.53182,0.418348,1.77917,-1.02519,0.292457,0.889828,0.608616,0.461772,0.3379,0.661289,-0.384542
T,1.24517,1.84852,2.08865,-0.528005,1.48417,-0.968595,0.071298,-1.24503,0.479083,-2.22404,-0.411039,-2.98966,1.55311,-0.567127,0.226412,-1.34978,-0.905278,1.12853,1.70515,0.957145,0.226003,0.511837,-0.467391,-1.57388,-1.41686,1.37572,1.81348,0.778822,-1.78249,1.52875,0.042468,-1.15104,-2.37412,-0.189661,0.519998,-1.83389,0.651802,-2.14962,-0.928051,1.43855,1.75219,-1.18254,1.73081,1.00504,-3.07587,-1.53425,-1.7148,1.32142,1.63741,-0.90588,1.71084,-1.09287,1.03991,-1.12307,-1.48567,2.05426,-1.28913,-1.99847,1.14424,-0.901389,-3.34361,0.16991,-0.272488,-0.450078,0.341517,-1.88537,-1.43327,1.17427,-0.29838,0.991384,-2.64936,-0.652799,2.07021,-0.843008,1.19415,-1.3797,1.04103,-1.1497,0.864739,0.976177,-1.71788,-0.459755,1.17293,2.05994,0.107727,0.460975,0.239245,0.238356,0.075655,-0.448159,-1.90684,0.329585,0.463726,1.98637,0.622238,1.33453,-0.742393,-2.6343,1.36368,1.05955
F,0.206886,-0.654079,-1.84593,0.178398,0.37907,0.188356,0.636268,0.521564,-1.10078,1.02599,-0.280699,0.991906,-0.480594,-0.545897,-1.71256,1.0329,0.865608,-2.93099,-0.539278,-1.0559,-0.54123,-1.04373,-0.089997,1.24036,0.873976,-1.68483,-1.27844,-0.569473,1.33957,-0.234376,-1.32945,-0.764942,1.42183,-0.36394,-0.515976,0.680157,0.439375,0.365303,0.571064,-0.566447,-1.44884,0.624904,-0.971218,-1.46616,1.13567,0.981272,0.046938,-0.885575,-1.14465,0.601915,0.421837,0.252089,0.725777,-0.358853,0.824481,-1.29489,0.62162,0.810987,-1.99949,-0.045782,0.81851,0.417952,-1.60864,0.508305,-0.215211,1.14496,0.360257,-1.85769,0.313651,0.942024,0.82415,0.75539,-0.302677,0.044447,-1.3786,1.61065,-2.14223,0.669752,0.665888,-1.73219,0.663176,-0.781654,-0.378331,-0.973646,-1.1424,-1.31159,1.13155,-0.36279,-1.37482,-1.00165,1.33997,0.233091,-1.53492,0.620442,1.26103,-0.763431,0.559993,0.670477,0.259715,-0.806827
T,0.480019,1.27248,-0.660579,0.732518,1.46716,-1.75036,-1.42803,-1.6444,1.09047,-0.334073,0.453765,-0.524762,1.06105,-1.56834,0.906518,-1.42232,-0.081145,-0.891652,0.886149,1.34645,0.044107,1.25143,-0.939177,-0.376168,-0.795557,-0.799307,0.124991,0.610758,-0.39051,0.682372,0.999796,-0.043045,-0.643576,-1.45589,-0.349575,-0.820384,1.69471,-0.162956,-0.018267,1.22132,1.1062,-1.30276,1.07399,0.364879,-0.138763,-0.637748,-1.41798,1.93345,1.25399,-1.93385,1.00273,-0.758533,1.10913,-1.99449,-0.53179,0.383286,0.155625,-0.89193,-0.975037,0.823033,-0.072849,-0.800772,0.862638,0.034154,-1.33271,-1.10231,-0.508202,1.40626,-1.27243,0.969448,-0.612779,-0.603752,-0.016021,-0.453904,0.255611,0.450735,-0.699533,-0.622461,0.778717,1.30776,-1.67151,-1.16286,0.590492,0.464559,1.14741,0.491025,-1.21606,0.548013,-1.9662,-2.45577,0.156901,-1.33614,0.074724,0.078576,0.123207,-0.6411,1.31855,-0.54948,0.930055,1.15157
F,-1.06196,-0.554355,0.217414,0.831048,-0.943869,2.1186,1.81095,0.020976,0.380518,-0.793193,-0.328554,-0.393695,-0.649738,0.711311,-1.12073,-0.962794,-0.130478,0.330947,0.592418,-0.492073,-0.883869,-1.51337,1.12967,0.501453,-0.343408,1.67578,-0.307131,-0.099164,0.628441,1.72909,-1.63567,-0.228003,1.39127,2.23303,-0.016623,0.817241,-0.107838,0.056207,-0.182796,-0.310576,-0.802614,0.146459,-1.08011,-0.013845,-1.5938,-1.44958,0.285229,0.531835,-1.00952,1.03955,-0.360372,0.969116,1.49229,1.16665,0.014339,0.455459,0.059518,0.37743,-0.665059,-2.06984,-0.46412,-0.826319,-1.63368,0.613293,1.81928,-1.03699,-0.276799,-0.827788,0.737515,1.28079,1.17411,-0.192073,0.565214,0.955728,-0.09302,-0.815153,0.089287,-0.660847,1.46376,-0.721315,-1.90144,-0.405645,-0.339729,0.897491,-1.45495,-0.150155,1.48632,-0.141299,1.68201,0.688225,-1.79748,0.169017,-1.04059,-0.181458,-1.25323,1.05412,-0.568612,0.877869,-0.908456,-1.85941
T,2.32254,0.65299,1.83464,2.28,1.40241,1.35008,-2.14975,-1.20663,0.289259,-1.12493,0.727258,-1.8497,0.867343,-1.03325,-0.224861,-1.04072,-0.322956,-0.834453,2.01225,1.3219,0.471517,0.215158,-1.11412,-0.117444,-0.444752,0.842764,2.0398,0.709306,-1.63644,1.11421,-0.771275,-1.18388,-1.73135,-0.723417,-0.035611,-1.06597,0.556097,-0.616053,-0.597077,1.33085,0.008308,-1.83393,0.689297,-0.131019,-1.57552,-1.93702,-2.1939,1.27219,0.634249,-0.618502,1.22941,-0.56855,2.5751,-1.20103,-2.24034,1.36529,0.210263,-1.53772,0.899561,0.358884,-1.49007,-1.05615,-0.490476,-1.05794,-0.370253,-0.875535,-1.39983,0.239373,-0.609807,0.902131,-0.680836,-0.397631,1.13649,-0.291823,-0.12574,-1.37597,-0.168112,-0.772391,1.19472,-0.086656,-0.434702,-1.52533,0.318589,1.24984,-0.999373,0.633862,0.474444,1.76203,-0.03933,-1.31912,-1.35724,-0.800541,-0.925839,2.00022,-0.829291,0.758444,0.352787,-0.228012,1.57684,-0.741336
F,-0.922103,-0.69135,0.262912,0.067173,-0.412118,-0.710774,1.22494,0.062029,-0.510021,-0.226297,0.066443,0.397269,-0.12781,0.276397,-1.37047,-0.264681,-0.753497,-0.52509,-0.336026,-0.500274,-1.31144,-0.862261,0.673522,-0.142328,0.656187,0.325266,-1.14253,-0.529834,0.614319,-0.552452,-1.89128,0.0789,0.746045,0.596294,0.926617,0.347582,-1.42394,0.853107,0.295225,-0.859681,-0.951581,-0.144035,-0.769947,-0.640504,-0.778553,0.126614,0.09822,-0.35909,-0.880434,0.533749,0.968504,0.749418,0.112974,0.575496,-0.14783,-0.61101,0.361167,0.254589,0.388045,-0.264413,0.492333,-0.500972,-1.41891,0.331681,1.30295,0.507869,-0.869214,-1.27776,0.998389,-1.13666,0.732096,0.181932,-0.767273,0.543646,-0.792908,-1.25486,-1.42876,0.065927,-1.02273,-0.555626,0.654358,1.82678,-1.24677,0.520482,-0.633841,-1.31456,0.504279,0.762835,0.516046,1.55825,-0.085041,1.13228,-1.26824,-0.340611,0.034343,0.828208,0.986112,-0.456793,-0.668947,-0.656263
F,-0.668042,-0.896282,-1.41239,-1.06002,-1.24689,0.282961,-0.700096,0.9294,-0.444243,0.822421,-0.293392,1.51155,-1.38098,0.668502,0.303539,0.983223,1.32808,-1.61071,-0.536301,0.670811,-1.05569,-0.726423,0.056029,0.440762,0.995542,-0.641432,-1.94371,-0.253999,1.11991,0.271077,-0.680654,1.21681,1.42134,0.148153,-0.40707,1.64945,-0.631391,0.207414,1.37552,-1.10989,-1.72487,1.42229,-1.30416,-1.56931,1.02609,2.38104,0.474377,-0.319658,-1.36005,0.250193,-0.937764,1.5423,-2.52171,-0.19819,1.48146,-1.2741,1.02077,1.76737,-2.0456,0.163832,1.238,0.568052,-1.24924,1.0657,-0.718037,2.04769,1.46056,-1.12987,-0.181702,-1.73212,-0.473557,0.738537,-1.28766,2.06783,-1.2062,1.31904,-1.61525,0.788505,-1.5982,-0.672543,0.107362,-0.175459,-1.0077,-0.643345,-0.389754,-1.30829,-0.616641,-1.52393,0.125931,-0.044541,0.768397,0.110911,-0.799252,-0.771102,1.2895,-0.679448,-0.432981,1.14777,-0.652213,0.604961
F,-0.708878,-0.066362,-1.1616,-1.31651,-0.82305,0.486299,-0.624488,1.40694,0.115098,0.617032,-1.02184,1.03152,-0.223583,0.279092,-0.038461,0.183887,0.859148,-0.665417,0.490026,1.42324,-0.387601,-0.31353,-0.174413,0.747782,1.13341,-0.830053,-0.470044,-0.558232,1.08544,0.324994,0.302561,1.66101,0.19689,-0.853592,-0.705024,0.423519,-0.180929,0.556535,0.719218,-0.079029,-0.484483,1.04875,-0.203472,-0.720506,0.233591,0.874426,0.880892,0.147737,-0.267343,-0.854901,-1.02863,1.42969,-1.91823,-0.795174,0.720988,-0.257449,1.39823,0.504126,-0.737838,-0.16282,0.560133,-0.351763,0.205607,1.18918,-0.069428,0.265084,1.06289,0.414182,-1.34779,-1.52706,-0.439066,0.823268,-1.56644,1.63564,-0.759789,-0.281352,-1.66839,0.597488,-1.94829,1.4735,0.606617,-0.694708,-0.467263,-0.452341,0.177532,-0.394631,-0.712168,-1.3005,-0.248351,-1.03379,0.684241,-0.964388,-0.244665,-2.46875,0.358552,-0.243766,-0.212438,0.831446,-0.828267,0.410962
F,-0.951402,-0.816295,-0.399909,-0.446471,-0.884028,0.417348,-0.332788,1.05687,-0.563711,1.09067,0.001639,1.55219,-0.744131,0.877498,-0.731605,0.72676,-0.189659,-0.707457,-0.644268,-0.093625,-0.173276,-0.633585,0.935842,0.297948,-0.18429,-0.772531,-1.14361,-0.376744,1.65149,-0.602765,-0.515776,0.914355,0.649629,0.150343,-0.272845,2.08575,-0.903806,2.44418,1.63363,-1.60971,-1.19134,0.478298,-1.26901,-1.44584,0.832399,0.460511,-0.666352,0.213897,-1.22055,0.937124,-0.860774,0.743784,-0.95151,0.230089,2.3395,-0.92279,0.715713,1.65596,-0.737916,-0.135412,1.49718,0.05248,-0.674005,0.976018,-0.201456,1.5855,0.698352,-1.06223,0.13895,-1.27315,0.441739,0.67406,-1.78759,1.67495,-1.4547,1.1889,-1.44037,1.05796,-1.0474,-0.727848,2.29077,0.955176,-0.59678,-0.866223,-0.336923,-0.377017,0.175493,-0.732695,0.361763,1.04019,0.445525,0.94733,-1.34021,-0.882469,0.058319,-0.58801,0.842333,1.57217,-1.24651,-0.650111
F,-0.788323,-0.783134,-1.74159,-2.53791,-1.04328,-0.825631,-1.98799,1.01588,-0.067261,0.907641,0.215288,1.20971,0.012271,0.792066,-0.825781,1.09897,0.189444,-1.62734,0.407732,0.95309,-1.10423,-0.08839,-0.055555,0.665911,0.824497,-1.35447,-1.3444,0.15952,1.11918,-0.158845,-0.210809,0.964579,0.486494,-0.311834,1.1013,0.758442,-0.811943,1.72326,1.63313,-0.446248,-1.12494,0.579908,-0.954554,-2.43005,0.713985,0.720845,-0.103331,0.900701,-1.07711,-0.89083,-1.14289,1.14001,-2.35219,-1.6647,1.45565,-1.27967,1.08774,1.06009,-2.03631,-0.628942,1.18296,1.56353,0.076819,1.41658,-0.384923,1.11521,0.791457,-0.064423,-0.013812,-1.66856,-0.17535,1.08891,-1.65356,1.94351,-0.77832,0.96801,-1.78656,1.02564,-1.53651,0.392129,1.92067,-0.031496,1.15837,-1.54576,-0.009232,0.028482,-0.587742,-2.17303,-1.77504,-1.09344,0.2174,-0.577591,-0.964803,0.126807,0.992244,-0.35921,0.37115,0.867203,-0.873945,0.322513
F,-0.407664,-0.369369,-1.20655,-3.66349,-1.18657,0.151039,0.043155,1.75803,-0.256759,0.441343,-0.790649,0.927031,-0.96812,-0.313474,-1.3793,1.23613,1.11121,-1.40697,-0.002155,0.955484,-1.20505,-0.620604,-0.568381,1.37298,1.12105,-2.26815,-1.03951,-0.659682,0.67141,0.084422,-0.822398,1.36541,-0.408328,0.179385,-0.389595,0.127176,-1.3932,0.220926,0.526808,-1.26036,-1.13318,0.913852,-0.554129,-1.81315,0.913422,1.21782,0.791508,-0.418861,-0.636327,0.063423,-0.140197,1.4266,-1.71883,-0.281657,0.248706,-1.44512,1.27964,0.517119,-0.910259,-1.19182,0.547451,1.15568,-0.824689,1.45014,0.567586,-0.467292,1.28456,-0.367771,-0.76343,-1.35805,0.605941,1.78392,-1.4819,1.55851,-1.0198,0.506467,-1.00809,1.0256,-1.13824,-0.297283,-0.734125,0.396149,0.003527,-1.56547,-0.501772,-0.273164,0.970316,-1.09249,0.311315,-0.82547,0.835844,-0.101505,-0.668834,0.163997,1.48693,-0.304738,-0.136556,0.837757,-0.713893,-2.22615
F,-1.05026,0.021763,-0.527436,-1.86149,-1.05708,0.123146,0.036463,0.216811,-0.361446,1.03022,0.088124,0.868487,-1.14047,0.781849,0.149353,-0.875485,-0.905176,0.779415,-0.267533,-0.109998,-1.12548,0.421138,-0.877117,0.542869,0.175959,1.77464,-0.421274,0.255202,-0.059677,-0.807404,1.36977,-0.302333,1.60884,-0.093283,0.584542,0.28677,-0.10832,0.766308,1.06871,-0.910873,-0.984725,-0.721836,-0.271837,-0.413505,-0.287043,-0.533563,-0.694007,-0.196735,-0.270868,-1.09813,-0.391664,0.11219,-1.45939,-0.351902,0.403878,-1.86865,0.4402,0.529491,0.249747,-2.06201,0.247703,0.297575,0.458374,-0.482956,0.793138,0.188552,-0.353959,0.259273,-1.37422,-1.34328,0.462315,0.179019,-0.044801,0.300558,0.185582,-0.924197,-0.034258,-0.013922,-1.75217,0.271729,-0.716692,0.722108,0.454167,-0.756183,0.785799,-0.066955,1.49758,2.02687,-1.81747,-0.692347,-0.696519,-0.628307,0.820186,0.441284,0.158165,-0.085919,0.200214,0.497372,-1.02597,-1.57613
F,-0.692001,0.16038,-0.140789,-0.208297,-0.549997,0.355803,1.32189,0.686197,0.222273,-0.792663,-1.15092,-0.965634,-0.579563,1.70758,-0.705752,1.09896,0.243986,0.980272,0.170431,1.0781,-0.774831,-0.475018,0.81241,1.09699,1.00101,0.379175,-0.412021,0.442407,-0.417965,0.476993,-0.020991,0.767624,-0.047008,1.04998,-0.427553,-0.805417,-0.545576,-0.712719,-0.35704,1.20411,0.33453,0.587997,0.51071,0.427457,0.107466,1.53799,0.59243,0.409972,0.268957,0.144957,-0.554359,1.06796,-0.647886,0.551168,-0.845016,0.01148,0.625663,-0.490226,-0.151638,-2.65199,-1.16061,0.191712,0.560203,1.23473,-0.163117,-1.26929,1.00253,1.02955,-0.118805,-1.82316,0.326931,0.971439,0.587114,0.269236,1.04968,1.49343,0.452578,0.196143,-1.15316,0.685075,0.32893,-0.079009,1.60576,0.177206,-1.03886,0.295916,0.672446,-0.384185,0.836127,0.09341,0.866599,-1.2309,0.830485,-0.757276,1.28605,0.248615,-2.05221,-0.782218,-0.661181,-0.085197
F,-0.612216,0.041811,0.468599,-1.01041,-0.728455,0.095302,0.983679,1.44673,-0.081453,-0.97515,-1.7402,0.100384,0.176834,0.545889,-1.86355,1.58724,0.64981,-0.822898,0.090665,-0.269514,-0.644233,-1.21846,0.968299,0.556813,2.09496,0.544167,-0.580977,-0.323606,-0.306468,-1.0441,-1.06256,0.448272,-0.521797,0.22169,-1.31271,-0.436604,0.355599,-0.648342,-0.12987,-0.102644,-0.692988,0.338795,0.010609,-0.259325,0.152104,0.330403,-0.110706,-0.539499,-0.012572,0.911769,0.345773,0.821603,-0.894754,1.27677,0.052466,-0.160519,1.11709,-0.244185,0.845297,-0.412625,0.396957,1.07681,-1.04662,0.187475,0.949457,-0.495733,0.748966,-0.838719,1.64088,-1.50012,0.730171,1.45936,-0.752126,0.582418,-0.511323,1.26842,-0.775425,0.715998,-1.45867,0.099985,0.940333,1.59659,-0.267978,0.21285,-1.72154,-0.053251,1.59054,-0.821978,0.475529,1.45933,0.642427,1.15667,-1.04501,0.163149,0.99888,0.322408,-1.88199,-0.631646,-0.960215,-0.249325
F,-0.967186,-1.0495,0.105281,-0.034325,-0.913241,0.55201,-0.285508,0.963104,-0.165452,0.804045,-0.602249,1.11188,-2.00917,0.711906,-0.015254,0.525987,0.019274,0.113457,-0.573901,-0.773166,-0.565004,-0.658125,-0.016946,0.122182,-0.316507,-0.140007,-0.890587,-0.606625,0.773889,-0.736203,0.365444,0.224874,0.189621,-0.138338,-0.766699,0.82902,-0.500827,1.26043,1.15216,-0.87417,-0.220623,0.652335,-0.585252,-0.430952,0.755416,-0.061531,0.505078,-1.52041,-0.135017,1.17623,-0.80521,0.717473,-0.589857,0.671068,1.35158,-0.073544,0.685687,0.734933,-0.592372,-0.518045,0.925329,-1.15589,-0.341628,0.641305,-0.060731,-0.052413,0.332575,-0.468248,0.961758,-1.19162,0.929975,-0.451618,0.205093,1.03408,-0.492967,-0.106315,-1.25196,-0.004552,-0.994046,-0.475803,0.701041,0.481407,-0.938734,-0.426802,0.202807,-0.445271,1.03373,-0.81611,-0.068581,0.777169,0.288786,1.14583,0.113102,-0.609535,-0.455802,-0.710118,0.046729,0.474746,-1.7365,-0.37328
F,-0.686497,0.081342,-0.750862,-0.952389,-0.338867,0.695614,-0.096745,0.464888,-0.049133,1.68122,-0.726568,0.957159,-0.701095,0.251491,-0.306749,1.05315,1.11087,-1.25431,-1.18245,-0.016357,-1.27225,-0.08603,0.409844,0.969343,1.91893,-0.126022,-0.801662,-0.058879,0.92152,-1.04013,0.371993,-0.178996,1.58045,0.574756,-0.267105,1.59658,-0.441886,1.62129,1.42864,-0.726664,-0.137305,0.322769,-0.235878,-1.20831,0.820451,0.732425,0.143983,0.315546,-0.233203,0.523315,0.031312,0.537915,-0.727678,0.657625,1.32978,-0.316811,1.34007,1.14288,-0.246918,-0.43364,1.17572,0.086886,0.06892,-0.16008,0.384463,1.24338,1.64682,-0.302558,0.748212,-1.10708,1.59417,0.852016,-1.15101,-0.093025,-0.619237,1.61141,-0.703006,0.330773,-1.05439,-0.508788,0.672827,-0.336029,-1.36119,0.02946,-0.032675,-1.17423,1.49691,-0.604539,-0.697125,-0.075544,0.830649,0.184888,-0.18063,-0.560413,0.491518,-0.112729,-0.978528,0.290942,-0.382552,-0.100335
F,-1.65309,-0.819163,0.063377,-0.234576,-1.83724,1.88159,1.24028,0.906277,-0.955153,-0.1456,-1.65631,1.09423,-0.648073,1.59438,-1.17079,0.951683,0.982679,-0.078275,-1.13714,0.52452,-1.95575,-1.55807,1.42405,0.616045,1.26233,0.514754,0.096101,-0.730944,0.996539,-1.324,-1.26995,0.997055,-0.63609,1.20494,-2.01766,0.645942,-0.808857,0.280338,0.703987,-1.17339,-0.96071,1.74927,-0.493992,-0.403297,1.35188,0.903197,0.386198,-1.29151,-0.427805,1.9771,-0.484327,-0.027268,-0.167204,1.51375,1.14918,0.043314,0.466975,0.874959,-0.190174,-1.3139,0.104247,0.084137,-1.46051,1.06896,1.16059,0.452787,1.27692,-0.924916,1.08696,-0.530512,1.75191,0.58021,0.824291,0.940339,-0.347906,0.173917,0.030757,0.113375,-0.432504,-0.427654,1.11011,1.47895,-1.74787,0.069605,-1.00501,-1.24718,1.28747,-0.443187,2.41727,1.58435,-0.041668,1.2471,-1.09785,-0.763905,0.400884,0.974032,-1.99474,0.926894,-2.37208,-0.066449
F,-0.659746,-0.832429,-2.31952,-2.29605,-0.570915,-0.817119,-0.853598,-1.09858,-1.26058,1.13194,0.463572,-0.204898,-1.43402,0.126975,-0.946913,1.16637,0.682984,-1.55388,0.642826,-0.100535,0.045441,0.217732,0.013102,-0.492544,-0.21788,-0.658055,-1.67856,-0.666954,1.55111,-0.442751,-0.81996,2.04918,0.354986,-0.46405,2.24173,1.14372,-1.23507,0.616825,1.23275,-0.315049,-1.32711,-0.337175,-0.824537,-1.21839,0.112912,1.01095,-1.61012,-0.719253,-0.907698,0.032917,0.200679,1.27497,-0.45807,-1.26989,1.51556,-1.0763,0.609841,0.312452,-0.714726,-1.35753,-0.335486,1.79053,-0.460821,1.30967,-0.211567,0.656471,-0.47925,-0.501954,0.473545,-1.23651,-0.098887,1.17496,-1.58224,0.2089,-2.02874,0.208476,-1.66405,-0.584952,-0.826499,-0.545404,0.778136,-0.279717,1.53349,-1.75407,-1.01059,0.146375,-1.29548,-1.38327,-1.05392,-1.57462,-1.75867,-0.527249,-1.1273,0.2725,1.43018,-0.16128,1.10059,0.50716,-0.797835,0.452976
F,-1.6452,-0.091932,0.071696,0.165164,-1.21756,1.7433,1.69367,0.895546,-0.864422,1.03072,-0.697529,1.11589,-0.071088,2.05264,-1.56245,-0.537113,-0.657416,-0.704497,-0.883171,1.05552,-1.1398,-1.02148,1.89099,-0.483852,0.535583,0.591026,-0.486793,-0.36261,0.445339,-1.3478,-1.23928,1.97092,-0.305936,0.855506,0.038373,0.657712,0.070869,0.514801,0.704222,-0.97314,-0.874957,2.12678,-0.4659,-0.255232,0.795849,1.03994,0.128816,-1.52053,-0.418818,1.58568,0.089111,0.349295,-0.232132,1.48634,0.76266,-0.684526,0.302799,0.904837,0.328564,-0.083377,0.134632,-0.394356,-1.55059,0.899248,1.82572,0.80505,0.809737,-1.13372,1.81936,-0.233597,2.13838,0.812594,0.99667,1.67641,-1.04048,-0.028394,-0.248112,0.363181,-0.754355,-0.654783,1.17361,1.99844,-1.48853,1.18747,-1.57363,-0.602761,1.82428,-0.257332,0.225059,1.92915,0.138062,1.63072,-1.90549,-0.506791,0.703657,1.13241,-2.17767,0.619655,-2.45666,-0.611124
T,1.39393,1.33909,0.760898,1.32172,0.547207,-1.00121,0.650447,-1.51859,2.27016,0.170659,0.783044,-0.027105,1.9461,-0.170718,1.66941,-1.31076,-3.14746,1.24441,1.44215,0.462179,1.33284,1.49866,0.251978,-1.3491,-0.604295,0.965921,1.11845,-0.442482,-0.568612,2.25107,1.2736,-0.000896,-1.26716,-0.797977,-0.454289,-0.619092,-0.103491,-1.26999,-1.39257,1.59878,1.42795,-0.473667,1.55867,0.755088,-1.53227,-1.02402,-0.989269,1.52323,1.63522,-1.15065,1.03808,0.643216,0.795259,-0.507009,-0.210039,1.45686,-2.02362,-1.17376,0.736085,1.39053,0.160421,-1.94768,1.11097,0.197795,0.119009,-0.125192,-2.27987,1.32769,-0.179327,0.454688,0.261775,-1.45378,1.24696,-0.106177,1.39719,-2.02566,1.31814,-1.02495,-0.298462,1.57446,0.718626,-0.569649,0.894989,0.810763,1.64351,2.16207,-0.400374,1.05702,-0.79478,-0.103969,-1.60244,-0.429045,0.837359,1.3702,-1.19876,1.0974,0.562551,0.652031,-0.991328,1.27741
F,-0.347112,-2.1303,-0.142293,0.200959,-0.738518,0.29072,-0.274835,1.64226,-1.49576,1.05879,-0.105441,0.923815,-1.1797,1.13525,0.126097,0.45533,0.30661,0.210066,-2.55995,0.295191,0.233164,-0.388182,1.21453,0.70358,1.4816,0.486709,-0.358772,0.45298,0.7774,-0.338699,0.230413,1.00672,-0.227752,0.650819,-1.11659,1.38735,0.519531,0.853057,0.179755,-0.620758,-0.399723,0.913589,-1.14452,-0.763854,1.20855,1.01897,1.12588,0.858385,-0.735687,0.68662,-0.929443,1.30032,-1.03012,0.975005,1.07662,-0.181265,1.07961,0.855885,-0.561651,0.195125,1.69153,0.682272,0.703201,0.715786,1.27244,1.04211,1.83545,0.440002,1.06762,-0.562783,1.2253,1.65139,-0.496489,1.04008,0.222363,1.53509,0.312493,1.46999,-0.524605,0.265437,0.30732,1.30015,-0.802757,-0.714872,-0.318339,-0.348774,-0.087163,-1.05934,-0.373893,1.76685,1.35167,0.165594,-0.480541,-2.37373,0.565471,-0.140943,0.256697,1.33928,-0.280509,-0.784224
F,-0.970712,-0.800751,-0.232203,-0.612437,-0.977785,-0.094371,-0.202959,0.415664,-0.502851,0.923272,0.879838,1.13651,-0.741256,0.46251,0.634039,0.445117,-0.12565,-0.213669,-0.136435,-1.87628,0.214874,0.17575,0.092202,0.139536,-0.533156,0.329053,-0.843908,-0.803127,1.22597,-1.09306,0.703335,-0.763041,1.60519,-0.073551,0.65926,1.27999,-0.655601,1.44772,0.611538,-0.772532,-0.330386,0.724692,-0.672152,-0.353333,-0.096176,0.09829,0.01232,-0.881782,-0.814496,0.104618,-0.906909,-0.675729,-1.14165,0.375124,1.7199,-0.827088,-0.613963,1.36932,-0.279211,1.32057,1.59668,0.353442,0.929029,-0.765317,-0.242796,1.18234,-0.311814,-0.176926,0.88047,-0.33635,-0.0497,-1.19587,-0.661334,-0.430616,-0.305673,0.609275,-0.546596,-0.315486,-0.612372,-1.10662,1.48581,-1.14789,-1.49662,-0.466004,0.996639,-0.630637,0.825535,-1.05709,0.510535,1.37691,0.052214,0.266657,0.049878,-0.54445,-0.532124,-0.614012,0.272556,1.31984,-0.85954,-0.183221
T,1.48753,0.109645,1.31337,1.15909,0.366829,-1.55922,-0.121483,-1.35399,1.27914,-1.42853,0.285083,-1.27672,-0.284576,-1.19041,0.874733,-0.509381,0.102007,0.776609,1.47391,-0.272143,0.167054,0.418571,-0.035654,-1.18014,-0.518534,-0.767029,0.93777,0.585028,-0.661078,-0.019956,0.959506,-0.394062,-0.606504,-1.42137,-0.990472,-1.10693,-0.379217,-1.27185,-1.95732,1.10535,0.864822,-1.31039,0.939563,1.85198,-0.691176,-0.069964,-1.01138,0.088559,0.941415,-0.457184,0.769273,-1.38249,0.718339,-0.359562,-0.475565,1.96042,-1.91083,-1.38174,1.2672,1.07362,-1.02865,-0.308575,0.849766,-0.066395,-0.657181,-1.25942,-0.594434,0.649451,0.264961,-0.634877,-0.471072,-1.62025,1.26243,-1.6868,0.981231,-0.147199,0.759823,-1.96287,-0.623773,0.611988,0.455365,-1.03789,0.01082,0.526505,0.912722,0.445015,-0.475552,0.111859,0.030316,0.022163,0.002587,-0.830453,1.36698,0.237255,-0.866741,1.77593,0.613766,-1.2483,2.44045,1.28024
T,0.923745,0.953207,1.04868,0.805346,1.62195,-1.29321,0.319593,-0.171267,0.917024,-0.96937,1.47743,-0.545076,1.61679,-0.344454,1.41252,0.481187,-0.833835,1.57688,-2.6776,1.28126,1.02754,1.32519,-2.749,0.488116,0.644845,0.986708,0.600446,1.83454,-0.360799,-0.226382,1.07083,0.091357,-0.572482,-0.644261,-0.066859,-0.300375,1.21409,-0.27106,-0.08386,1.15657,1.59623,-0.89816,0.089644,0.830277,0.578293,0.338988,0.578873,0.953024,0.317687,-0.420457,0.241954,-0.689443,0.604113,-0.245417,-0.083169,0.865956,-0.781291,-1.10294,1.39753,0.135391,-0.569937,-0.020831,0.735806,-0.243397,-0.654881,-1.1102,-0.37065,1.86291,-0.633254,-0.347513,-1.20206,0.492515,1.42238,-1.91632,2.15037,0.589332,1.98532,-0.113181,-0.401642,1.21153,-0.735115,-0.407826,0.455301,-0.791186,1.16952,1.69063,-2.30122,-0.078475,-0.794127,0.034116,0.821637,-0.6133,2.08443,-0.631469,-0.663654,-1.78108,0.212994,-0.141937,0.827772,0.871098
F,-0.600602,-0.853935,0.08924,0.447727,-1.03132,1.52745,2.3266,1.41426,-0.399639,0.126167,-1.77506,0.248389,0.38354,-0.119256,-0.540821,0.073959,1.81136,0.550988,0.098178,0.727984,0.000707,-0.664787,-0.122918,2.03475,2.3757,-0.71635,-0.554353,0.676643,0.495191,-0.954304,-1.32622,1.34426,-0.192416,0.511566,-1.5924,-0.228593,0.188323,-1.12494,0.038383,-0.59211,-0.519955,1.94624,-0.850672,-1.00154,1.75055,2.07533,1.525,-0.55613,-0.507966,1.53426,0.525809,0.659446,0.029164,1.48725,-0.154393,-0.144669,0.370877,0.080533,0.476811,-1.35102,0.434316,1.47335,-1.18721,1.0297,0.492176,-0.017464,1.20802,-0.082354,1.19396,-0.025592,0.243401,1.10593,0.666836,0.917764,-0.155531,1.96104,0.561282,0.973712,-0.164479,0.295547,0.263243,1.34504,-1.33644,-0.899562,-1.24886,-0.639759,0.477582,-0.013049,0.76613,1.11016,1.27729,0.542807,-0.189243,-0.472282,1.68202,-0.966853,-2.27837,0.366879,-0.16392,0.282819
F,-0.09786,-0.01211,0.026216,-0.204137,0.43863,-0.834091,-0.216494,-0.868588,0.357574,-0.764693,0.301769,-0.058028,0.824277,-2.02135,0.858329,-0.703259,-0.691518,-0.221598,0.708546,1.18252,0.622387,0.937619,-1.89395,-0.071346,0.413666,-1.05659,0.199548,0.581065,-0.398219,0.607102,0.942603,0.30302,-0.404407,-1.28104,-0.120767,-0.191518,0.504002,-0.460395,-0.410269,1.08682,0.599858,-0.379806,0.611852,1.02377,-0.161582,-0.389818,-0.87156,1.45485,0.551036,-0.864145,-0.660333,0.09317,0.180784,-0.438834,-0.159815,0.241862,-0.405176,-0.288297,0.854521,0.505141,0.066142,-0.914479,0.884921,0.340505,-0.667192,-0.744516,-0.441982,1.10551,-1.04332,-1.35402,-0.649301,-0.428121,-0.345112,-0.014148,0.24657,-0.286158,0.288476,-0.365907,-1.83766,1.24167,0.612549,-0.631285,0.747922,0.641805,0.654532,1.58114,-1.12138,2.00366,-1.26787,-0.711423,0.753514,-0.984861,0.649178,-0.232545,-0.700927,-0.246543,0.509335,-0.420188,0.433051,1.3333
F,-0.61041,-0.898644,0.660668,0.522716,-0.636079,0.708197,1.17326,0.86473,-1.04314,-0.411855,-0.935249,0.546118,-0.122161,0.776607,-0.741258,0.795994,1.35101,0.087161,-2.07822,-0.016696,-2.46461,-1.46176,1.03858,1.28405,1.627,-0.979538,-0.42201,0.448561,0.567523,-1.02261,-1.39504,0.509636,0.927079,0.524236,0.130707,0.091124,0.662306,0.051413,0.302627,-0.50069,-0.555301,1.195,-1.16856,-0.127546,1.33184,1.25758,1.61456,-1.30799,-0.844443,1.47687,0.414625,0.007494,-0.255341,1.39385,-0.498009,-0.158181,-0.07956,0.267972,0.389184,-1.58439,-0.243685,0.66,-0.621773,0.703409,0.134728,-0.583991,2.09793,-0.648994,1.29364,-0.603538,1.51035,0.348156,0.757074,-0.097788,0.037054,2.00828,-0.042274,0.450137,-1.38618,-0.97647,-0.235444,0.887237,-1.25023,0.393743,-1.38494,-0.228135,0.651767,-0.135253,1.83225,1.69392,1.1787,0.788221,-0.265381,-1.90654,1.21952,-0.246657,-1.04912,0.01953,-0.321327,-0.832502
F,-1.84239,-1.31511,-0.261051,0.568904,-1.81962,-0.166675,2.4155,-0.586901,-1.50261,0.930289,-1.03706,0.497749,0.196685,0.448353,0.03238,-0.632449,-0.171361,-0.218954,-1.37138,0.503973,-0.591747,-1.42388,0.720509,0.20662,0.489429,-1.149,-1.16559,-0.726319,1.10529,-0.038188,-1.83364,1.2812,1.01921,0.581099,-2.10689,-0.702625,0.421119,-0.267589,0.947452,-0.473529,-0.812223,1.63027,-0.69526,-0.107511,0.504626,1.07015,-0.217414,-0.443294,-0.887238,1.57361,0.850186,0.957234,0.564342,0.922916,0.261406,-0.654091,-1.11742,0.312696,0.297285,0.48375,-0.050218,-0.365986,-1.64543,1.15501,1.2871,0.503984,0.853536,-1.16982,0.811741,0.449538,0.130897,-0.548965,0.647336,0.733244,-0.59695,1.43162,-0.345331,-0.904612,0.348583,-1.47666,0.339398,0.896233,-0.087647,0.396124,-1.51314,-0.563425,0.364233,0.01792,1.96217,0.717796,0.628635,1.73723,-1.66015,0.317211,-0.375427,0.4643,-1.02703,0.440481,-1.3346,-0.466701
T,1.19715,-0.406948,0.731312,-0.038347,-0.045496,-1.34472,-1.61786,-1.04714,0.984154,-1.04887,1.20801,-0.20562,2.11149,-0.32067,1.13283,-0.092283,-1.39014,1.14892,0.77404,1.775,1.22721,0.939908,-2.02707,-0.890666,-1.07258,-0.480751,0.822526,1.38026,0.3805,1.77205,1.01058,0.176843,-1.06132,-1.21863,0.083971,-0.246246,0.471148,0.234963,0.299841,2.03197,0.722843,-0.702439,-0.437148,1.01622,-1.18722,-0.14626,-1.13856,0.558756,-0.287848,-1.44487,-0.613564,-0.623356,-0.692562,-1.37861,0.41374,0.542136,-2.27738,-0.221209,1.09395,0.945694,-1.63679,-1.86273,0.9527,0.837929,-3.11988,-0.344541,-0.716761,1.67218,-2.00506,-0.837044,-0.97252,-1.13537,1.24914,-0.845494,1.18468,-1.07301,0.760826,-1.7041,-0.731366,1.71361,0.231564,-1.71436,1.62667,-0.840531,1.00469,1.74981,-1.47833,0.039026,-0.837859,-1.0352,-0.527837,-2.20419,1.5614,1.05042,-0.82832,-1.70453,-0.974937,0.478703,-0.622615,1.55022
F,0.70518,0.135997,0.061964,0.646064,1.02057,-0.721404,-0.708121,-0.390316,0.464721,-0.380491,0.768901,-0.620577,1.52619,-1.17226,1.38981,-0.2008,-0.864663,0.630879,-0.858531,0.971036,1.06052,0.928112,-0.577775,-0.489039,0.134077,-1.44465,0.970187,0.961318,-0.547843,1.53156,1.13416,0.196255,-0.267776,-1.74383,-1.74229,-0.446536,1.72111,-1.75269,-1.3034,1.76835,1.05895,-0.050225,1.01145,0.288176,0.336698,0.439056,0.555928,1.47842,1.12261,-0.959614,-1.80606,-0.113752,-0.122725,-1.12531,-0.080584,0.822366,-0.735744,-1.77707,0.289805,0.886422,-0.282249,-0.279087,0.849325,0.375611,-2.01115,-1.14526,-0.064103,1.39229,-0.718323,-0.874898,-0.052539,-0.233115,0.040161,-0.420072,0.832899,-0.366437,1.13389,-0.257181,-0.896886,1.24374,0.30851,-1.84637,0.662599,-0.011834,1.45427,1.51084,-1.77095,-0.295846,-1.0899,-1.41616,0.934034,-0.500364,2.04592,0.97576,0.37634,-0.024134,-0.916218,0.155819,1.34438,1.57816
T,-0.193367,0.939973,1.06366,1.35133,1.77076,0.216881,0.194183,-0.742501,1.91059,-0.298695,1.58199,-0.390914,0.464037,0.454598,1.43652,-0.267506,-2.62615,1.55542,-0.444319,0.631416,1.38192,1.66433,-0.648038,-1.46684,-0.656155,1.82028,0.220449,0.105941,-1.65702,1.60826,1.38999,-0.178592,-0.275533,-0.327921,0.166357,-1.34366,0.215049,-1.46484,-1.53934,1.15771,1.57605,-0.405359,1.5735,1.60952,-0.401372,-0.643754,0.201086,1.18121,1.56643,-0.448451,1.09927,-0.578289,1.80909,0.707357,-1.06636,0.502012,-0.382357,-1.43879,2.17955,0.476958,0.469301,-0.74583,1.15948,-0.292081,-0.695947,-0.776107,-0.804543,1.51957,-2.19259,0.698383,0.514761,-0.399581,0.523334,-0.364866,2.32443,-0.796006,1.95587,0.096228,1.01316,1.27054,0.676651,0.431363,0.409068,-0.668647,1.01514,1.69996,-1.3091,1.48758,0.081517,-0.019932,0.502673,-0.266941,1.61158,0.85217,-0.723693,-0.784707,0.379628,-1.02329,0.26454,0.639998
T,-0.137593,-1.27574,-0.015205,1.30475,0.0915,-0.355162,0.006701,0.408603,-0.340433,0.475153,-3.12738,0.619135,0.978003,-0.10376,-0.814681,-1.01364,0.910097,-0.761014,-0.057823,-0.272737,-0.258331,-1.23214,-1.01455,0.231837,0.732214,-0.371271,-0.601971,-1.41948,0.55689,-0.740748,-0.376758,0.123419,0.979085,0.247767,-0.080278,0.545571,1.03056,-1.13412,-1.18653,0.256466,0.030126,1.00526,-1.1418,-0.182079,0.473416,-0.232491,1.57132,0.004581,-1.29431,-0.076921,-0.626549,0.96134,0.71678,0.120442,0.097249,1.45896,0.532079,0.067244,-0.261403,-0.055741,0.60478,0.457734,-0.336353,0.647082,-1.90773,0.600784,-0.972744,-0.998734,0.099636,0.224512,0.878617,0.422194,0.131005,0.420979,-0.570807,-0.322785,-0.364483,0.681144,1.45637,0.32156,0.86265,-0.015027,0.296165,-1.09626,-0.865263,-0.070253,-1.02187,-0.528322,-0.407764,0.000836,0.668145,-0.296465,-0.399479,1.17965,-1.14163,-0.437336,-0.364626,0.138595,0.468076,-0.908996
F,-0.761555,-0.477421,0.954973,0.786019,-0.605867,-0.033978,1.47715,1.10302,-0.495257,0.713768,-0.997469,0.26629,-0.022909,1.29574,-0.338188,-0.250212,0.961406,-0.079187,-1.13178,-1.19106,-0.599245,-2.399,1.63779,1.04911,-0.326022,0.797805,0.701599,-0.819217,0.365443,-1.14013,-0.67429,-0.173557,0.575527,0.92831,-0.72271,0.644523,-0.201169,-0.582631,-0.988952,-0.714096,-0.157616,1.05983,-0.70697,0.191892,1.01703,0.588605,1.19998,-0.74945,-0.528896,0.302623,0.05765,-0.792883,0.583236,1.22232,0.374904,0.817462,-0.257762,0.540014,-0.272462,0.488611,0.704381,1.31918,-0.803379,0.393822,0.692848,0.218315,0.754257,-1.66023,0.919813,1.06176,1.34342,-0.741707,0.755582,0.162093,-0.005134,0.097943,0.429437,0.577868,1.11915,-0.987474,-0.020351,2.35868,-1.13256,-0.080707,-1.17179,-0.429681,0.92704,-0.318756,2.40108,1.1996,1.01717,1.53212,-0.489471,-0.838287,0.059906,0.880615,-0.22475,0.480417,-0.885746,-0.805755
F,-0.552491,-0.504203,0.156209,0.455232,-0.502564,0.814943,0.083999,0.61061,0.468867,1.04707,0.295722,1.00531,0.789164,0.299417,0.002858,-0.368524,0.202929,-0.101047,-0.156881,-2.25633,0.308916,-0.911255,0.988891,-0.38617,-0.31908,0.556677,0.07843,-0.397775,0.27357,-1.16679,0.123163,-0.853129,1.67021,0.005421,1.1445,0.629881,0.881228,0.413292,0.163159,-0.418085,-0.089325,0.551896,-0.373917,-0.478148,0.032364,-0.295696,0.034776,-1.67309,-0.417712,-0.301566,-0.385359,-0.297975,-0.228985,-0.329167,-0.518774,0.547735,0.25918,0.927626,-0.200346,0.935685,1.06951,-0.861402,0.156256,0.2956,0.087256,1.19243,-0.175947,-1.1708,0.963417,-0.408843,0.501501,-0.643906,0.155658,-0.250021,-0.210578,0.257959,0.424577,0.577784,-0.013529,-0.879937,0.982708,0.105058,-0.324834,-0.167644,-0.142185,0.421396,0.079012,-0.232668,0.549301,0.31601,0.865719,1.45995,0.187946,0.66925,-0.766626,1.32291,-0.185321,-1.23827,-1.03276,0.364502
T,0.114126,0.888538,1.39249,1.43728,0.448844,-0.52204,0.120995,-1.8871,1.11417,-0.441505,1.90586,0.281015,1.14845,-0.953051,1.68828,-3.62083,-1.53275,1.24241,0.197501,-0.137294,1.44905,1.36077,-0.660027,-1.8568,-0.81938,0.75145,1.40136,0.018724,0.560978,0.032779,1.45893,-1.41296,-0.275803,-1.08873,0.579888,0.36362,1.83556,0.483122,0.41663,0.74671,1.40224,-0.116214,1.64685,1.50242,-1.33144,-1.00558,-0.912991,0.193194,1.6256,-0.643549,0.956393,-2.58327,0.738885,-0.121524,0.496791,1.74813,-1.93877,0.441401,0.96601,1.2083,-0.005296,-2.12059,1.5845,-0.872471,0.083086,0.005842,-1.56282,0.730165,-0.353998,-0.286795,-0.246135,-2.51757,1.43506,-1.68278,1.67077,-1.97979,1.49616,-2.26401,0.17998,0.530078,0.476657,-0.228855,0.294528,1.13443,1.66272,1.43235,-0.862375,1.37813,-0.443006,0.259226,-1.85249,-0.363254,0.739728,0.648943,-1.66518,1.05758,1.60142,0.683554,0.022018,1.33585
T,-0.164317,-1.92326,-0.769534,0.247832,-0.937252,1.27111,0.191606,-0.107927,-0.323548,0.62522,0.396271,0.267743,-1.7595,0.614929,0.406752,0.84513,0.635234,1.01067,0.688728,-0.824588,-0.960616,-0.373469,-0.873236,-0.600791,-1.40514,-0.447896,-0.238865,0.055869,-1.36746,-0.553943,0.017554,0.831818,1.95333,-0.126315,-0.762292,0.349494,0.390715,-0.097029,-1.60157,-0.444261,-1.13505,0.642414,-1.92121,-0.643422,0.871804,1.35201,0.942592,-0.304799,-2.04057,0.648747,-0.267527,0.559973,-0.265372,0.904347,-0.207398,-0.516387,-0.649927,0.329879,0.223931,-1.96599,0.450578,0.0972,0.523379,0.663097,-2.56663,-0.171441,1.05895,-0.199011,0.749852,-0.603794,0.059118,-1.08615,0.294799,0.596719,0.382629,-0.222839,0.34833,-0.876724,-0.75934,0.637037,-0.614208,-0.93042,0.579778,-2.31176,0.030306,0.1792,-1.58857,-0.290348,0.348898,-0.287005,-0.122379,0.128809,0.943045,0.33202,0.403589,-2.07184,-0.784522,-1.82739,-0.028068,-1.49247
F,0.749598,0.965813,1.12447,0.803454,0.314639,0.531178,0.782236,-0.480854,1.70824,-0.437891,0.662972,-0.773742,0.828841,0.148174,1.29745,-0.830668,-1.22032,1.56852,0.492727,0.161236,0.381394,1.05664,0.010416,-0.988739,0.065974,0.39837,1.69637,0.79872,-1.02681,1.15768,0.862522,0.381764,-0.815263,-0.564737,-2.06381,-0.913803,0.183629,-0.955644,-0.10606,1.3945,1.54202,-1.02072,1.64203,1.87791,-0.543957,-0.936839,0.22014,0.993333,1.71319,-0.123349,0.022584,0.067463,0.424151,0.150314,-0.907713,1.97312,-1.58605,-0.908871,1.59994,0.828355,-0.67175,-0.456768,1.09065,0.422577,0.532516,-1.0747,-0.783895,1.42427,0.11128,-0.114956,-0.937547,-1.9242,1.44626,-0.550794,1.98581,-1.44014,2.13193,-1.74922,-0.330559,1.37309,0.903221,-0.837262,0.321343,0.684843,1.05512,2.09997,-0.245774,-0.138635,-0.517496,0.48822,-0.34919,0.497374,1.54416,-1.20644,-2.40473,0.947353,-0.625464,-1.08493,0.261971,0.698464
F,-0.75391,-0.842043,-0.324529,0.363797,-0.213315,-0.025612,0.394476,-0.726459,0.595536,1.30668,-0.141406,0.490584,-0.70359,0.017456,0.737576,0.536841,-0.927403,1.96535,0.238352,-1.24225,1.21141,0.456182,0.070715,-1.83453,-0.94752,0.827996,0.208673,-1.46301,-0.791017,-0.342415,1.0093,-0.272236,0.862479,-0.010266,2.39637,0.350251,0.273322,0.745061,0.626871,-0.607764,-0.086391,-0.943339,-0.178922,1.82474,-1.0888,-0.173579,-0.072653,-1.08463,-0.132138,-0.755456,0.331626,-0.147266,0.068517,-0.136819,0.045277,-0.104583,-1.41911,-0.087185,0.779749,0.411239,0.631968,-3.08003,1.33418,-0.787043,-0.485719,1.08773,-1.38064,0.850578,-0.154311,1.37385,0.804895,-0.838105,-1.57835,-0.922999,0.643845,-0.49958,1.06045,-1.27013,1.2568,-0.009444,-0.215928,-0.214999,1.46996,-1.04198,0.832118,1.12652,-1.05221,0.043935,0.257366,-0.686942,-0.694812,-1.16696,1.56777,-0.485098,-1.51768,-0.489119,0.627216,0.091374,-0.770966,-2.17146
F,0.001145,-1.30552,-1.39987,-0.531232,-0.567127,0.221683,-0.308762,0.19067,-0.005179,1.61455,1.06678,1.24074,-0.368346,0.297445,0.611445,0.876724,0.998497,-0.047245,-0.778654,-1.73485,-0.992924,-0.306563,0.204608,0.888166,-0.649409,0.099333,-0.440247,0.232765,1.16353,-1.07017,0.222197,0.451078,1.19437,2.00807,0.155879,1.6133,-0.304875,0.997693,0.80114,-1.72704,-0.818061,0.660821,-0.955906,-1.28726,0.229054,0.791165,1.23887,-1.18175,-1.06668,0.468686,-1.27238,0.527518,-1.26969,0.444171,1.15837,-1.24047,-0.067808,1.50549,-0.727694,0.780399,1.45205,0.625456,0.494196,0.13813,0.156223,1.83364,0.678259,-0.949481,0.442739,-0.72804,0.233329,-0.2058,-0.817355,0.002592,-1.26724,-0.332972,-1.2871,0.615315,-0.67057,-0.730315,1.76376,0.832371,-2.13459,-1.32436,-0.395757,-1.22863,-0.646824,-0.760907,-0.387768,0.468526,0.883752,0.370023,0.04909,0.785187,1.19086,-0.979989,0.370923,1.49078,0.266175,-0.363172
F,-0.507101,-0.830158,-0.229063,0.357328,-0.556259,-0.208402,1.03369,0.844114,-2.46453,-0.09364,0.500274,0.553416,-0.552425,0.653618,-0.120651,0.867055,1.04945,0.358097,-0.855378,0.488642,-1.52382,-0.926462,0.82643,1.23961,0.432861,0.197206,0.59326,-0.257715,0.084615,-0.433639,-0.402219,0.781351,0.164785,0.793294,0.50713,1.06716,-0.664829,0.346432,-2.13144,-0.132253,0.099149,1.61722,-0.607802,-0.527613,0.170061,-0.263861,1.79962,-0.223661,-0.46786,1.57332,-1.0526,0.652602,0.709369,1.351,-0.288962,-0.084061,0.510894,1.15817,-0.677163,-0.314001,0.797165,0.176108,-0.293763,0.515543,0.53196,1.09466,-0.824069,-0.232768,0.798958,0.409438,0.705765,1.40129,-0.503158,1.0739,0.257595,0.42427,-0.095912,0.11153,0.107509,0.073097,-0.98367,2.00221,-1.85637,0.329902,-0.496679,0.205797,1.53024,-0.338141,1.19968,1.45591,1.02348,1.59634,-0.273391,-1.04821,-1.80852,0.509418,0.336599,0.676597,-0.579911,-0.838708
T,2.21181,0.056917,-0.118578,0.093008,0.347547,-0.340699,-1.12982,-0.626193,1.92063,0.305967,1.18144,-0.134233,1.85641,-1.08435,1.25762,0.220014,-0.285166,0.596158,1.90862,1.32334,0.772198,1.08279,-0.871819,0.008804,-0.256985,-0.473337,0.609682,1.58299,-0.395562,1.27876,1.08971,0.592553,0.349985,-1.96795,-0.130317,0.094042,1.17014,-0.124021,-1.72318,1.5602,0.914962,0.200252,0.235323,0.238121,0.276536,-0.145908,0.166664,1.7953,0.122093,-1.04297,-1.32311,0.276239,-0.940869,-1.09616,-0.080407,-1.06122,-1.94965,0.323377,0.71248,1.51993,-0.016356,-0.802377,1.18592,0.571992,-2.00556,-0.492871,0.175508,1.51423,-0.93106,-0.277784,-2.13676,-1.10611,0.619412,0.021927,0.955241,-0.60904,0.895494,-1.03454,-0.185338,1.52578,0.128351,-2.21317,1.30431,-0.281177,0.934237,2.03322,-1.83858,-0.853819,-0.950883,-0.959178,0.850632,-0.464656,1.41176,-0.113616,-0.691796,-1.68214,0.59092,-0.472781,1.23369,0.653742
F,-0.212275,-1.61317,-1.33116,0.258445,-1.28944,1.20989,0.473929,1.41968,-0.558186,0.761279,-2.18534,1.01023,0.514603,0.467367,-0.690955,1.18779,1.72346,0.225655,-0.447433,-1.22742,0.194127,-1.09074,-0.220162,1.56298,0.953717,-2.61767,-0.53026,-0.174225,0.538977,-0.565687,-0.407202,1.39312,0.575565,0.064128,-1.70214,0.437606,0.122252,0.689116,-1.58798,-0.455051,-0.788498,1.25295,-1.05757,-0.69845,2.13642,0.931548,1.31726,-1.3592,-0.929471,0.997405,-2.93731,0.186983,-0.687875,1.12698,0.815643,-0.112479,0.555711,0.59076,-0.227502,-0.341651,0.673962,1.40269,-0.218902,-0.346398,0.531943,0.919006,0.991063,-0.403048,0.488824,-1.51667,1.55656,-0.102118,-0.480982,0.081743,-0.894954,0.492326,-0.26234,0.248775,-0.344596,-1.15589,-0.236027,0.59089,0.20884,-1.00678,-0.431701,-0.514673,0.134535,-1.03283,0.274675,0.976269,1.82948,-1.04365,0.004944,-1.1913,0.392706,0.006354,-0.440908,1.21852,-0.051557,-0.548067
T,0.365677,0.492348,0.696933,0.712104,0.694332,1.08054,0.545995,-0.100459,1.14638,-0.12444,1.06067,-0.445138,0.808096,0.017027,1.04098,0.488277,-1.07563,1.845,-0.283721,0.099543,0.960311,1.17024,-0.173695,-0.042334,-1.27361,1.35209,1.10655,0.824397,-1.13837,0.50974,1.02898,-0.403549,-1.17057,-0.3697,-0.444908,-0.952276,0.665222,-1.16304,-2.28213,1.0154,1.33129,-0.756619,1.00439,2.20528,0.371728,-0.184887,0.30358,0.861721,0.88419,-0.656707,0.44843,-0.504249,0.330424,0.412234,-0.602459,0.067367,-0.487861,-0.608694,1.92392,0.841757,-0.258834,-1.3309,1.20301,-0.852813,0.59087,-0.536842,-0.249206,1.22737,-1.19414,0.259663,-0.134394,-0.288903,0.657628,-0.992187,1.66272,-0.464599,1.49824,-0.135812,0.452806,1.03969,0.065995,0.850376,1.13537,0.720433,0.970625,1.68511,0.358765,0.893747,-0.676656,0.067279,0.637228,-0.989998,1.31048,-0.378074,-0.393797,0.489603,-0.291421,-0.974554,0.395942,0.148976
