class,Attr1868,Attr7089,Attr7113,Attr7119,Attr3454,Attr4141,Attr3252,Attr7085,Attr7092,Attr7067,Attr7040,Attr2402,Attr6219,Attr4279,Attr7059,Attr7046,Attr7051,Attr7095,Attr7055,Attr7030,Attr7036,Attr7037,Attr7053,Attr7060,Attr7038,Attr7042,Attr7048,Attr7021,Attr7101,Attr7102,Attr7114,Attr7116,Attr7073,Attr7127,Attr7129,Attr7106,Attr7066,Attr7068,Attr7072,Attr7074,Attr7082,Attr7084,Attr7005,Attr7023,Attr7024,Attr7020,Attr4847,Attr7047,Attr7058,Attr7124
F,-0.365618,-0.1925,0.356807,1.08633,1.34647,-0.841912,-0.724608,-0.777168,-0.742505,0.019966,-0.620174,-0.423939,-0.374589,-0.237851,0.722786,-0.029428,-0.253977,0.286777,1.13651,-0.390339,0.676428,0.626626,-1.0922,-0.852351,-0.50149,1.07921,0.05713,0.459736,1.04266,0.522007,-0.921719,0.215342,-0.038314,-0.596842,-0.959575,-1.6741,-0.179304,-0.743946,0.665237,-0.291972,-0.314562,0.14078,-0.808558,0.940388,-0.33422,-0.747324,-0.661837,-1.10344,-1.22771,-0.913618
F,-0.354143,-0.69064,-0.840763,-0.593272,-1.54957,-0.429567,-0.589524,-0.384574,-0.880402,-1.05788,-0.854892,-0.50399,-0.381945,-0.331925,-1.44055,-0.269806,0.090848,0.132219,-0.071554,1.15879,0.751693,0.362045,-1.36894,-1.44209,-0.2429,-0.68107,-0.932354,-0.677489,0.534218,0.505844,-1.54913,-0.825954,0.21039,-0.865241,-0.543433,-1.7321,-0.291631,-0.760725,-0.767104,-0.953656,-0.680512,-0.61157,0.600617,0.446939,-1.07635,-0.839241,-0.667077,-0.781541,-0.818736,-0.536629
F,-0.342607,0.4944,1.01125,-0.407801,-1.38399,-0.79479,-0.640081,-0.823859,-0.759592,-1.05193,-1.26073,-0.354506,-0.363318,-0.283029,0.077688,-0.4469,-0.688019,0.420919,0.197341,-0.967904,-0.824843,-0.917849,1.25586,0.767393,0.720861,1.07826,0.793721,0.487456,-1.21223,-1.13896,2.37278,1.9767,-0.197926,-0.496304,-0.896774,-0.811351,-0.350933,-0.980363,-0.814623,-1.25371,-0.618705,-1.25618,-0.981269,-0.711606,-0.551252,-0.453557,-0.6691,-0.173748,0.404504,0.223522
F,-0.360961,-0.626777,0.703125,-0.260879,-1.60527,-0.566107,-0.58836,-0.173264,0.499888,0.127407,0.62211,-0.399844,-0.350562,-0.299314,-0.007082,1.12917,0.263924,-0.172626,0.056777,-0.51368,-0.131011,-0.057462,1.06734,1.51294,2.08829,2.35323,0.291724,-1.06487,-0.483893,0.109505,0.168868,0.043093,-0.038649,-0.970937,-0.846979,0.153158,-0.039163,-0.426309,-0.326844,-0.53092,-0.507448,0.190519,-0.951324,-0.053498,-1.01256,-0.125782,-0.383181,0.103582,0.367791,-1.03546
F,-0.352601,-1.41039,-1.33238,-0.576936,0.734582,-0.638305,-0.657389,-0.305565,-0.204271,-1.06044,-0.756728,-0.402617,-0.367609,-0.267746,-1.36146,0.349295,0.304847,-0.034633,-0.53273,-0.094095,-0.933251,-0.735085,-0.449097,-1.01995,-1.06953,-0.640519,-1.33798,0.500395,-0.665659,-0.20977,-0.91837,-1.18679,-0.273599,-1.03739,-0.870765,-0.726142,-0.096261,-0.605259,-0.689291,-0.642797,-0.775538,-0.522243,-0.583147,-0.145389,0.649092,0.263123,-0.420005,-0.923474,-1.2971,-0.837807
F,-0.341253,-0.916043,-0.363414,0.410213,-1.56832,-0.75221,-0.595599,0.658894,0.674997,1.75393,1.00299,-0.392244,-0.344828,-0.286208,0.807483,1.43603,1.04778,-0.440131,-0.926519,-1.52807,-0.808634,-0.915665,1.61144,0.8682,0.59849,1.51339,0.637173,-0.709752,-1.89059,-1.30431,2.35227,0.808089,-0.491698,1.17596,0.548086,0.872627,0.19839,0.568419,1.2314,0.451501,0.919179,0.347261,-0.915296,-0.568539,0.275256,0.566963,-0.626451,0.432528,1.79445,0.336817
F,-0.351329,0.385526,0.598859,-0.542422,-1.53583,-0.443663,-0.521803,-0.744315,0.9559,1.49368,0.813275,-0.408144,-0.349896,-0.299063,-0.894795,0.626282,0.54452,-0.447233,0.521407,-0.831379,-0.73331,-0.58561,0.973772,1.10324,1.33686,1.96588,0.808817,0.308861,-0.398259,-0.554761,1.15912,0.226141,-0.107142,0.413503,0.200454,-0.643581,-0.148079,-0.114042,0.016663,0.218684,-0.079734,-0.164992,-0.616937,-0.645927,0.370104,0.538618,-0.76256,0.287989,2.18067,0.520383
F,-0.353221,1.37154,1.64958,-0.490341,1.45104,-0.501616,-0.514842,-1.30472,0.056781,0.199027,1.12994,-0.322111,-0.408323,-0.329357,0.733142,0.097399,-3.11185,-1.35549,2.09208,0.2971,0.099205,-0.091901,-1.06185,1.63112,1.62281,3.04249,1.11727,-0.208661,1.20322,0.549915,0.155331,1.08665,-0.393825,1.1966,1.00879,0.661834,-0.289762,0.744437,-0.808177,0.082059,-0.152193,-0.613314,-0.118283,-0.047186,-0.763421,-2.03493,-0.922927,1.13458,0.066352,1.07093
F,-0.353709,-0.368904,-0.353136,0.960384,-0.290657,-0.757159,-0.731869,-0.851566,1.93656,-0.86584,-1.00561,-0.361603,-0.384019,-0.332846,-0.65153,-1.587,-0.331021,-1.15137,-0.739882,-0.778447,-0.413348,-0.631313,-0.351561,-0.864419,1.19129,-0.498897,0.164833,-0.271119,-1.03362,-0.905974,0.761543,0.709278,-0.367106,-0.394862,-1.58639,-2.05557,-0.366754,-1.89039,-1.00602,-1.53112,-1.42111,-1.22344,-0.522705,-0.585206,0.260255,-1.38591,-1.01329,-1.36737,-0.373859,-1.23339
F,-0.289179,0.355529,0.086463,-0.245852,-1.45407,-0.315198,-0.591766,1.32669,0.035097,-0.090108,0.321219,-0.538567,-0.258533,-0.259667,-0.513296,-0.070188,-0.11023,-0.296368,0.989637,-1.24162,-1.15148,-1.13911,1.17856,-0.03741,-0.351126,-0.792676,-0.219669,-0.049155,-1.27927,-1.44168,0.037193,-0.190553,-0.127041,0.213104,0.633507,-0.330544,-0.113575,0.989632,1.18624,0.240894,0.105187,0.135792,-0.836725,-0.690491,0.012802,-0.06546,-0.505337,-0.158054,-1.2099,0.829371
F,-0.349451,-0.31206,-0.775934,1.62603,0.073409,0.107863,-0.601857,-1.90057,0.882694,-0.833308,0.076571,-0.431634,-0.358455,-0.311921,-0.506237,-0.590286,-0.456037,-0.749631,-0.423302,-0.941976,-0.809433,-0.847414,0.025064,-0.643186,1.52737,-0.646899,0.39144,-0.803663,-1.28402,-1.22196,0.425927,-0.899315,-0.362668,-0.091336,-0.649496,-0.719053,-0.184978,-0.183733,0.111253,-0.191724,-0.787591,-0.023024,-0.917284,-0.625491,0.088154,-1.13718,-0.839667,-0.165511,-0.24871,-0.833872
F,-0.278911,-0.079553,-0.090435,-0.938268,-1.03393,-0.937938,-0.518583,1.44589,0.437808,0.56986,1.3988,-0.306158,-0.281537,-0.271361,0.425434,1.03423,0.663404,1.42402,0.234348,-0.335195,-0.197447,-0.400816,0.747536,0.327577,0.92558,0.334262,0.144063,0.395151,0.17627,0.327131,1.14682,-0.634645,0.140704,1.43694,0.588202,0.287136,0.085874,1.06756,1.09757,0.820583,0.398143,2.05818,-0.294765,-0.677801,0.702134,-0.493989,-0.493653,1.84235,0.337195,1.4834
F,-0.348022,-0.197128,-0.903858,0.560658,0.008385,-1.14026,-0.720782,-1.541,-1.3865,-0.620226,-1.45252,-0.541266,-0.323695,-0.33524,-0.804402,0.304504,-1.63203,0.235281,-0.626277,1.5453,1.34467,1.67226,-0.33459,-1.03877,-0.381412,-1.09917,-1.69214,0.101894,1.07685,1.43873,-1.25271,-0.665501,-0.190588,-0.978929,-0.779856,-1.05654,-0.161692,-0.676188,-0.167761,-0.449026,-0.955839,-0.973845,-0.684341,-0.563167,0.26088,-0.101982,-0.409749,-1.2328,-1.33257,-1.07998
F,-0.350486,-1.033,-0.925998,-0.358213,0.237161,0.086011,0.538875,0.095547,-0.184678,-0.054163,-0.648224,-0.416659,-0.365901,-0.31525,-0.434562,-0.093724,-0.477662,-0.876683,0.355447,0.907293,-0.099786,-0.188968,-1.04917,0.380948,0.191366,-1.02994,-0.154455,-0.348351,0.083992,0.596408,-0.578679,-0.367159,-0.416133,-0.665408,-0.447546,0.219494,-0.126177,-0.92464,-0.350189,-0.505834,0.002888,-0.733621,-0.942253,-0.449263,0.42601,0.010556,-0.617624,-0.836139,-0.388592,-0.189366
F,-0.357763,-0.461525,-1.89304,0.97745,0.415136,-0.954047,-0.757284,-1.16416,0.557073,-1.44127,-0.828856,-0.481846,-0.374898,-0.301394,-1.71378,0.850419,0.357898,-0.206072,0.587208,1.50584,1.88949,1.89559,-0.451773,-1.38242,-0.652433,-0.471837,-1.54535,-1.01291,0.877627,1.33404,-0.230623,0.248881,-0.360283,-1.05222,-0.998116,-0.344693,-0.190931,-0.968684,-0.494092,-1.33565,-1.09024,-0.568439,-0.680139,-0.672655,-0.163459,0.787905,-0.299676,-1.19911,-2.36651,-0.796475
F,-0.360182,-0.384268,-0.032189,1.87811,1.66399,-0.322741,-0.698955,0.38139,-0.547339,-0.046749,0.107502,-0.475932,-0.293697,-0.300302,0.011124,0.719879,-0.984231,0.309443,0.093551,-1.39548,-0.805462,-0.730443,0.694672,-0.862395,0.379734,-0.137701,-0.507532,-0.160382,-1.57667,-1.45047,-0.246251,-0.756871,-0.215003,-0.012637,-0.592977,0.186068,-0.098917,0.024848,0.090651,-0.5696,-0.823476,-0.302891,-0.800852,-0.825438,0.879273,1.42779,-0.300419,-0.537533,-0.141482,-0.785414
F,-0.342351,2.2085,1.80935,-0.304903,2.14855,-0.154167,2.91627,-1.27837,1.40385,-0.022218,-2.19032,-0.577168,-0.465835,-0.437351,0.578417,-2.82994,1.21625,0.061888,-0.0528,0.654788,-0.503419,-0.274062,1.2072,-0.711498,-0.127367,-0.537169,1.55653,-2.83253,-0.236529,0.434009,-1.59985,2.45079,0.817475,-1.22368,-2.18492,-1.64654,-0.50321,-0.920222,-1.21248,-0.553484,-1.22196,-1.96097,-0.823167,1.44613,-2.13166,-0.345554,-0.363784,-1.51109,-0.245689,-0.632723
F,-0.340132,-0.548653,0.170133,-0.663102,1.30208,-0.688005,-0.539429,0.648306,-0.773969,0.227473,-0.104717,-0.575827,-0.315479,-0.273205,-0.271649,0.302917,-0.786624,-0.737393,-0.181453,-0.166213,-0.110021,-0.341236,0.903919,-0.1242,-0.282888,-0.542327,-0.196816,0.838553,0.004813,-0.060219,-1.13238,0.721112,-0.265498,0.562144,0.574467,0.235532,-0.110736,0.241024,-0.033025,0.309592,-0.099234,0.227416,0.062658,3.38636,-0.031278,0.568611,-0.546299,0.480495,-0.911285,0.530245
F,-0.347869,0.117417,-0.53288,1.3423,-0.007329,-0.127817,-0.662931,-0.060525,-0.45466,0.12671,-0.441972,-0.543318,-0.294838,-0.285936,0.271725,0.849888,0.620498,-0.497914,-0.942495,-0.273061,-0.243898,-0.114655,-0.021609,0.012234,-1.00987,-0.529792,-0.862099,1.19348,-0.076618,-0.39519,-0.007576,-0.38623,-0.41388,-0.5782,0.322782,0.753046,-0.037385,0.364855,-1.29124,0.445472,-0.25207,0.147088,0.013036,-0.670168,0.501073,0.403648,-0.404501,0.16335,0.187986,0.431247
F,-0.377646,-0.21765,-1.24926,1.23351,0.334345,0.531303,-0.91946,-2.39823,-2.30523,-2.99713,-2.98588,-0.730848,-0.42258,-0.345123,-2.04904,0.084628,1.45765,-0.435799,-0.49965,0.428123,1.65676,1.89023,-2.10273,-3.25335,-0.949601,-1.10047,-2.69864,-2.34242,0.174855,0.046568,-2.27952,-1.04522,-0.291092,-2.95534,-2.75332,-1.44222,-0.303496,-2.65282,-2.45184,-1.63332,-2.12074,-1.71565,1.12515,-0.739396,-0.218238,1.7467,-0.509802,-3.12659,-2.48616,-3.06358
F,-0.337536,-0.187717,-0.97233,4.26376,0.265737,-1.11196,-0.571671,1.29426,-1.54117,0.663869,-0.050071,-0.488763,-0.287966,-0.278062,-0.207206,0.700921,-0.365252,-0.45368,-0.511466,-1.29025,-1.69472,-1.71203,0.32151,1.92615,-2.9583,-1.0209,-0.54193,0.645393,-0.265391,-2.22153,0.506674,-0.173707,-0.22207,0.543156,0.772492,0.971088,0.105904,0.105431,-0.157804,1.04162,0.552845,0.853425,-0.572597,1.83125,-0.101457,-0.055495,-0.738108,0.738973,-0.296661,1.35259
F,-0.334577,-1.26428,-0.252172,-0.866527,1.39562,-1.14138,-0.655169,0.343324,-0.554943,1.30752,0.624269,-0.422369,-0.312771,-0.293248,0.40102,1.62622,0.308354,-0.639541,1.24104,1.81253,-0.459231,-0.61697,-1.8877,0.339368,-1.23988,1.0379,-0.179361,0.745076,1.44819,1.46306,-0.373153,-0.579081,-0.329806,1.12546,0.850768,0.851216,-0.049491,0.511224,1.32806,-0.042056,0.813463,0.636414,-0.908122,-0.586519,0.016662,0.105115,-0.693239,0.574994,-0.392783,0.569457
F,-0.334156,0.844767,1.00232,0.846107,-1.07576,-0.824558,-0.525202,1.81393,1.1413,1.55866,1.52226,-0.338051,-0.314003,-0.204897,0.550211,0.940385,1.21933,-0.624254,1.02147,-1.70062,-1.32537,-1.4167,1.71658,1.7718,0.549497,1.44911,0.715569,1.07249,-2.22949,-1.8794,2.21088,0.043706,-0.278631,1.10161,1.73153,0.13969,0.124382,0.494393,0.654344,-0.429523,0.614344,1.87624,-0.908676,-0.586415,-0.532389,-0.519587,-0.83004,0.283662,1.30692,1.05535
F,-0.338319,-0.264531,-0.548748,0.793424,1.11365,0.300493,-0.696862,-1.13237,1.42775,-2.20909,-0.154466,-0.437027,-0.328575,-0.282258,0.578252,-0.076574,-0.609498,0.481802,1.10361,-1.0124,-0.702394,-0.885005,-0.398951,-0.624125,-0.14894,0.512698,-0.143586,-1.45345,-0.065742,-0.895251,0.092369,1.17546,0.318643,0.082559,-1.61708,-1.27116,-0.251112,-1.72098,-0.909873,-0.764765,-1.27467,-0.490898,-0.95561,-0.718132,-0.191467,1.45561,-0.714273,-1.25042,-1.40791,-0.40124
F,-0.349978,0.555903,-0.344208,-0.7994,0.988396,-0.791242,-0.573825,0.197951,-0.936817,0.333541,-0.267841,-0.466415,-0.39051,-0.285109,-0.132241,0.371559,0.402644,0.674753,0.879369,1.08117,0.309038,0.157398,-0.441281,0.294124,1.66284,-0.138761,-0.897785,-0.191418,0.443017,0.969792,-0.612553,-0.363809,0.534094,0.343989,-0.021813,0.173811,-0.139712,0.367483,0.116098,0.657737,-0.217769,-0.035674,-0.198617,-0.684142,0.680781,0.354831,-0.378206,-0.596235,-0.279473,0.795932
F,-0.322425,-0.390093,0.251122,1.78965,1.2164,-1.39113,-0.626539,0.71451,-0.975619,-0.275976,0.108076,-0.553718,-0.348496,-0.277303,0.05563,-0.064071,0.284188,0.045036,-0.520626,1.20642,0.771503,0.55963,0.575413,-0.461727,0.35828,-0.625191,-0.359333,0.120727,1.1622,0.49264,-0.321261,0.187739,-0.154315,-0.124926,-0.132645,1.25422,-0.121569,-0.041924,-1.16449,-0.082906,-0.447324,-0.455452,2.83081,-0.544019,-0.7351,0.724863,-0.548824,-0.378381,0.829671,-0.307895
F,-0.363709,4.03018,1.8289,0.225094,-0.093311,-0.976182,-0.411325,0.204424,0.081048,0.466082,2.0915,-0.506723,-0.372945,-0.327229,1.71578,-0.814688,1.98256,-0.798186,-1.67396,-0.861419,-1.28058,-1.06708,1.64699,2.10841,1.3829,-0.210459,3.50305,1.64217,-1.0707,-1.24057,-0.640076,1.73986,-0.266666,1.32399,1.72639,-0.323128,-0.264928,1.76601,1.4997,0.391019,1.06398,0.906736,-0.428089,0.706601,-0.362061,0.032645,-1.16331,1.92915,2.09985,0.764239
T,-0.361923,-0.039729,-0.776739,-0.875812,1.52306,-1.13391,-0.503443,0.18882,0.086907,-1.29102,-0.710428,-0.471322,-0.374341,-0.281448,-0.438205,-0.993026,0.488949,-0.408146,0.20411,-0.123807,0.740535,0.625852,-1.14989,-0.871419,-0.88748,0.744867,-0.18451,-1.06953,-0.170389,0.187569,-0.431687,0.215384,-0.296741,-0.684301,-0.915264,-0.67126,0.024409,-0.443961,-0.552238,-1.59147,-0.643338,-0.319666,2.17897,-0.484865,0.924605,-1.47235,0.497135,-0.224778,0.45875,0.177989
T,-0.216295,-0.63685,-0.864381,-0.878809,-0.824431,-0.096404,0.742518,0.766053,-0.004172,-0.047115,0.807401,2.88258,1.24781,0.192545,-0.756793,0.838404,0.967783,-0.500154,0.098961,0.559041,0.113274,-0.347194,-0.868009,0.038023,-0.30683,0.108239,-1.33645,0.793438,-0.404554,0.561087,-0.069778,-1.24592,-0.368779,0.636728,0.916082,-0.028444,0.104164,0.683412,0.860785,0.724612,-0.19805,1.00601,-0.588399,-0.578155,0.713645,-0.184892,1.27334,0.513663,-0.137273,0.809953
T,-0.324336,0.63253,-1.5164,-1.25722,0.414588,3.3298,0.816265,-0.939984,3.86887,-1.31565,-1.81207,1.07148,-0.027705,-0.162729,-1.62852,-1.9829,-1.05432,1.54305,-0.645621,1.21525,1.28071,1.13188,-1.1045,-0.018445,0.011656,-0.594885,0.087693,-1.37569,0.41131,1.1357,-2.26321,-1.14189,-0.17453,-1.28535,-0.854883,-1.89735,-0.20515,-0.684378,0.063299,-1.1683,-0.968861,-1.02047,0.642846,0.253985,-1.56585,-1.8908,2.72645,-1.19473,-1.28477,-0.084243
T,-0.320814,-1.47355,0.598172,-0.828707,-1.26232,0.189101,2.02431,0.670614,0.633014,0.148249,0.525178,0.792867,-0.209383,0.010378,-0.428754,-0.315884,-0.308363,-0.218395,-0.602431,-0.16318,-0.733042,-0.777573,0.796885,0.188186,1.15307,-0.193291,0.586961,0.16227,-0.244384,0.117306,0.335626,0.100115,-0.401991,-0.332715,0.125996,0.080796,0.022979,0.206176,0.080715,-1.05592,-0.237086,-0.119968,-0.775091,-0.471357,-0.218463,-1.33354,0.135378,0.556479,0.266969,0.280346
T,-0.349777,0.716235,0.555129,-0.474099,0.609063,0.925913,-0.554628,0.245845,2.30002,-0.687876,-0.626061,-0.398749,-0.337158,-0.279027,0.329872,-0.060477,0.829146,0.410621,0.412532,-0.453419,0.872074,0.670311,-0.11351,-0.466052,0.793223,2.41044,1.2043,-0.463115,-0.238233,-0.138426,-0.031398,-0.93579,-0.09658,-0.404096,-0.361904,0.283612,8.2586,-1.32467,-0.652506,-0.629237,-0.92543,-0.39348,0.704751,-0.563963,1.86151,0.328697,1.12828,-0.393059,0.324216,-0.310246
T,0.116612,0.742604,1.444,-1.21168,0.369124,1.34844,1.29628,-0.751289,-0.78025,-0.460672,0.775628,0.111165,0.516762,0.164423,-0.523104,-0.688991,0.101405,-1.12929,0.894658,-0.128422,0.542191,0.885938,0.362382,-0.692946,1.44079,1.89267,1.68661,-0.000787,0.14342,0.130279,-0.573941,0.435936,-0.303971,-1.49434,-0.755465,-0.445561,-0.293931,-1.1007,-0.045667,-0.919693,-0.763299,-1.0122,0.667527,-0.043094,1.01519,-2.03343,1.16473,-1.01919,0.201112,-0.860553
T,-0.248247,0.653234,0.582694,-0.753319,1.17081,0.135038,2.07794,-0.305278,-1.33827,0.639716,-0.34667,1.78356,-0.119753,-0.24033,0.599374,-1.30475,-2.41785,0.12361,1.59849,-0.434961,-0.291864,-0.081723,-0.517429,-0.833746,-0.880862,0.816614,0.645938,-0.692956,-0.747843,-0.674065,0.532488,1.11136,-0.164677,-0.479164,-0.568437,-0.252987,-0.337824,-0.044235,-0.67456,-1.2587,-0.139039,-0.327485,-0.097842,2.06441,-0.49679,0.201086,0.98079,-0.336121,0.170641,-0.430298
T,-0.336912,0.186508,0.246426,-0.683528,0.83684,0.507089,0.95268,-0.372789,-0.643136,1.64016,1.00856,-0.327416,-0.334059,-0.241152,2.20445,-0.051256,1.22485,-0.572906,0.156534,-0.716616,-0.910317,-0.856631,-0.365077,1.53691,1.75337,0.356303,0.465615,1.86423,-0.842662,-1.08737,1.18801,1.26444,-0.384795,1.75094,0.821112,1.47054,-0.078643,1.70505,0.994188,0.873217,0.680783,0.909485,-0.969057,-0.233763,0.13785,-0.927078,-0.120407,1.29628,0.984497,1.7789
T,-0.188527,-0.653273,-0.116885,-1.00662,0.368015,1.10881,1.57582,-0.940882,-0.484303,-1.50041,-1.23545,0.664935,-0.330254,-0.33725,-0.811908,-1.49077,-0.84966,-0.199739,-2.88043,1.62579,2.32187,1.66182,-0.98521,-1.58919,-0.534834,1.8286,-0.32658,-1.61605,0.922227,1.19994,-0.150299,0.006166,-0.333855,-1.02913,-0.419874,-1.30004,-0.263855,-1.22986,-1.52221,-1.54238,-1.62446,-1.23986,2.06467,1.32319,-1.14416,0.075513,1.78795,-1.15628,-0.135911,-1.5709
T,-0.342292,-0.009343,-0.749138,-0.9337,0.310478,-0.145049,0.175134,0.383083,0.695249,-0.92398,-0.747791,1.06047,-0.095229,-0.229897,-0.567412,-1.32767,-2.04718,0.072557,-2.17188,0.551583,0.925973,1.20698,-1.88844,-0.527365,-0.94004,-0.147765,-0.003834,-0.910011,0.419061,0.783465,-0.482094,-0.639816,-0.384908,-0.55918,-0.505618,-1.14444,-0.472552,-0.719294,-0.649855,1.36836,-0.121855,-0.556935,0.777776,1.64004,-0.000272,-1.48437,0.662496,-0.389663,0.510302,0.303834
T,-0.364516,0.387324,-0.861999,-1.01483,0.7905,-0.373287,0.034248,-0.052775,-0.985488,-0.580827,0.683624,-0.105446,-0.175503,-0.281931,1.14987,0.666098,-0.09719,0.308346,2.00793,-0.713292,-0.721528,-1.07092,0.017972,0.537265,-0.305168,0.690541,-0.403585,-0.169772,-0.035084,-0.212682,0.229056,-0.865682,-0.12389,0.17522,0.379149,-1.14556,-0.082649,0.355737,1.57156,1.05104,-0.027848,-0.870774,-0.416985,-0.463216,0.220376,-1.17574,0.175474,0.286074,-0.390884,-0.889663
F,-0.276489,1.70192,1.55017,1.85704,1.19019,-0.157894,-0.521302,0.670152,-1.14358,0.333559,0.660391,-0.442222,-0.321675,-0.326137,2.46404,0.616035,-1.96133,2.57427,0.202107,-0.190794,0.030628,0.303565,0.553568,0.110829,-0.974788,0.786875,2.01701,-1.59896,1.2268,0.602057,1.15106,1.56494,6.80416,1.17805,0.084596,0.610699,-0.208253,0.04068,-0.515121,1.26812,1.54155,1.30308,0.334281,-0.786189,-0.953657,1.66841,-0.678959,0.722161,1.77365,-0.634959
F,-0.329069,1.02371,0.208366,0.818924,1.0065,-0.797569,-0.521593,-1.09428,-0.338635,0.168472,0.115939,-0.395806,-0.350642,-0.327928,0.337441,-0.52795,1.8262,-0.728809,0.544742,1.5185,0.190787,0.398701,1.40521,0.939578,1.97529,1.23286,0.602251,1.83264,2.12592,0.36594,-0.387505,-0.945108,-0.365055,0.232365,0.824816,-0.786753,-0.172904,0.306208,0.8862,1.41305,0.471587,-1.16818,-0.895351,-0.345152,-5.31131,-0.147174,-0.70825,0.936739,0.618011,0.279161
F,0.267462,-1.04319,-1.05975,0.264066,-1.38502,-0.682034,-0.591709,0.649742,0.11117,0.444086,0.283836,-0.4261,-0.242068,-0.258745,-0.792513,2.12978,0.025907,-0.066431,-0.707434,-1.41166,-1.04264,-1.07966,0.747626,-0.344375,-1.39405,-0.823597,-0.395715,0.170628,-0.908841,-1.07866,-0.5541,0.228728,-0.174992,1.56997,0.539913,0.469927,-0.052291,0.313616,0.485048,1.26603,1.30472,1.59952,-0.7091,-0.677948,0.314512,-0.28793,-0.634837,0.700857,-0.817196,0.973709
F,0.351739,-0.082141,-0.131128,-0.136485,-0.562962,0.566856,-0.6624,0.450706,1.40408,-0.288503,-0.098492,-0.495155,-0.231617,-0.151667,-1.0317,0.442579,-0.088718,-0.009635,-0.866379,2.73107,1.18757,1.57185,-0.72321,-0.144479,1.03798,-0.499964,-0.836161,0.399896,1.30761,2.46273,-0.154556,-0.332694,-0.197764,-0.046854,-0.147132,0.134117,-0.19415,-0.330181,1.5574,-0.012277,-0.337437,-0.259683,0.269433,-0.432581,-0.215838,-0.71518,-0.754648,0.740183,-1.22662,0.68805
F,4.65603,-0.564599,0.207519,0.07104,-1.56907,0.990829,-0.395312,0.875232,-1.11171,0.160784,0.987572,-0.174286,0.903259,0.312457,0.122635,1.25765,0.218634,0.839879,0.832718,-1.42634,-0.877636,-0.879128,-0.599653,-0.056199,-0.773778,0.559861,0.269049,0.580515,-1.10368,-0.740448,1.46241,-0.43546,-0.354573,1.01134,0.315789,1.11107,0.004325,1.05847,2.07343,1.87823,0.710559,1.04927,-0.212297,-0.10428,1.15351,1.11792,-0.796828,0.988333,1.31523,0.679209
F,-0.168527,0.720908,0.551361,1.39401,-1.43846,-1.17986,-0.727484,-0.467039,-0.005568,0.378359,-0.233217,-0.485578,-0.315792,-0.253926,-0.366028,0.239942,0.446781,0.911342,0.584446,0.527406,-0.113343,-0.101398,0.444064,-0.439089,-0.428613,-0.460744,-0.308063,-0.246493,0.750555,1.30068,0.818818,-0.276937,0.160564,-0.698851,-0.208961,1.85381,0.139938,0.165546,0.772346,0.035166,1.05984,-2.16034,-1.08072,-0.636958,0.562091,1.44365,-0.867476,0.641842,-0.428764,-1.54828
F,-0.29872,0.223553,-0.422448,-0.573439,0.167637,-0.386103,-0.581599,0.012558,0.712339,0.401284,0.394933,-0.433819,-0.289809,-0.242264,-0.319009,-0.109382,0.799204,3.47433,-0.510297,-0.577378,-0.07854,-0.172581,0.500531,0.874124,-0.605016,-0.857249,-0.318099,-0.096292,-0.346185,0.611969,0.118764,-0.355332,2.30305,-2.10992,-1.08807,0.569838,0.077352,-2.35048,0.254096,0.446882,1.05751,-0.219222,0.508879,-0.670482,-0.779816,-0.107313,-0.804721,0.198208,0.195779,-0.531399
F,-0.183382,-0.096186,-0.971102,-0.667741,-0.82868,0.002936,-0.645466,0.815614,0.109335,0.16506,0.412753,-0.515714,-0.267182,-0.204532,-1.13869,1.29729,-0.332154,4.92228,0.608559,1.2431,0.276034,0.415034,0.268792,0.186232,-0.888338,-0.677606,-1.00721,-0.597131,2.67616,2.26854,0.124787,0.267957,3.34361,1.5428,0.238256,1.05955,0.113883,0.802103,0.433295,1.13762,1.09531,0.951903,0.418429,-0.768755,0.572622,-0.225502,-0.761855,0.510599,-0.30037,1.24606
F,-0.318024,0.333957,0.361585,-0.433743,0.072164,-0.577429,-0.55863,-1.07159,-0.816062,0.653109,0.729383,-0.402857,-0.292368,-0.229029,0.054107,0.760772,0.941854,-0.285149,0.676348,-0.687588,0.18633,0.091824,0.997507,-0.146761,-0.381675,-0.333395,-0.424486,-0.114203,-0.228033,-0.254209,-0.679479,-0.558585,-0.249434,0.472035,0.005708,0.262352,0.06131,0.618094,-0.098567,-0.894705,0.667626,0.619032,-0.474126,0.830389,0.739014,1.22198,-0.546563,1.08136,0.009038,0.926114
F,-0.360527,-0.536798,-0.811485,0.635816,-0.006397,0.02101,-0.773564,-1.06188,-0.82309,-1.29138,-1.69931,-0.518183,-0.335167,-0.334038,-0.520448,-1.34767,0.222177,0.057273,-0.658988,1.12023,0.377571,0.899787,-1.58584,-2.11726,-0.851242,-0.762912,-1.06275,-1.00699,0.842143,0.805071,-1.93752,-0.146977,0.588251,-1.59782,-1.43719,-1.49294,-0.280717,-1.39131,-0.854915,-1.30793,-1.28575,-1.06576,-0.601242,-0.743436,-0.558922,0.123381,-0.408515,-1.93841,-1.59762,-1.70459
F,-0.379633,1.79545,3.17847,0.681935,-0.404488,0.650731,-0.555319,-2.15872,-0.183973,-0.996159,0.647437,-0.515438,-0.372446,-0.311238,2.66086,-0.772358,1.57503,-0.768931,0.370328,-0.21491,-0.715586,-0.662738,1.29528,-0.662411,0.53091,0.567304,1.89717,1.32359,0.787762,-0.422374,0.530962,3.22065,-0.153636,1.2165,-0.205033,-0.471549,-0.194697,1.45306,-0.156638,0.397964,-0.227185,-0.926254,-0.077587,0.257157,0.265509,1.34938,-1.05815,0.342357,0.3229,-0.060457
T,-0.336816,0.132666,-0.633559,-1.19779,0.562532,0.655652,1.31224,-0.721484,1.80952,-0.091412,0.465013,1.33851,-0.288205,0.025997,-0.088664,-0.372553,-1.14903,-0.236132,0.644065,0.80459,1.39052,1.36504,-0.813707,-0.072179,-1.75771,0.29914,0.296901,-1.08734,0.611605,1.28393,-0.157581,-1.13555,-0.232509,0.539199,0.138784,-0.483755,-0.234811,-0.71522,0.500547,-0.645578,0.230467,-0.535784,0.513383,-0.696185,1.99505,-1.25513,2.6848,-0.542045,0.803205,-0.647023
T,-0.289939,-1.38701,-0.31844,-0.785634,-1.49903,0.124015,0.965867,-0.271647,0.665707,1.00967,1.75662,2.33964,0.839142,1.60468,0.450886,1.10015,-0.115891,0.778553,-2.59882,-0.219258,-0.405607,-0.296072,-0.783855,0.32408,1.11932,1.46032,1.02774,-1.02852,-1.09638,-0.123823,-0.054807,-0.501556,-0.280598,0.769169,0.985211,0.489286,0.019964,0.282286,1.35303,-0.194967,0.803149,-0.179135,0.451594,0.532842,1.5441,-1.3364,0.591543,0.55723,0.161999,1.10372
T,-0.197796,-1.23292,-0.65649,-1.00756,0.239808,0.58886,0.453253,-0.162341,0.141483,-0.081244,0.59716,-0.275215,-0.312209,-0.250435,-0.272913,-0.665425,1.19226,-0.660528,-0.28549,0.275703,-0.625932,-0.610064,-0.297599,0.807469,0.398126,-1.43782,-0.996554,0.72953,-0.545092,-1.32688,-0.14569,-0.845519,-0.337123,-0.11053,0.47581,0.075656,0.12524,0.935395,0.028906,0.737966,-0.351675,0.745871,0.461429,-0.476091,-0.238268,-0.401328,0.360593,0.460076,0.067311,0.596751
T,-0.279964,0.132555,-0.431934,-1.0384,0.467098,2.2531,0.707383,-0.767192,-0.785608,-1.7202,-0.945087,1.67774,1.89197,-0.146059,0.148536,-0.47242,-1.57506,-0.701453,0.102568,0.426293,-0.080959,-0.123412,-0.399873,-0.768053,-0.684993,0.86966,0.475392,-0.099827,0.364166,0.272794,-0.188991,-0.447828,-0.344383,-1.66604,-1.43586,-1.29319,-0.31846,-0.349221,-1.24852,0.025881,-1.08103,-0.810795,-0.093189,-0.224674,-0.761424,0.579108,1.35608,-1.18222,-0.26324,-1.77986
T,0.669752,-0.215599,-0.327072,-0.628873,0.384319,2.0895,0.065116,0.209999,-1.00574,0.436671,-1.2164,1.96013,2.5785,2.30648,-0.453015,-0.917472,0.473757,-0.333763,-0.592863,-0.240315,-0.658168,-0.812476,-0.636417,-0.786925,-0.423185,-1.08656,-1.18857,1.14395,-0.98242,-0.589326,1.05631,-1.29538,-0.425566,-0.582551,0.22002,-0.123193,-0.267537,0.130723,1.56812,-1.50348,-0.075004,0.363884,-0.654286,1.66905,0.120994,-0.00694,1.73465,-0.402079,0.982134,-1.16824
F,2.32653,0.486089,0.408019,-0.14933,0.357379,-0.272868,-0.548593,0.526231,0.667905,1.48792,-0.409627,-0.238912,0.137246,0.084549,0.940236,0.943946,0.725702,-0.772568,-1.32281,-1.39125,-0.674401,-0.607461,1.75168,1.06876,0.372919,-0.641606,0.172328,1.61823,-1.28981,-1.14455,0.87478,0.298137,-0.405569,1.29121,1.68349,1.00838,0.083068,1.1368,1.18923,1.3634,3.75127,1.47581,-0.835826,-0.124251,0.852029,-0.249543,-0.233028,1.17931,0.46793,1.97394
F,2.2924,0.816415,2.792,0.39862,-0.204634,-1.15235,-0.390714,0.220152,-0.287039,1.75489,1.0511,-0.401106,-0.194918,-0.166747,2.56407,-0.996112,-0.777195,-0.593643,1.28254,-0.825598,-0.602547,-0.387854,1.83708,0.785053,-0.686381,0.129462,0.819095,-0.667186,-1.0074,-0.581556,0.272665,2.59794,-0.329657,0.273413,1.42931,0.240661,-0.219264,1.261,0.222589,1.12822,0.154292,0.761347,-0.931795,-0.259821,1.12339,1.86908,-0.672062,0.152195,1.09644,0.011727
T,-0.307321,0.071837,0.398438,-0.645985,-0.44649,-0.65446,1.08111,2.24834,-0.241089,1.45816,1.48798,4.35139,2.21978,2.58008,0.121096,-0.510369,0.39638,-0.248384,-0.808112,-1.52766,-1.06377,-1.04146,0.107562,0.890336,-0.366396,-0.569964,-0.224943,0.617106,-1.71962,-1.37103,1.04448,0.072053,-0.231591,1.43157,1.42022,1.11693,0.07778,1.52918,-0.13272,3.06278,1.58334,2.63633,-0.690492,0.385654,0.343337,1.41526,0.631347,1.17844,1.4338,1.14712
T,-0.31629,2.5217,1.65695,-1.07192,-0.445021,1.96083,1.16061,0.50092,-0.689125,1.89174,-1.14031,-0.139207,0.047808,-0.062445,2.13951,-1.16507,-1.56623,0.020552,-1.70657,0.443706,-0.298778,-0.273199,-1.24707,1.59523,-0.588373,-0.283705,1.34791,1.26003,0.372866,0.546918,1.10164,1.22499,-0.199946,1.30043,0.902594,2.34623,-0.170539,2.45725,1.17168,1.48214,2.48212,0.238279,0.706117,0.674836,0.422468,0.45967,0.812712,0.792978,-0.344494,1.88073
F,4.71139,0.068737,0.530827,-0.055143,-1.53347,-0.282514,-0.505623,1.9708,0.271648,0.753849,2.12058,-0.104174,0.72484,0.812452,0.238053,1.09793,0.344304,-0.00253,-0.52837,1.07123,1.37569,1.18122,0.424961,0.948706,-0.461429,-0.563185,-0.677775,1.25783,2.30326,2.06066,0.19585,0.043891,-0.228059,0.555464,2.56285,0.890078,0.041545,1.33336,0.276479,1.61787,1.51617,2.55741,-1.02203,-0.170656,0.42809,2.44098,-0.536367,1.50453,0.944763,0.862336
T,3.03934,-0.71361,-0.736642,-0.600282,-0.504106,0.56668,1.29628,1.78641,0.560745,0.999196,0.272946,3.53274,6.76535,7.12353,-0.463762,1.1701,-0.293098,-0.579199,-0.669937,-1.50693,-1.26808,-1.28159,0.745657,0.619623,-1.11113,-1.35428,0.123028,0.573303,-0.838895,-1.09909,0.272644,-0.498571,-0.460736,0.883887,0.966396,0.1753,0.100268,0.580831,0.803169,0.604915,0.77929,0.822069,-0.797898,1.94829,1.08857,0.044146,0.430382,1.40129,0.624946,0.948789
T,-0.343667,1.60161,1.42676,-0.639117,-1.24789,0.894057,3.35959,0.166692,0.719855,1.09197,-0.049274,-0.160783,0.203947,0.476587,-0.581217,-0.358864,-0.034564,1.66631,0.566858,-0.111971,-0.204448,-0.242797,0.40665,0.774595,0.403124,-1.18034,0.722007,0.449277,1.11824,-0.334394,0.102947,0.241497,0.63957,0.392643,0.420324,1.3273,-0.159861,0.707278,0.349981,-0.287177,0.435409,0.436904,0.524122,-0.735853,0.341422,-0.560376,1.09979,0.740884,-0.768032,-0.071704
T,-0.336533,-0.578099,-0.375226,-0.557278,0.535946,-0.560424,0.623781,0.148846,-0.642035,-0.279459,0.111187,-0.358538,-0.329186,-0.159194,0.248763,-0.836191,-0.570782,-0.780932,-0.016532,0.316648,-0.551615,-0.83929,0.201429,0.074002,-0.633782,-0.775241,-0.426208,0.580617,-0.379563,-0.282043,-0.549557,0.200056,-0.45016,0.181427,-0.242171,1.01889,-0.025448,0.665626,-0.043035,-0.269678,0.117359,-0.207339,0.102675,4.15348,0.085704,-0.316698,3.10425,-0.415538,0.218298,0.347353
T,-0.378047,-0.333354,-0.980957,-0.464798,1.2922,2.64632,2.6497,-0.302079,-0.691003,-0.588043,-1.3636,-0.192165,0.008444,-0.363881,-0.64661,-1.05114,-2.21732,-0.300054,0.665258,0.267595,-0.096676,0.038259,-0.292885,-0.692212,-0.054044,-0.709313,0.025317,-1.01092,0.235403,0.304804,-0.54149,-0.691283,-0.38245,-1.48901,-0.564161,-1.30458,-0.411249,-0.933226,-3.05759,-0.948078,-1.32429,-1.33065,2.84617,1.01956,-0.06586,-1.3672,2.62133,-1.36443,0.196937,-1.15729
T,-0.304057,0.532652,1.60161,-0.222865,0.340019,3.08398,0.935854,-1.0376,0.098895,-0.4312,0.2259,-0.107442,-0.380579,-0.103784,1.36701,-2.33261,0.398516,-1.04377,2.35632,0.1368,-0.603588,-0.362299,1.04249,-0.251616,1.22382,-0.188309,1.611,0.890029,0.643762,-0.875373,0.353019,2.24579,-0.458194,-0.137292,-0.420954,1.79269,-0.260201,-0.331853,-2.29453,-1.35134,-0.268016,-0.111122,-0.902528,-0.018091,-1.80921,-1.05642,1.44144,-0.680309,1.31997,-0.752416
T,-0.323569,-0.642998,-0.584241,-0.439961,0.195231,0.207153,1.40867,0.426853,0.542967,1.78004,0.602319,0.255384,0.191643,0.274809,0.978734,-0.754436,0.444757,-0.279724,0.836496,0.017571,-0.455942,-0.246068,1.55273,1.23287,0.500239,-0.427422,0.982327,1.69819,0.270081,-0.069141,2.41812,-0.185756,-0.128029,0.177602,0.959682,-0.333202,0.063642,0.019425,-0.73903,-0.043737,0.762391,0.155639,2.70933,-0.639358,0.091998,1.32495,0.572083,1.26284,1.8001,-0.024284
T,-0.311924,-1.00783,-0.652861,-0.277806,-1.52274,0.011574,-0.367617,2.00209,-0.79848,0.271529,-0.033969,-0.475139,-0.309727,-0.237211,0.50373,0.675162,0.149676,-0.624071,-0.033058,-0.685915,-0.59271,-0.552398,0.116039,1.24048,-1.07957,-0.84299,-1.00669,1.0037,-0.506304,-0.470625,0.916723,-0.897878,-0.398274,1.19698,0.907555,1.09694,0.028715,1.33171,0.593544,1.32412,1.03262,1.28779,-0.065858,-0.275114,-0.166873,0.230597,-0.433151,1.70065,-0.619408,1.52939
F,-0.324531,-0.871145,-0.215041,1.18997,-0.061781,0.108668,-0.636863,0.697695,0.223132,0.17659,0.492318,-0.465171,-0.309744,-0.275594,-0.315357,0.541081,0.260625,-0.520596,0.510485,0.532922,3.38176,3.41049,-0.763419,-0.510442,0.015625,-0.989783,-0.601208,0.401179,0.533203,0.472003,0.081629,-0.992807,-0.330596,-0.166163,0.28996,0.504951,0.026771,0.515313,-0.282989,0.41715,0.113542,0.362219,2.06631,-0.707911,0.392374,-0.24881,0.687255,0.056412,-1.23568,0.227117
F,0.55881,-1.91473,-1.30059,0.059749,-1.86984,-0.490565,-0.842437,-0.271799,1.47725,-0.791721,-1.16788,-0.477064,-0.401226,-0.344459,-1.84585,-0.868661,0.337692,0.250368,0.397455,0.308754,0.651261,0.654316,-1.07673,-1.15283,1.03668,-0.905536,-1.05815,-1.44227,0.32909,0.090061,-1.30399,-1.69747,-0.134239,-1.22736,-1.04322,0.304336,-0.109449,-1.12522,0.249773,-1.25477,-1.2847,-0.57591,0.861208,-0.570794,-1.09728,-0.502763,0.276769,-0.794348,-1.87403,-1.516
F,0.015466,-1.69402,-0.770783,0.210026,-0.427764,0.220447,-0.826115,-0.790774,0.257783,-1.44275,-1.18686,-0.53183,-0.360471,-0.310568,-1.44003,0.510163,0.255617,-0.269295,-1.82183,1.10902,2.0955,2.03399,-2.14875,-1.42786,-0.010582,-0.764152,-1.4458,-1.02657,0.431873,0.99433,-1.82248,-1.1116,-0.377759,-1.05249,-1.64239,-1.04207,-0.246274,-1.15466,-0.939233,-0.802313,-1.41543,-0.9297,2.01282,-0.72788,0.144634,-0.158121,-0.653284,-1.99185,-0.318644,-1.09795
F,0.047071,-0.880787,-0.692998,0.283006,0.858918,0.090255,-0.531951,1.9827,-0.150579,0.204566,0.436296,-0.417602,-0.263171,-0.23121,-0.492684,1.39005,0.895299,1.08453,-0.088236,-1.51485,-1.0895,-0.997733,-0.485594,0.301192,-1.23238,-0.131675,-0.033526,1.26327,-1.29829,-0.958424,0.10941,-0.33063,0.922562,0.973412,1.8375,1.37814,0.017889,0.836166,0.660785,0.811597,0.786275,1.36648,0.57378,0.986585,0.761175,1.9698,-0.735262,0.638084,-0.494264,0.566044
F,-0.086963,0.215894,-0.032184,1.03621,0.352285,-0.09459,-0.681127,0.830415,-0.29887,-0.051102,0.95247,-0.441121,-0.33724,-0.270796,-0.182835,1.79961,0.702358,-0.141192,0.506456,1.84887,2.33435,2.1765,-0.024871,0.317399,1.38857,0.08097,-0.033126,-0.280488,1.59619,1.74799,-0.639949,-0.560757,-0.109721,0.036783,0.358362,1.18018,-0.013776,0.227318,1.09296,0.140124,-0.080846,0.423012,0.972934,-0.736359,0.573133,0.368213,-0.482294,0.208936,1.13118,-0.144049
F,-0.249045,0.091625,0.634807,1.66694,0.532957,-0.664049,-0.610598,-0.189998,-0.953124,0.189701,0.222444,-0.527748,-0.331861,-0.30112,0.541866,0.24654,0.252812,-0.217586,-0.351953,0.339236,0.211429,0.485965,0.381054,-0.54471,-0.532476,-0.294099,-0.677946,-0.397547,0.051735,-0.340944,-0.898029,0.174733,-0.205811,-0.110748,-0.068667,-0.617592,-0.212113,-1.06443,-0.985596,0.208168,-0.385862,-0.598293,0.33875,-0.339464,-0.322465,0.532226,-0.567446,0.045824,-0.313158,0.330023
