PC1,PC2,PC3,PC4,PC5,PC6,PC7,PC8,PC9,PC10,PC11,PC12,PC13,PC14,PC15,PC16,PC17,PC18,PC19,PC20,PC21,PC22,PC23,PC24,PC25,PC26,PC27,PC28,PC29,PC30,PC31,PC32,PC33,PC34,PC35,PC36,PC37,PC38,PC39,PC40,PC41,PC42,PC43,PC44,PC45,PC46,PC47,PC48,PC49,PC50,PC51,PC52,PC53,PC54,PC55,PC56,PC57,PC58,PC59,PC60,PC61,PC62,PC63,PC64,PC65,PC66,PC67,PC68,PC69,PC70,PC71,PC72,class
-33.30583017,26.37281812,-18.8309716,7.276722656,-3.660223446,1.713287413,-23.72867621,11.60540859,-2.298574813,1.431265302,-8.417401756,2.213868912,-19.59090211,7.05632345,-6.340508263,4.827463711,-12.68673199,6.372794129,-1.946316851,8.01738433,-7.984741383,-0.023373474,-4.806496993,-2.675211046,19.84216523,-20.24575834,3.456874109,2.664473497,0.438021837,9.811367387,-15.59098181,-18.338713,-1.632246956,10.93951664,0.639069881,16.62999562,6.731211095,-8.757281224,-0.675908087,-0.819956838,-3.730620357,-8.714032249,-9.74739908,0.59643057,9.491725932,1.829491215,-6.581015685,-1.390358109,-3.095398577,-0.014489303,-4.26100762,-4.663932468,4.066229671,1.191010036,3.810429026,4.836246808,7.298240351,-6.410768061,-2.007234855,0.377612366,2.68586878,0.467622906,4.27022463,-2.157477604,-0.975344506,-2.456348895,1.514710026,-1.809830666,0.905458733,0.093720175,-0.640129502,-2.27E-14,T
-36.71265045,-5.432941842,11.14034514,12.40434479,-6.469098721,-2.866943188,8.673841003,-18.81192978,1.813682843,-15.88272655,2.154113217,-8.598241235,-10.67143381,-10.2408388,2.381111147,0.561390759,-4.470556757,-6.265173982,11.12656141,-1.331045418,-11.57109847,-9.971046371,13.93942617,-7.782245797,-3.041885794,9.139829746,4.110852939,3.936273679,-11.07896627,-3.248589895,3.756439866,2.127225914,-0.135570002,-1.060118928,-0.528615459,12.80546893,-0.186861823,1.233308588,6.24039467,19.63614723,22.90393285,-3.845091426,-6.168244097,-7.778384831,-0.070070291,11.98699806,-0.991309034,-4.661652542,8.422434133,-7.499315465,-3.751810527,-5.698621657,-4.526940687,-4.811926291,13.17025476,1.69888796,4.899887145,-1.797234069,5.831140796,-1.512763453,-2.733529158,-1.713553765,-3.765800142,-1.672362846,0.45471871,0.853901201,-0.020926006,-1.346477089,0.210401782,0.017643665,0.158819639,-7.12E-14,T
-32.50183541,42.54799404,-22.25482369,27.35418823,-26.37010839,-6.220165202,-19.3618148,-21.30777201,-5.802893065,9.392636103,1.944456166,-19.55352649,2.818719809,2.82707881,4.479522273,4.978349116,12.55907534,-8.880286988,-2.558482975,1.9769644,1.864197234,-0.349913861,1.354665394,18.97389739,6.375408428,3.060313119,11.03382337,-12.59900231,2.116713388,22.17402888,-7.528571308,11.77164105,-6.734412369,-11.29066754,8.014582952,1.689029944,-0.783215597,-12.19562035,-7.903393967,5.863787028,5.659035579,10.32787784,11.50830078,0.611821753,1.651599833,-8.004786782,0.40461855,0.182121454,-0.404048335,-3.633041224,-0.523259388,-1.120016237,-0.24955137,-0.059093378,-0.788397751,-3.076917244,-0.7791075,2.393995791,1.97759145,7.35230287,1.32736269,0.047233285,-1.37669283,-2.584213639,1.79243624,-2.943582687,0.318427895,0.361321788,-0.488651126,-0.301802354,1.797866155,-5.46E-15,T
-6.330735339,23.17151604,-18.65941624,6.541263179,-22.8259347,-4.66519213,4.380016178,26.04580803,8.980975257,1.225641384,8.161039683,15.77648309,-1.887765815,1.999308152,-9.491873567,3.610711861,-2.113163486,-0.885113967,-1.375271199,4.546180236,1.772414955,2.996062732,-0.796114188,10.31371131,6.572920858,2.698292614,5.42316429,4.868043417,-11.81409379,-7.059288309,-2.075183875,-2.85112558,-4.28063477,3.9099937,2.171440715,-7.699527203,-2.109718055,3.529453212,4.734398002,-11.10253542,8.315930505,11.52300074,-9.418497366,0.406111935,3.24410605,-2.294475122,26.39665212,-5.63230274,-1.765838596,-12.56305225,-11.39636228,5.014146021,-6.99491605,4.92626815,2.585399511,-9.222573238,5.079085577,4.738421476,3.736467773,-4.843358635,3.62951009,-1.973192011,2.19925793,0.684110756,3.764007368,1.42521637,-1.137938277,2.706723424,0.410119438,-0.010601044,-2.096732049,2.94E-14,T
-37.86409079,-37.37706502,-10.42649332,-3.399389399,-9.397176497,-1.259535563,-1.704267151,1.679931084,1.001269047,6.083968381,10.82564332,10.97221103,4.819137225,10.40496282,3.517981705,-10.38274218,-10.84816902,-12.15922237,4.607452668,-3.409372004,3.892824119,-0.066252786,0.850490154,8.444698843,6.644904351,0.814525986,1.324342761,0.004206901,0.218570377,-2.315957806,0.332591203,-0.405621325,-6.488565502,0.052677802,4.270384876,0.287628485,-0.285255097,2.69153097,-4.21559039,-4.555662697,-4.543837002,1.746957242,3.197021352,4.612143721,8.545301766,3.001827821,1.055465795,2.246130632,11.68373612,-0.138666921,5.657078048,-2.86789839,-1.342870116,-4.70873989,3.616234157,6.672938774,3.070134284,2.720063043,-4.786319218,0.494332395,0.999342429,-9.265650388,-13.19033782,4.519421522,-26.03123888,8.826636294,1.373369702,0.995057124,-2.207085751,8.425110734,-0.026691732,-1.80E-14,T
33.71726503,5.050499398,-8.447265424,15.97632753,-31.45198039,-8.903028029,-0.387753279,-3.18254835,-4.758421344,3.144639556,7.503207174,-8.324131245,-3.104873502,-9.746283562,0.008514703,10.15931895,5.43635003,4.163971111,6.753184283,3.452588112,-3.00554186,3.404273999,2.769654273,-2.908121745,-1.188763233,7.368563227,0.206278475,0.708722563,0.604899402,-0.416872711,-3.380738007,0.871182111,-2.221012869,4.525855441,5.428408697,-8.309609869,6.310077223,1.623823589,1.393300158,-0.838678672,-1.77022835,-6.885707504,-2.650496081,5.893662757,-1.353163332,-8.850830522,-3.991914004,6.73932499,-0.478666633,-3.214655458,-0.804143776,-0.873387151,1.319691262,8.886863778,-7.345063433,4.514305699,-6.529794425,-16.6520605,7.126015269,-19.87263267,-18.09913362,-0.718751988,-1.493380337,6.220155283,-4.496150315,0.970163305,1.446122649,-4.886627587,-1.142020251,2.356472626,-7.9833147,-3.35E-14,T
14.67749259,32.30987159,-17.81769945,5.32219628,-16.01463956,-5.187354878,0.891312026,21.62866236,6.654697087,6.948638657,16.24356074,15.19255618,2.065339394,0.075397106,-3.737199217,3.776204575,6.372996845,-2.165115011,0.542524942,5.601073095,6.394646443,8.667842446,0.812180388,-13.71811889,-1.581896954,-9.487169925,9.957333594,15.18315386,-5.678652543,-6.086028337,-5.658557167,9.47906745,-9.497911713,-0.071793638,-16.66863398,-8.389059737,-3.24099247,2.522609338,-5.600268836,9.632119035,9.805421017,5.48789823,2.223680692,-9.137316198,7.89050881,2.552848281,-15.73430821,-8.217797005,-9.148660402,2.930999096,10.02407265,-4.271502454,0.217290691,-4.466033093,-12.63178423,4.374124133,-1.499398461,4.354841822,3.072091203,5.624730286,-2.119245683,-1.890460702,1.927442105,0.37774206,-0.040570568,4.12888276,0.085503228,-0.208835612,-0.44797695,-0.808465352,0.260000884,1.15E-14,T
15.91331285,63.01599851,-26.19341664,20.24810579,-2.774389931,15.25259516,8.850853986,27.13063223,1.048354578,12.5097923,-17.41129263,5.889022692,-21.61789256,-17.53992266,31.87606607,2.894122835,-2.323802106,1.495582539,-14.40656781,-24.16437167,15.45379807,-20.41882978,-14.12031857,-3.882413017,-10.57552619,2.883338085,-7.232932971,-3.777504222,-2.901505051,0.266507894,8.579362904,-0.292381124,-4.453574925,-4.328207897,6.054526537,0.426840982,1.060869561,-0.369722687,-2.461493624,1.633042998,-0.6775629,-3.94488329,-0.935438805,0.032697475,3.230191937,2.581334974,-2.100634213,0.540712806,0.901711093,-3.590560188,0.838142032,0.791170795,-0.355897274,-0.185474174,0.307088146,1.670411904,2.031257307,0.714845003,-0.979323525,-0.540391614,-0.132349284,-1.251849922,-0.20068252,0.942633157,-0.832100585,0.107980814,-1.143241576,-0.100641821,0.588504482,0.845050399,0.526626058,8.33E-14,T
-69.50876976,2.985152276,-6.219056393,23.2968119,-38.20242312,-16.60347819,-8.080739142,-18.71517979,-8.917695359,9.821258094,-8.015088919,-22.80123452,10.35083783,-1.527808305,4.734959504,-7.472093991,5.953146481,2.631062286,-4.407271125,4.39821857,8.532218046,4.691931195,-7.089901079,-12.26350278,-3.391922031,-13.0150335,-7.911210818,-2.666833356,2.785878382,-1.691236404,7.353245863,-8.452149427,7.003128906,0.955771145,-7.647496571,-1.453076915,-16.394764,9.829019401,5.199251415,-10.85174688,-0.180232369,3.025495401,-12.08082543,-5.610887143,1.003961833,5.038499519,-0.16271743,3.104527145,0.677623443,9.173330772,8.999225777,-2.833181051,-8.309589761,-1.455918583,2.877994182,-11.61848592,4.339874776,-0.68614099,-4.363599726,-2.80329,-2.187509246,-1.602048784,-4.9332912,-3.75781094,0.840894893,-2.531172939,-1.579910933,1.125211264,1.073190205,0.104134521,0.481202075,-2.85E-14,T
8.401248472,-9.300743761,1.341819386,9.740140204,-10.18762747,-6.426830964,-4.000181244,-19.11114859,-0.979383531,-6.170020783,3.300952639,-12.90342358,6.090660284,-1.067405051,-7.453445947,-3.593688351,2.530553757,8.919418831,0.751969259,-6.706704552,7.220713972,-1.303501351,-0.776783199,1.1592809,3.533573245,0.083955037,-0.296054549,0.051434126,-4.461702491,-6.055507931,9.173896036,9.336455615,-3.097567262,2.247471099,1.386232018,-4.645961714,7.080180956,-2.029218771,-2.03512964,1.818113862,-0.479063153,3.141551151,0.306769039,-2.509481344,1.526744293,4.831816525,-5.253994322,3.477572382,1.828819757,-1.638038255,-2.231330535,0.429531205,3.280941962,8.614116076,0.80183521,9.913398925,8.412811664,1.466979416,-17.32786601,-11.88862075,12.96983429,-6.477675831,21.73079702,2.887095081,-0.211653212,8.125958546,3.840961339,5.317748951,0.181483006,-5.085159462,2.307896944,7.01E-14,T
-16.1032615,-11.58759598,0.921907737,26.21987205,-17.60669041,6.388499542,0.559099872,-27.61446419,-7.633432264,-4.933560059,-1.653422603,-2.105440953,4.213476502,0.819631651,4.341795973,4.338813175,0.649942855,-1.245571225,-3.340288227,-7.07854052,-1.907148809,3.887179173,-2.614965934,-5.968032905,5.960666482,-5.157115513,-3.444786394,5.312640458,0.135559411,-10.78476753,1.920210937,-5.131771316,4.171041127,2.919188563,7.918127002,0.90931085,-7.167643219,14.46222424,-2.979397522,-7.353085327,1.373727482,-6.534752829,3.938700693,0.951342364,2.850937941,0.692065026,3.827953614,-8.48059878,1.805188885,-5.018375053,-7.729938079,4.854201238,23.07369787,6.733642776,-3.253388035,11.39094037,-9.108685915,7.699509788,11.153365,13.47480006,1.588096189,4.317465643,2.054561936,5.009982123,0.671386763,1.059932607,-2.771941954,1.202565224,0.586506136,1.604432912,0.249459726,-3.33E-14,T
49.28564202,-14.32604989,9.000534038,5.61429578,-10.34273254,-1.80087602,4.380691138,6.535437426,5.345097117,-7.93089542,0.722869846,2.982564882,-8.119196386,-0.530373194,-4.963469846,-1.557430455,-0.161126118,4.041001275,3.336743981,-1.625173228,1.145619656,-3.052282924,8.624248316,-6.642273595,0.16346783,2.954339427,2.167825055,-3.700931336,-1.489506936,3.257138648,-4.333024288,-5.014507371,-0.19019712,3.747809643,3.221208099,-0.656132339,0.554373454,0.70898411,0.414739218,-2.845778972,2.255378588,2.208086949,-2.857671297,6.588963407,-3.49452684,-1.51106261,-2.136871172,0.563688506,1.184115388,-1.588900502,-0.252249466,0.259084768,6.015083413,5.749543713,-6.411046843,-6.117540594,-2.455262899,-2.819480227,-5.783895083,0.498818187,-5.523548516,-2.911352512,-6.447007554,-4.701284275,-0.777856886,1.413564835,-3.91992449,2.370068169,-6.070132065,-4.752333526,31.48096465,8.77E-15,T
-46.53034344,-32.62441594,-19.00694904,-5.281120539,11.34790733,6.198598193,-10.52368478,3.114585481,-3.812009823,-0.044670095,6.304026571,-5.141015266,-8.747807882,21.13654123,-2.709596883,7.68940313,12.0457396,18.58741992,-7.178554805,-7.997919406,-0.118066248,-3.185526362,6.30194406,0.504984758,-2.590410323,1.826675671,-4.627925821,3.011388281,-1.191229594,-2.883231381,2.679177881,-2.901774467,-1.989466975,-2.196736952,-2.263286114,1.543742536,-1.533705175,0.313041649,-0.693998715,-0.953979978,-0.532438098,-1.614006668,1.623195978,1.979447752,-5.736879389,-1.084605009,-4.379110226,5.720204546,1.506044973,-2.159307709,-3.840879298,2.694693607,-6.626074164,5.696424553,-1.523903809,-0.615173596,-0.222889134,-7.162196491,3.12476947,9.540327958,-0.362224553,-7.954176145,-2.70605801,-12.63800338,9.790664838,18.27958981,-3.520205863,1.990346212,-13.49605033,7.062523935,-6.26055172,-7.61E-14,T
-20.87768965,-5.661685517,-8.727678874,1.818918003,-23.8457589,1.024204786,5.522645923,-10.62569182,-3.42242714,10.23634237,1.697532173,-5.189450712,-9.213529699,-3.496458254,-4.572210424,-5.177992246,-8.632210764,-19.60617252,9.201029859,-15.75269304,-17.07174101,-11.51630078,3.568013373,1.710681602,-9.42236828,3.092102885,-3.304475657,1.704877715,-0.643640399,-6.516018347,-4.148899548,-10.31156056,4.731732811,-6.104320427,-27.04766751,3.363392134,16.78448743,-9.696519778,10.20973769,-8.881345408,-7.110901871,8.342985166,5.268488743,2.190058153,-2.678671613,-2.923950242,1.667015489,3.919958254,-11.62037656,-3.347882345,4.563719985,4.70751743,3.492389339,-2.129050609,0.021508852,-0.346248327,-6.150244223,2.761785318,-0.898565552,2.106339211,2.195874427,-0.769752208,2.982413256,-1.020847994,-0.98195176,1.218118159,-2.971904173,-1.878613823,-0.913208251,-2.331811008,-1.440622029,-2.65E-15,T
-52.02465829,-37.92349335,-14.24269571,0.331399183,-13.89752234,-1.325840649,-2.7596519,12.0374356,0.078484365,4.726109564,11.95942525,10.92573299,-3.227662017,2.72853096,-2.955256124,2.336943335,-10.48622213,-4.034610371,8.218964003,2.70947693,1.730294828,-1.141514681,-0.204461028,7.180993688,0.552082834,7.100138796,-6.544231964,-2.877030773,-4.233326249,-5.974304721,5.458241809,-3.742944561,0.408671289,0.862268872,10.02803179,6.536453034,3.775733881,6.085122924,-0.88251675,3.024198126,-7.339600374,1.166490775,1.466837762,-3.404433263,0.683261835,-2.97640751,5.941699806,9.818109072,11.18601387,0.029850372,17.5259087,-10.15158009,-7.334274942,-0.359896571,-6.256447253,11.5331508,0.022176796,-0.432671207,0.502656315,8.495733949,-8.777497288,7.58348353,6.642368044,-3.255332689,10.73651201,-7.741172399,4.751875945,10.10036821,0.746812954,-8.24223998,0.575040682,1.55E-14,T
-16.35310746,-6.846774117,-16.11932095,-1.801819484,4.603239451,0.205134519,-11.31146749,-3.028823909,3.825301093,1.925167963,-1.893176018,6.446226826,0.817695732,-3.664450187,-13.91247476,-2.300846479,-11.86143767,2.864149976,0.467455242,-3.825432401,1.141523981,1.529401265,-12.62765282,7.828079253,-1.392822777,-3.799956789,3.78042684,-4.564340346,-7.626619024,4.70156334,11.09748066,12.06277635,-1.858123635,11.54879248,-9.454172599,-7.657137879,0.742474388,-14.65958376,2.509464466,-9.087497215,6.941840268,-12.24208262,3.96129768,-5.639710228,-1.909739262,1.194604035,4.013512046,6.89215823,6.468840497,12.1954326,-7.445793299,-8.00755458,6.103038383,-3.877331838,4.828882154,1.428228936,-2.207552867,4.344416391,-3.351968801,2.762084968,-10.61351246,-1.485880887,-7.371673418,11.23844984,11.87845101,6.946314293,-4.564002122,-5.713087155,3.668727411,-1.226733575,2.1849667,-3.95E-14,T
-77.57559296,34.44131945,-36.14325172,-17.34127352,19.84208323,-44.76302907,58.0021274,-19.27467117,-38.96023448,-1.320820882,-17.17972759,14.46922164,-18.41158788,1.53325931,-9.37139134,6.165509008,-3.026795718,3.983018702,6.413509323,6.812232268,4.683596717,5.791236224,-0.536674578,0.17008369,-3.056290939,3.511846206,-0.977878259,-2.386073522,1.318662624,4.717660273,-1.868251881,-1.492900282,-4.932717347,4.139106255,1.881423269,-6.660941715,0.270874356,1.67875273,-2.91906332,0.390016474,-1.231264426,2.743713258,3.225395304,1.200467755,-0.227656574,2.381978334,-1.46048062,-0.414516315,-0.682304124,1.002680382,-0.223691554,1.79985002,0.905247872,-0.321023147,-0.082226337,-0.79083028,-0.839298556,-0.588119864,-0.96698573,0.682486353,1.176742729,1.289302872,1.131556595,-0.501585798,-1.312571353,0.053223882,-0.865023661,0.487606652,-0.034904363,0.045522093,0.540478661,5.00E-14,T
22.59873886,-12.35447633,-2.643486053,-0.516778644,8.066319509,-7.774850691,-12.73784238,-11.63757326,3.051526445,7.69177952,-2.660706822,4.077141789,0.882463536,9.909091925,-4.776886813,-3.511751975,-9.625427162,-1.590952306,8.678885555,-7.628035072,5.008175175,-2.314657195,-7.114276142,7.687979741,3.839478651,-2.828397552,-31.56316754,6.105302385,1.453786095,-0.385409534,-8.175995983,8.285154898,-17.46420057,-13.43062708,2.938221482,0.167459976,-3.90026016,1.421728687,10.91607861,12.56777563,-1.462595578,7.217616174,-15.56122015,4.432447186,-8.496081514,-2.429185636,2.117401415,-11.67745672,-3.975192096,6.720690736,-7.396687618,-9.032282203,5.406446519,-4.312338979,-4.685721704,-2.423245976,-3.978913978,-3.497285807,-1.960185081,-1.634766415,-0.914556997,4.429023893,-0.673627556,0.043357057,-0.042166735,2.222769375,0.070791007,0.015141552,0.860364865,-0.840999415,-0.471464575,-4.42E-14,T
9.92218099,-18.577167,-4.520974802,0.712304705,8.908771489,10.02426378,-1.263845308,4.25746638,1.343611637,3.916513941,-1.019518772,-4.020143466,-1.953428259,-0.964129754,-12.18258013,-6.684478064,-5.166557215,7.880375675,2.484711254,-6.057484473,1.638015255,0.538101427,-7.654372438,0.687140347,-2.272479937,-1.077968755,1.20629253,4.5186167,-2.366125588,2.498533541,11.88942508,7.531677868,-4.319621901,8.580532603,-3.713936179,-6.568440287,-8.340930136,-13.58806299,4.185571836,-6.622061952,5.994927646,0.358182296,3.052632079,-6.474184877,-2.160463069,-0.446304318,0.006915995,-0.490425759,5.089256225,1.197017108,-0.250275042,2.153322407,2.988642742,5.666757181,0.257626016,3.064401285,-7.914111605,-9.626389154,12.83897163,-1.147072411,8.353775879,1.659174605,-0.234748924,-22.12700851,-13.58708119,-10.47979435,4.159359542,1.776599908,3.632200177,-5.841955479,-0.789565573,-2.11E-14,T
-137.1290524,-37.19130506,-32.36956136,0.807861154,25.21946944,17.71133638,7.256569077,6.491804383,25.40561802,13.95039184,-11.37529551,-0.59507994,22.24668375,-46.78887089,4.934348172,0.57010043,5.351415449,13.7376433,15.88058057,-2.18658942,1.685263743,5.795955011,9.213701906,1.808714567,7.38398485,-1.492783502,2.962918696,2.13161485,9.020306134,-2.240233206,-7.159243867,0.918360706,0.129297152,-0.601950409,2.031965466,2.052704915,3.497318721,2.082801035,2.273467552,-0.61474459,0.010209544,3.23208294,0.883472621,1.060390645,-0.435565724,-3.583893316,-0.408786952,-1.631753593,-4.648140981,1.857826918,-2.698586009,-0.254378035,2.180739262,1.025346293,0.265017792,-1.353742856,-0.5065684,-0.697145849,-1.489526074,0.451204154,-0.202049364,-2.480953948,0.098894308,-0.520767777,0.200714003,0.271715251,0.125190692,0.852325046,-0.645038666,0.597929947,1.101103849,1.46E-13,T
29.25445313,-43.51241888,-16.1738721,2.474260491,-3.901441182,26.35240903,18.08165888,-24.61976924,30.10054617,-6.01814964,-34.51161154,16.07918091,8.77965606,18.31231881,-4.023688132,22.46991711,14.53674334,-10.91678378,3.597534883,16.87097877,3.487918829,-19.35082535,-5.960905662,-9.704219528,-7.382651014,-10.84337105,1.289990861,1.604798992,-5.354541923,2.649352769,-5.696439258,6.034971361,3.456667683,-3.045402404,2.336123231,-4.455435499,4.095349921,-4.315905408,-0.814382637,-2.353716388,-4.578247239,3.672639416,-4.347799528,-3.34391995,4.071812934,-1.738343115,1.860974755,4.069530728,3.442169276,-1.904202578,3.170646296,1.075423294,-2.442428173,-1.627468851,1.732295963,2.628879657,-0.015288127,-4.038058987,1.470727372,-1.159797919,2.255121377,0.393302467,-1.522296032,1.086363557,0.458167062,0.926093932,-0.685630993,0.91568531,1.002812511,-0.061818927,-0.204340515,-2.03E-15,T
35.18107978,5.223448635,0.596515811,16.8855937,4.515005405,14.65184023,-7.183474938,-1.176912956,4.328262396,-7.87938942,-4.509930255,14.08883477,-9.521271525,-0.039236425,3.289791526,9.869353313,-4.091954875,-2.030197143,3.379904425,-5.324203947,-0.227498338,3.571898807,9.873893047,-5.602100407,13.93218848,4.493444288,6.120992384,10.6683422,-1.786219254,13.55554679,0.645847256,-9.308057992,-3.152544302,-3.129037251,0.014893025,-3.545589932,-20.70329126,6.463615607,11.20959798,-7.03231931,-6.790056282,10.2404654,23.5021518,5.52397503,-13.75841695,11.50958448,-1.812319811,3.803531662,-0.84180431,3.47924953,1.319572422,-8.331476629,-1.443107465,-5.498998015,4.695802479,1.680884094,0.598296919,-0.598156463,-1.300613143,-8.391713572,1.195066398,2.336047253,3.750840586,1.672463964,2.944349746,0.211863341,-1.2072593,-1.103360871,0.510440068,0.511132623,-2.026808341,-3.19E-15,T
42.24274861,7.905757622,-11.85541571,18.22085347,-23.09841046,0.581021478,2.49887228,-9.56847778,-0.490708084,-0.773169478,1.838302536,-2.208363965,-1.933912377,-6.241118935,-4.816639986,8.624843548,0.745766925,5.430773101,-2.454659916,-2.533167003,3.227283219,6.802689737,6.288277957,-0.981267101,6.16188618,11.68145215,4.494890908,7.488672925,-4.593059033,-8.123029142,-1.210610278,6.36393865,9.126690686,5.977920706,10.78077658,-7.324988706,11.24919618,-4.357046435,-0.700680534,-1.620446403,-10.22807281,-17.60206259,-7.691717733,11.30032055,-12.9442407,-0.920386387,-1.598589444,-6.14992595,-7.557076178,9.673047619,-1.344153872,-0.386475187,-13.24519109,-18.13152796,1.043403148,0.567238548,1.321177512,4.73721317,1.396115205,7.744863493,9.431128912,-0.3330139,-2.528137023,-4.280961675,-2.366204267,-1.038520922,1.559650642,-0.374061168,1.689630674,-0.851877512,0.536713244,-3.47E-14,T
-33.58939093,-8.113654505,-24.49089643,-4.845059768,-11.82483504,12.63577429,-2.868273173,3.554403384,-5.862957286,4.517058367,5.613551238,23.75902756,3.948871091,12.62655585,13.90487712,-5.968388977,-5.898522479,-15.59602981,-1.359317368,12.23725502,3.720539143,2.080103306,2.082818038,7.632435459,-0.445554198,4.295313156,5.264935908,2.637349042,-1.74308253,-12.55735009,10.19514556,-1.782754261,7.97744961,-6.403228249,3.370808193,12.68687109,-2.456911849,2.1898492,-9.208111264,1.594889425,9.397283708,-3.863066376,2.406823929,-3.662360303,-6.040274773,-10.68415653,-12.71549233,5.349231345,-4.745920006,11.08626907,-13.05970261,6.685284288,6.381947772,-3.114596453,3.690070745,-9.233940536,-4.863417287,-5.884428967,-5.550701094,-9.824622157,2.924224454,6.094800239,2.618297768,-3.154823397,0.432624297,-1.733796654,-4.814993951,4.481056136,-0.018238983,-0.180286963,0.259806036,-2.43E-14,T
7.625014752,-6.95399309,8.958807146,9.670915907,8.978893198,4.648602503,-4.963105647,3.97401239,-0.63897182,-2.520668465,-6.606908643,-2.069635721,-7.932190887,0.160023436,-9.142565767,-10.49726953,-14.49931693,-3.210325281,6.437179343,-3.515085122,10.39772748,-7.847387346,17.48373831,-5.458061846,-3.02703007,7.657245197,11.95897772,-3.845987702,-8.52945546,7.681184339,-6.694572346,0.473496717,4.558447086,3.313496843,8.727013913,-0.818463339,-0.613049872,3.201815683,0.340067233,-0.860556511,0.350849966,1.553490868,-11.61314595,-3.077959383,-0.582721722,-4.951821419,-2.808663869,0.98216172,6.11091297,3.391722067,11.65353628,2.437534082,12.94143263,7.046732513,-12.69997276,-8.802088008,-2.226868405,10.08582972,-7.464437635,-2.991794623,8.987750049,2.94185717,-8.037579645,-3.840337567,6.009824847,2.70770009,3.312629817,-7.475703286,1.836673088,1.546850481,-11.54591908,-3.00E-15,T
-9.541998103,-10.6901315,-6.293362305,-5.696389789,15.22512905,3.320439843,-21.72623962,-5.58934019,3.111652734,-3.117420553,-5.003983906,-1.237168086,-7.40274734,-1.814775148,-7.326265526,-11.1891953,-13.18858556,2.895783542,-1.539658347,1.825141744,7.281039688,4.601893652,-5.078295739,1.70107735,-8.51153248,0.184527513,2.584637115,-7.382008557,-8.033457809,3.496469563,-0.306949151,-1.045226957,5.186448565,-0.111715029,3.77290367,0.31299758,0.39711393,1.801110506,-1.053108468,2.232264374,2.423274574,4.555029723,-3.111970057,-2.335893286,-10.82167706,0.045033186,-0.829176287,2.961035846,-6.125766828,1.369438449,13.32221347,8.763330211,1.419823774,-4.594665186,0.175139989,-8.58713919,5.915076322,-8.290243205,21.78971459,2.898031861,2.873269238,-3.290366822,12.47139179,16.37427142,-4.537573591,3.515134141,2.335328542,2.832526695,-2.276560338,5.587258138,4.955172062,-4.53E-14,T
55.18937561,56.60733565,-34.52784876,9.808000354,15.91025462,-23.57889524,17.00696145,-4.522640017,37.73493687,-13.94945563,8.36924255,-1.918783599,6.691677171,10.76344783,0.163612526,3.929968077,-3.742841687,-5.298103856,-4.680948075,-12.44781896,-1.168450746,-1.011146241,-0.348956723,3.426872635,17.0431005,11.65238243,-8.29111163,-9.229125081,19.78785328,-3.538222048,-5.123563756,6.592156511,14.42252776,16.033374,-9.487482992,10.08265901,-7.543872214,3.397750965,-1.652731042,2.488393901,1.387147127,2.46843678,-3.24960069,-6.562996298,-0.596759849,-1.041903085,-0.984716163,6.462582854,2.255574182,1.251466245,2.109099367,1.613529088,-2.209215885,2.252925919,-2.129222748,-1.464021531,-1.332422336,-1.313556978,1.73004484,1.196061689,0.690070731,0.161065717,0.819272128,1.449618914,-1.780141152,0.421348048,-1.184141837,-0.757420812,-0.816022298,-0.7988467,-1.561028286,1.60E-13,T
-28.40400617,18.71392345,24.25605904,14.94898671,4.790731979,2.86668228,-3.969610741,-3.199565644,-7.640491917,-2.986841968,-2.789911257,7.318042656,7.900623529,6.222584798,-11.31807333,-18.76039438,-3.977534549,2.766767571,-0.262930712,-1.417809927,8.219151609,-9.574283999,11.93813816,-10.98354182,0.364241949,1.921604928,-4.978179567,2.258893726,4.997959601,-6.067217039,1.797929834,2.042988705,3.573097183,1.896179622,12.55861797,4.247968762,-8.414657127,-15.95366138,10.33264285,4.671433918,0.103229071,1.217933027,9.728617599,5.000152916,22.41955307,4.815185145,5.152938959,3.114013284,-12.21386447,3.939120527,-5.108137599,13.35038967,-10.58972507,-2.838316126,-8.515682746,2.444422764,-4.210565309,-6.558022667,-1.6868229,2.629549985,-3.787461286,-0.749861742,-1.397390321,5.750978874,2.540768274,-0.701542064,0.047695049,1.080290907,1.607250213,-1.061646993,-0.577450425,1.25E-15,F
23.95855057,-34.48393073,24.95499795,5.71044999,0.382367707,6.896132597,18.74328294,-3.623217389,0.299999478,2.937963455,1.355506896,2.801632301,3.825381828,-0.198691245,-4.116534856,-3.757377594,-3.564258087,2.010628506,-6.09863349,0.356209852,4.489341996,3.691427481,-5.160594168,9.713765098,-2.720532001,-1.683060368,-2.357367906,1.519292276,1.631278984,5.106238212,-0.686986782,-3.989900799,1.152417806,0.634687153,3.06847693,5.640095407,4.026597914,4.611378216,2.6947652,1.412936899,4.564163989,-2.976997875,3.546688901,3.898839513,7.996711382,-3.870522923,-1.907889982,-1.958428876,7.155994509,0.62742242,0.928989202,-9.29260672,-2.828692049,-5.658108006,-8.462305793,-4.19029806,-1.017761375,3.541948004,3.894937447,-2.539153327,2.484251749,-18.1532663,10.79663156,-2.013450486,1.028793626,-10.7874049,-21.5062463,-9.908436504,-5.86946632,-1.234941245,-3.295687253,-1.66E-14,F
-42.58300651,8.121033079,47.65030233,-17.21153749,-4.124317181,-15.64285693,14.27562198,-1.942564634,16.25194934,-21.68682754,6.520041848,-9.688970071,-0.60798523,12.12689469,29.92963836,1.45430744,-11.88437168,7.606312873,15.90702233,-3.023589777,7.242412097,-12.73232932,1.723368046,14.43480847,14.48306701,-15.3192885,12.41490076,-0.701534882,-2.871860579,1.157240254,15.16650553,-5.30889411,-0.179586551,0.750421783,-1.035006523,-15.00728499,3.391340219,-0.056346936,1.747866529,4.190761878,-8.803579986,1.031093822,-2.155501847,-4.372112139,0.510775463,-5.914227076,-2.596734008,-6.204769721,-8.812554466,1.487929965,0.174096938,0.151930216,-1.879846339,0.625942481,-0.039390721,-0.195020118,-3.200316688,-3.057322712,3.106124757,1.793777711,-1.225598079,0.122379733,-1.378868781,0.193080794,3.042122525,-1.521601134,-0.599716099,-0.91920558,-0.374703096,1.524122617,0.22402364,5.01E-14,F
1.822974477,17.37924654,14.58571549,-1.586305855,-20.88823792,-10.77837523,0.303220502,9.6051129,4.642755517,-5.007376845,2.802521292,5.824048826,7.312787248,-8.805186129,0.218036053,-7.06110556,10.12972041,10.23820686,-9.455611508,8.002916339,-1.695140767,-3.692274832,3.164741695,6.668277806,-1.563584535,-2.188301113,1.909824486,3.544628277,6.072985152,2.168762528,-5.445495203,-5.202703698,-13.88502019,0.978477365,-6.348197665,-2.720553893,2.751564711,0.852475083,7.15204391,6.837252083,-7.718539522,-1.046596117,-2.134780016,-5.949181715,-8.939471979,8.105223041,-0.933660482,7.288855928,22.2487523,-4.125214648,-3.227636719,20.49256957,8.184565585,-15.28258415,-2.808207816,-2.009382363,-4.884673787,-8.424741958,-5.605685409,5.817190425,2.838477929,0.677853565,0.786180527,2.969076947,1.919461984,-3.539024455,-0.542709676,0.69974295,1.999298624,0.729811574,-2.016389599,-2.19E-14,F
-27.48644696,32.45166268,16.13761456,3.683065555,-3.30994013,-7.420239162,-4.146505934,7.537639753,-6.388893889,-12.38534392,8.988808083,10.03019483,-9.915383926,-18.02991472,-16.94060264,-5.996541369,6.045912849,0.687167344,-7.376761336,10.87979103,-14.86831832,-19.46174632,-6.105890641,8.646407423,-11.25932632,-10.70163248,7.813490604,7.434496657,8.478166896,-5.989675496,6.020845309,20.5304356,8.747983934,1.697233197,4.641454575,11.25472069,-9.799809887,5.173020309,0.459083711,1.818035074,-20.89299733,8.301609598,-1.877696677,6.276596886,-2.63301692,-3.773583945,-3.154447083,-3.929945599,-0.218604006,0.308513838,0.256257702,-7.043978264,2.787874605,4.064292933,5.377446405,-1.172627717,0.717466701,2.194215574,3.487656618,-1.685748886,-0.184446131,-2.25991133,-1.703552359,-1.054110119,-0.25884184,3.196160724,-0.259320315,-2.065252684,-1.429060114,-0.67575052,0.377965132,5.35E-15,F
-38.00977502,64.93424825,39.42570624,20.92364181,24.44605502,7.595489105,-3.702436082,13.78302079,-5.309487501,16.68287215,-9.86949764,3.32504656,9.433220159,13.91790871,-21.01537336,-6.887582169,27.68463196,-15.97911157,16.80573145,-5.936653134,0.237119293,0.919929572,-10.80222956,-12.69939933,15.15927105,5.397115061,5.620333295,-11.10265238,-0.899588883,-3.831788551,14.88230323,-5.008990495,-6.692774122,1.274625935,0.190543362,1.813911443,10.75435881,6.918316082,2.155799131,3.500644221,-4.587266412,-3.612902334,-0.592297875,-2.128775144,-7.662081935,-3.628727171,-0.215645154,0.018231213,0.935153031,-2.64316915,-1.11545006,-2.108506664,1.81117611,-2.325831192,0.004188899,-2.058907937,3.262870951,1.103266545,2.292374178,-0.563740209,-2.64720709,-0.616490867,0.159625341,-1.057116387,-1.575813609,-0.151499901,-1.247651991,-0.265674441,-0.758431112,1.389687482,0.399778286,1.67E-14,F
-8.130108891,26.82899432,8.858601158,-14.70554572,-6.014543771,14.04544353,-5.084440968,-7.996076188,-10.04779154,-8.669471436,-8.000385393,9.26706418,10.77596853,2.608920993,-1.936501813,-14.78657269,-5.923691883,3.323839036,-4.483866588,0.990839979,5.499851183,-1.705390763,3.974944446,4.63897407,-5.482734212,-1.315342173,1.094989369,9.438780079,22.18092526,4.190776751,-1.002100171,0.018321674,4.488072064,-4.563232309,5.432771885,-2.331925038,4.830475353,-1.489764408,-5.930483602,-9.679979259,6.550840655,-6.409171655,-2.790691206,-18.48357085,-13.70828308,6.666477878,4.716417766,3.596896334,-10.82519905,-20.33032513,-0.348254236,-12.38222356,-2.487486405,-3.354421643,-8.695456183,4.422113636,3.76043677,-0.893976412,-3.60762192,0.014783373,-2.946515199,4.969531527,-1.209156418,-1.616832134,-3.285830427,1.743923862,-0.959611568,-3.662889012,-2.218691386,-0.019889796,0.328334067,5.01E-14,F
53.75313033,23.13753336,-7.728317974,-8.551957217,-8.457117202,16.03975147,9.340911826,-0.065249703,-7.032837087,4.877200136,-7.095098059,-3.073367303,0.277848305,3.489716371,3.842448584,-15.51260103,5.49478757,-2.692942967,0.226430382,-0.168866492,4.576378473,2.875764667,6.905444869,0.195494366,-2.607840316,-2.248779509,5.863496719,18.71017368,13.04495492,9.283688855,0.592504416,-5.718234001,-0.362652185,-0.698604524,-4.54172888,5.35370292,10.09801043,1.298837988,-5.322041541,9.854215154,0.348443228,1.545636585,0.006186311,-2.615705008,-7.113590887,-0.291741954,16.61145144,-7.635405441,6.337440822,23.99172973,2.383985923,4.289911528,-5.725606638,17.88339948,5.220115163,7.728994034,0.657201811,0.287131933,2.708650993,0.686796216,-1.628617181,-3.237517299,-0.384959288,2.611804249,1.589657668,0.192595164,-0.039806613,0.859872193,0.444603466,1.81394757,1.103937668,5.83E-15,F
-47.06465642,18.50657037,50.90508438,-13.13598883,-1.09159613,-10.64049705,-20.97550693,0.370826808,-0.471043359,4.52344262,-3.309153726,0.739749188,-3.691259134,12.04057294,15.64822694,16.40235032,1.420925409,8.134397258,21.0436628,-0.844914549,16.23542419,5.264654901,-15.69947269,-0.275283818,-16.23409681,19.85879797,8.157307339,10.25198262,4.491355697,-7.598142541,-23.2500103,7.36588161,1.800639342,2.398463928,-5.949484642,8.010539847,-6.534523654,-1.724156643,3.86446117,-4.752512985,-2.406288439,-5.825960744,2.337357585,-0.305461952,2.10193587,-0.556893519,2.312095417,3.294877858,2.861433589,0.855629962,-2.035089439,0.443517091,0.823050751,4.223853702,4.737842779,-0.558923566,1.962639363,2.188864216,-0.977898837,1.406555751,1.484816513,-1.198004661,2.507528896,0.133515632,-1.347147346,-2.002699721,0.377168046,-1.374494029,0.686503541,-0.974768581,1.961871785,-3.97E-14,F
-21.12464234,18.62561031,47.76572972,17.93939783,1.626628186,8.417601707,20.2510846,18.0504835,7.223371101,15.831189,2.286916534,-12.97474151,4.73201265,1.045158573,-8.938890072,10.79752399,-5.526028633,4.685822136,2.837600068,8.832083312,-0.675040234,0.780128137,-0.931846737,10.03788163,-1.396038099,3.769987551,-14.52202991,0.191742932,-7.678762532,0.607541467,-0.634341176,-5.870963115,14.17067728,-2.149355472,-1.039816453,1.791434357,-1.64563121,-11.51921474,-27.64333114,-4.122446104,1.908572391,10.05738835,-0.762481203,4.777837619,-5.58948415,18.57426585,-1.360483353,-8.266204958,1.135319035,1.687871627,1.614906495,1.109506051,4.067598639,-2.274646089,-0.322953633,2.416152077,-4.576972316,-4.13976789,-1.530585425,-2.63193883,-2.299936591,0.176976447,-2.121161071,1.27868847,1.549064589,2.654517748,0.022489038,0.998604245,0.924921602,0.451289193,-2.040850394,-3.84E-14,F
5.907989516,22.33701477,21.13390111,27.59842719,15.8266146,25.50767927,23.64917246,-0.965022377,-7.946313488,15.84656457,0.869013065,-7.246370394,10.05287722,2.683965188,0.840764893,1.819074812,-24.57485766,-3.663992983,-12.45788408,6.421319009,-2.509163906,9.621569458,12.19594778,3.407050427,1.933860317,-5.21471288,-1.620932264,-6.122245215,-13.33127469,0.939940905,-9.776727967,15.59071755,-7.838973744,-7.264595477,-11.32470573,1.338668026,-3.551591156,11.16820152,2.482994491,1.380516322,-14.99291457,-15.39800904,1.742435769,-10.13260198,1.443363695,-2.318125901,1.431739742,4.739757619,-2.183729604,-4.969163561,-2.095493337,2.926191643,-6.760174944,8.242496953,5.064537072,-1.824478791,-0.537085601,-3.459914674,-0.497938466,0.914831952,-0.614641027,0.418650872,0.362013627,-0.851919247,-0.185938836,0.107084765,1.413971785,0.692718893,-0.895295013,0.250530499,3.637853864,-3.20E-14,F
29.3008464,13.95596668,-10.67629981,8.881501395,18.27973668,1.149032913,-31.01604465,-0.828927097,-13.46804796,-10.95904899,-5.214095362,3.282638292,-2.282059083,-5.403755631,15.79004891,7.0388253,-0.053474119,5.628924818,-2.058593378,34.3728278,9.927628478,-6.660772503,12.76087768,1.449347176,5.52973608,14.23563203,-11.29108757,-11.00337191,5.608546564,-4.512085698,13.21104623,4.091620173,-2.14179472,0.826881978,-16.08570172,0.959953032,13.80700144,3.846448686,5.48173249,-9.510888855,0.782003617,2.645770269,3.172588544,3.293746812,7.342349182,4.687293338,3.358413706,-10.24438221,1.88812298,1.307406812,2.565199267,-3.988723514,2.873079357,0.146998258,-2.302588813,0.785716384,-0.713665277,-0.670563401,2.593942054,0.984777854,2.716534691,-0.485037581,-0.597383202,-1.651922436,-0.907521849,-0.354066087,0.902431619,-3.172222512,-0.780736165,0.745428693,0.652824324,2.48E-14,T
34.90631826,23.41434641,-21.71863305,-20.70910539,-24.02208314,24.06333133,11.82823313,14.10217557,5.827598379,-11.07240829,-22.95110767,-8.687700834,-9.797674483,13.85904085,14.57203251,-33.73233995,7.928886821,16.24924102,21.85238756,5.404236677,-23.35378565,15.98398214,-1.953006956,-0.077671306,0.858471513,2.151046929,-8.588064425,-7.108133241,-6.259958044,-2.144785258,-1.683084123,12.13573145,1.336440316,-0.877266929,1.0514598,0.440453532,-4.713197344,2.328035555,-2.392089939,-3.007061254,-1.467494268,-0.731729643,4.249118249,5.549932778,4.273237004,0.777761262,-2.657671691,0.450466237,1.038914709,-3.520351783,0.92775228,-1.315758304,1.376191763,-2.859154995,-0.979317524,-1.043664117,1.934815873,2.172533021,-0.494224212,1.570367882,0.884552576,-1.143849826,0.485242502,0.867823,2.723698368,-0.456917461,1.221829535,-1.406431288,0.682754648,-0.360349466,-1.871561062,-9.98E-15,T
16.87731107,-41.34948876,-12.17767049,-2.247147782,-9.899825509,-3.143197517,3.435378452,5.808486198,-0.573175919,5.345125027,9.537313623,6.715915974,7.100566435,2.854918252,2.041189414,4.796310663,-4.912834918,-3.290597267,1.33935433,4.155265209,1.888708214,4.083298788,-3.326966302,-10.09126214,-1.491040124,0.162296042,-4.008076199,-4.570206972,4.54847117,-6.186838451,7.992286929,-4.155642156,-4.121608115,-0.029610034,4.773952837,0.425724449,-3.005469131,-2.796170768,-5.793349693,8.455357123,-2.708432372,6.301857014,1.212471395,2.57350721,-5.895432826,1.151449694,0.640482625,6.203021082,-4.594368051,-5.528382086,-2.51616121,1.394719443,-1.110053429,6.889502409,7.668631661,-2.793478252,-0.31235159,-0.937820721,-3.941817808,10.34550803,-0.068506495,-6.562948287,5.193284367,-2.096389374,2.656882762,-4.097819522,11.97283218,-26.52482475,7.000480026,5.045896009,3.190595261,-2.23E-14,T
-2.759627068,-10.71981535,8.153464061,17.75339926,28.68046222,8.999986957,21.38668844,7.119138741,-0.243229524,-3.501983042,8.370938673,-34.02867436,-11.60598769,6.057348117,4.794812394,-8.005182212,-0.627911601,-0.522507765,-13.18471174,11.19358077,4.590228146,3.818635969,-7.802923831,-6.554098862,2.350140926,3.291542557,-1.239124547,24.37085701,0.746812866,-0.42402008,0.173078721,0.29525885,1.475009642,0.749817207,3.082406827,-0.552892582,9.86675116,0.17542485,6.901453464,-7.378070536,5.811094389,16.43648744,-0.721556831,1.461227782,1.475169549,-15.15430802,-6.084850838,11.75082785,3.892516931,-2.2469434,-7.104854386,-4.772969356,0.897124934,-7.172384776,1.643006375,1.037265786,2.487808909,2.555402149,-0.820472754,3.974810758,-1.795884141,4.171485629,-3.016357287,5.545788334,-0.206065373,-0.803716269,5.38620406,0.769299193,2.073785056,0.347404832,1.247008101,2.33E-14,T
41.09113207,-24.40145824,-0.603341918,8.243333842,10.44515395,7.773102496,13.92143019,15.14069497,-5.556131143,17.64389575,3.88469892,-18.12310307,-3.969782804,3.853931165,5.105988757,6.870301443,-6.488829613,-4.483025278,1.823460012,16.21273288,-12.27060603,-5.434833572,-11.76174711,4.920279579,-5.861476634,-4.348425241,15.95725474,-18.35431879,17.62313451,-9.650434628,-3.6004974,-2.943000414,-5.191490019,1.813977065,6.317538941,-3.457898894,-10.37291443,1.016628762,14.6835917,3.452267675,14.07731621,-3.82727166,-2.386650583,5.773413028,-8.567061455,3.294171737,5.044191755,-1.494060688,-8.532144847,3.534573641,6.493150968,2.944460732,1.196589079,-2.408496928,-2.86647958,11.18298399,-0.641704884,-0.608742595,-5.784405068,0.186518266,4.568996398,-1.247355304,-0.649922795,0.163226265,0.955841559,5.05995367,-2.761669282,3.348794814,0.0411926,-0.555879163,-1.234697186,-8.08E-16,T
17.63141235,-35.00962951,-8.376995803,5.821209019,-0.909286317,-12.06655344,-12.2677368,23.81300636,-22.55087111,-18.14980789,-17.95075971,-12.04758254,15.62832909,-3.373663391,2.2694017,17.88232994,-5.23234461,-0.150727141,5.580839778,-1.580947037,-8.412299053,6.792220451,-9.689609365,-0.246266161,3.418209598,-6.500439511,-7.118050583,7.970556533,1.922273624,-2.041215253,5.059423983,-1.688094134,-2.732485243,4.116641583,1.989967146,8.320640855,3.339364675,-6.364711714,-1.792853595,11.64147457,-3.279077994,-1.337743,7.098183318,-7.229457568,-1.164710289,0.167392395,-0.031602545,4.886132952,1.907066802,-5.971966437,3.320168272,2.606867685,-9.760158739,2.839860576,-5.371971624,-6.177751493,-12.70650514,12.50300805,4.758009146,-9.710822268,11.17315193,3.404761728,-7.315323969,5.731639892,0.804506601,3.327910893,-2.002528137,1.743006689,-1.519779329,1.509877817,3.442657903,-3.85E-14,T
17.46085349,-32.26055061,-3.230049655,1.502740545,5.07676227,-17.8399257,-0.605245464,34.91817852,-22.02107849,-37.14909614,-25.55197904,-10.41046335,25.20053162,-0.829158621,-0.707035372,6.679112392,3.465558386,-17.72103544,-7.742270404,-14.13937105,-2.253993508,1.334494957,4.849541829,7.316286773,-1.4160488,2.735466575,5.099911736,-0.663418523,-7.328976896,-2.219442004,-6.113774951,3.001805692,3.558022012,-6.124595975,-1.804854376,-0.496873993,-3.758812502,0.59356751,0.586751373,-6.525949456,1.760353396,1.374447969,-2.631490733,0.603660772,1.496834308,-2.53465878,0.228415391,-5.6618306,-1.678097514,7.082664688,-0.503831564,-0.172034975,5.749894411,-3.093569323,0.46193782,4.199779896,11.22194727,-10.3493088,-2.993866043,6.235635074,-8.694290814,-1.894446084,4.554268392,-3.361309432,-1.888937099,-1.312984901,0.94874834,-1.629299478,0.526406614,-1.086827468,-2.094894687,3.17E-14,T
32.94995391,-35.36426625,1.575836471,1.274533046,3.893487232,-2.231753715,-8.428932444,12.63144902,-5.328757289,-5.265820107,10.61958416,-2.596161781,-6.810965018,-2.25294508,1.407867956,0.05117201,2.011086638,0.460911103,7.798247509,0.733538526,0.309117263,-2.046594961,8.586756147,-12.92164342,-3.378950037,0.834222314,-0.663631489,-6.906608786,7.855097176,7.677574276,-2.254568773,0.544535736,-2.085544285,-0.449319967,1.976896362,-7.339697535,2.659473405,2.007104136,-8.622958009,1.20081547,-5.22535433,2.065236356,-4.563861223,-0.953092204,0.799581393,2.689835177,-2.509306505,6.222035648,-2.650362283,-2.503396146,-6.840780742,-5.210341071,-3.087337744,6.308888285,7.49173519,-8.289669019,-3.53461679,-1.052038641,0.278651808,10.49932642,-1.342661183,0.754136986,3.758487034,1.949742363,-6.29661617,5.444603113,-17.45062333,9.381140603,19.53764407,-5.436534559,-5.20067743,-3.65E-14,T
25.73507465,-28.24529623,-5.893428786,-7.648238899,8.809214486,6.968250713,0.234779858,-3.609915489,-4.787607519,12.11794499,-6.496661648,2.252155306,3.163542426,0.724572382,-2.203163141,-0.914726036,7.567618067,2.610630769,0.008517086,1.017136493,0.063657181,1.060563731,6.047577344,8.328299362,0.714152826,15.04176922,3.811192354,7.529920994,1.950989214,13.91479215,14.11096959,-7.848881592,-2.379093368,1.326653445,-10.70103932,4.195706658,-20.69316819,-8.809559148,-1.154489386,-1.108525172,-4.331235387,-5.141607083,-19.30010291,4.201813493,4.235729934,-12.4969981,-8.467453582,-9.782793928,-0.186065969,-12.48543385,4.993444185,7.713523426,-5.231523678,-1.830558569,5.569789756,7.562578908,-3.68042031,8.517834856,-2.757306072,-0.07570282,-6.064817381,3.349779917,5.876401247,6.052875519,-0.312873006,0.613002394,-1.053523968,0.223933121,-0.03527899,-0.320078218,1.598559075,-2.96E-15,T
-70.49432348,-25.89838927,-24.66386682,-7.76451548,4.581894122,10.59617169,-0.811788586,8.955184206,4.656591038,3.718828626,2.635998912,-11.51364493,-4.345983305,29.62866519,-10.20353373,8.940878412,16.19679983,16.97364163,-14.63042187,-11.19507593,-0.497655097,-8.221575349,17.17956044,11.13116372,-10.2667159,-2.108959431,2.684162226,-2.352881539,0.129097024,-7.399297192,0.605332514,0.8769591,-2.78416102,3.801609762,-4.768609543,0.389425356,2.531177494,4.832531318,2.956615559,4.835891184,0.399293091,-4.333797041,3.763738506,4.071034533,-2.542629522,8.679055649,-1.163159757,-2.79802472,-5.134717156,0.74095538,-0.480442971,-5.580177578,3.494713904,3.119636799,-2.567900362,-4.577852448,2.035425844,6.250100792,-0.734187772,-5.754923946,-1.375191154,3.461658024,-3.01899239,9.884091215,-4.870074035,-15.71663806,2.325007391,0.169260527,6.552242435,1.77796527,1.808490582,-1.83E-14,T
7.093361223,67.82432868,-31.86684354,5.859334056,21.14776599,-24.45465006,-16.08975394,-3.781978853,32.90274349,-7.48779833,3.591543577,-11.07139138,16.0878528,5.604713151,-8.394789648,0.851003232,-14.84004072,-0.560307947,4.499988074,6.155131054,-12.93952606,5.365291453,-3.164246027,-2.539651467,-30.49115681,3.512170858,2.273084297,5.380525971,-3.489206116,6.611788936,8.675278288,-15.77163619,-5.032353855,-9.276027144,9.229816761,-3.06586423,3.337142354,7.463644191,-0.739729268,-2.687644699,-4.641379546,-6.226699961,6.014229817,1.281826601,5.252224477,-0.537473707,-2.318922963,-6.522261149,0.549852953,0.216773249,-4.54755672,1.196612994,-1.921759936,0.26210801,-0.449319644,1.952843062,-0.865266382,1.450169022,-4.054387757,0.043195197,-0.498033477,-1.170038235,-0.294350202,-3.843760348,-0.535080566,-0.549936746,-0.339197882,0.886318638,0.790128017,0.681941119,0.473791602,7.36E-14,T
-12.33178728,19.79979362,34.79354687,0.688730993,-12.22150052,-8.211558274,7.11652673,10.45052668,3.059964589,-7.298765828,7.903690433,15.49892734,5.340427106,-6.652252201,-4.066381326,7.476225411,4.290244341,9.463501896,3.70150443,5.707044075,-4.350510677,-9.229291785,7.430921995,0.685336829,-2.792601072,-8.899963893,-22.71224528,-7.064405382,-1.49153023,10.74180424,-1.89183947,-4.198370433,2.430074551,-6.371705102,-2.308075752,-1.744405742,-2.679832434,-0.621098541,4.236551923,-3.687836719,14.42601907,-7.51343495,5.187050189,3.308349171,-7.405226613,-14.28310501,-5.711096721,10.35425924,-0.588779972,7.214495044,-1.92302566,7.168978958,-2.746450688,5.145476022,-1.382616326,7.155957125,15.50867532,14.48389259,5.292772637,1.120218525,2.391804414,2.701852961,-0.458889761,-0.363528588,-6.069378702,0.670417279,2.440308729,-0.692181227,1.881482873,-0.427346288,-1.066982707,-1.73E-14,F
29.78083295,13.45166639,20.85433705,4.898794985,-3.638796106,2.515051388,14.03038462,3.841767149,0.493572951,-6.423409225,7.168436948,12.33858299,6.250292281,-2.45108961,-4.648649681,1.048637354,15.40857772,6.396699977,-5.930624803,-4.125169865,-1.026657569,4.720642066,-2.298165942,10.96092213,-1.986077807,0.266868888,-4.813678539,4.26947964,2.973529227,5.996424443,-0.438163165,-7.113108267,2.909608369,-3.179552067,3.164553874,-1.561493209,4.477745226,2.225991609,7.221391701,1.013052631,10.01034551,-11.71824914,3.061234945,2.618498176,13.69550271,-3.305692715,3.99129629,1.48545642,-5.4608865,0.395080198,16.51560633,-11.59999181,7.915104775,-0.501975817,15.676146,-12.60201391,-13.37726025,-7.86435535,-4.45204676,2.786859358,6.42095172,2.80949053,2.373962397,0.76622275,0.272445753,7.282774081,9.241315463,2.282216276,0.653797874,0.55352205,-0.636688848,-1.09E-14,F
20.67082604,-25.36683695,28.23568186,-26.94864528,-13.8770515,-12.82346673,-1.588695811,-2.40060792,16.40734166,3.729131092,-16.40727274,-4.84392802,-5.034005313,-7.128303886,-5.467434123,-1.328428719,-1.699882677,-5.570437503,-7.074665449,-2.863942829,16.12743858,9.325367649,-1.445920163,1.614965874,-6.223170751,-9.485806357,4.321622008,-5.945869787,-4.947265662,12.22768287,7.216794362,7.298612234,-5.192562682,13.73009221,-6.294438016,19.47440296,6.955768943,18.24944775,-2.421480348,0.51131838,6.507384712,3.071870148,5.053738966,15.52358011,-1.404625863,2.507007591,2.352487849,2.051878947,-8.743808468,-4.480418727,-5.899009285,3.599348128,-5.680818897,-3.860338179,-2.833638199,4.014019541,-5.864709344,-0.724650663,-3.126602269,1.370527694,-2.622883354,7.697996701,-1.281652375,-4.510745192,-1.51919332,4.264714053,3.220104288,0.800010396,1.133659945,-1.385691673,-3.701896077,4.14E-15,F
-38.08707918,28.28002864,26.27576256,4.578700382,3.622596497,24.84288382,-3.796027842,-11.24247347,-9.235992839,-4.859630606,5.609625589,23.44345661,7.77742325,6.933235827,17.15048742,17.63349608,-6.640379759,2.977202922,-9.048125838,-14.58622876,-18.11092737,26.28832783,5.63651552,-6.995074278,-13.09285932,-4.288420783,3.738344013,-10.27995347,8.655471107,5.384835311,6.60803716,5.239231418,0.559187778,7.493467435,2.782997575,-2.341054326,8.151217073,-5.738625663,5.062803826,0.353410868,0.191288881,17.38186095,-14.66091545,4.192909322,3.781732152,0.791750205,-1.03902106,0.78339706,4.687454448,3.825283918,-0.731472725,-0.197020691,0.485605778,-2.777349248,-1.492878679,1.604541007,1.211579922,1.086245106,0.733583701,-2.414637727,-0.40725602,1.234987072,-0.125803181,-1.119592624,0.578801504,-0.173283619,1.424159038,2.030493775,-1.167301813,0.324927697,-0.095757963,-1.49E-14,F
-7.901117317,-16.46040516,8.047541517,-23.39186123,-0.379068824,-17.55410014,-9.223987211,-4.293075812,-7.829296122,26.88526057,-4.163277356,6.643885667,23.74213345,3.534276696,13.16471254,-5.428930368,-5.011458295,14.52811853,-17.41272529,2.825275525,-23.44060919,-19.75356948,-10.52625635,-12.4208837,9.456695027,17.37676422,1.320621451,4.94438414,-14.21487063,11.89720326,-4.291521596,1.666593794,7.813264129,10.97566142,0.613210048,-5.829976753,2.331347831,7.531245757,-1.400370204,8.726739268,0.990918562,4.426900636,3.895388341,-2.752600633,-0.858410311,-2.285329092,5.5731397,-0.349939342,-6.428029179,2.025892517,0.127509826,-2.802501785,3.294836479,-0.89851293,-1.598229306,-0.027193291,0.686561053,-0.612765981,-2.383030811,0.07495208,-0.573408447,-0.310385056,0.163841978,-1.975423392,-2.262354555,-0.20084074,-1.144724283,1.547511846,0.216779161,0.416208507,0.122920019,9.34E-14,F
47.58655282,-11.38430487,-5.761675892,-2.889886249,3.964889955,-12.8606749,-4.40740127,-2.363880269,-1.79607392,10.07874017,10.24524822,3.679034742,8.953760149,-1.335479201,-2.83827872,-5.34474913,1.289255629,3.880891739,2.278072341,-6.323869283,6.705206288,7.448623034,-0.493838065,-0.130411108,-1.152397986,-1.851987244,-2.789655878,1.873415585,-0.840158939,-4.401493923,0.508863403,3.13807972,-0.989653167,0.271314283,1.112415322,-1.791303238,4.639656117,0.3678412,-1.848684797,0.597302453,-1.546622839,4.664850461,3.297520399,3.997580195,3.292356548,-1.728501859,-4.271602834,-1.225708909,-3.811196058,-8.251842139,10.02020305,5.245264202,4.111089049,3.190784251,13.75095334,9.126915448,16.01019232,-11.06742618,1.259313145,-2.839639694,11.26122228,11.1399749,-16.24920895,2.94899239,9.579149981,-6.327149133,-14.00874019,-3.525839062,-2.88543839,-1.407885977,-0.044393636,3.15E-14,T
44.50347558,10.87675555,-18.34351342,-2.613970055,16.7377892,-3.359046971,-13.45276332,-1.303590749,-11.57557737,12.51262336,-2.853386616,4.128734286,1.276509332,-0.027241904,-3.285669101,-0.781996381,-3.82864187,6.67996405,6.399284591,-3.470767173,6.719144226,2.824050266,-4.443477726,4.792508121,5.02199341,-13.10269736,9.918022947,0.629880936,0.054249538,-1.662396363,-0.182753762,-0.981775324,31.36978242,-19.3932556,-10.61805361,-11.8206205,0.935714212,4.80028724,4.409578063,14.55970142,3.087245584,-1.211212684,-2.311283548,14.32481061,4.935518667,5.10100554,2.131265173,7.594309874,11.73155258,-6.937890436,-6.777427525,-0.324795304,-1.67647071,-0.270972361,-3.552243622,0.454536002,-0.678130339,1.841415039,0.305427442,0.179374567,-3.093843358,4.110850525,0.771925012,-2.85756901,-2.424637955,-0.085669397,2.802353841,-0.893624406,0.441690753,-1.504340926,0.880606656,-1.27E-14,T
62.94604694,-15.45021503,4.77734356,-9.402479852,3.4995852,-10.16326793,0.644969635,-5.920035124,-8.465331381,7.645077305,-0.357706052,9.365641172,7.105960039,0.55862506,0.164441984,-3.448210717,-5.036686034,-2.036924932,1.215280259,-5.095702097,2.411444506,-3.32544902,-0.266259945,-1.569293627,2.203190323,-2.367625493,0.876259844,-2.341711166,8.169923472,0.727537386,-3.492215912,-1.20501931,-0.785573428,-3.623986061,-0.965850597,3.833569688,2.46096628,2.848631949,-2.177327883,-8.520645475,1.61372324,-0.421365676,1.095296144,0.721905812,-2.360638395,-0.17718967,-10.96780815,-3.903609069,-1.054353816,-6.468407103,-4.540799883,-0.066099331,0.863952044,-0.849873601,2.560297173,-0.481951341,-0.085768566,1.532840335,6.228641422,-3.525652548,0.121500949,-24.21992274,-10.05929679,1.678550617,12.8241015,-6.81363115,14.347793,13.98337926,6.833904152,-1.830566292,-2.31620109,5.09E-15,F
62.29304275,22.52577533,0.194228406,-12.97309173,27.99248322,-12.08504496,-12.29561983,-9.092062151,-4.617137035,22.3790671,1.742169779,-2.04818979,-1.112579237,-7.020800309,20.29884434,-2.580178684,20.43653722,-22.6285289,5.436469685,3.227134726,-2.431649695,3.183583054,16.2151478,15.39287649,-8.561650916,-15.77504055,-10.08140474,6.968268637,-14.10543413,-6.713284437,-4.252401303,-3.342626853,4.897341086,22.38452065,9.882694784,-3.294778427,-3.591525693,-6.270037204,5.215704872,-1.039459862,-1.524663152,-0.633888935,1.197897571,-4.803432107,-2.76794498,4.537668673,-1.097100703,3.930824993,0.59527411,-2.796855605,-0.528702937,-2.219793244,-0.269279925,1.974035762,-2.119861199,-2.137506646,1.096119081,1.932487424,-1.255030456,2.703916159,-2.272287699,-2.157931077,2.930989217,-1.81665625,-0.801423975,0.435535286,0.227534657,0.117355743,-0.436426493,0.823067875,0.51517426,3.83E-14,F
58.16195876,-23.18856451,-6.85116688,-6.412953204,8.071614391,-7.814977556,-0.937195423,5.286159102,-6.130481319,8.108885441,16.47332576,-6.367371466,-15.94115428,-0.250906506,-2.016569715,11.87858143,8.92412371,15.33748765,9.85353622,-6.243111662,1.917728286,2.664167533,7.814037255,-11.52776346,-4.129869047,-9.364895061,-1.085973834,-9.397975834,-2.232257713,4.733892396,2.359443725,2.694826576,9.281031235,-7.317450973,2.674290969,10.85202626,-2.247440514,2.993879415,-4.467458068,-2.765678623,-5.663817945,2.959005847,4.139937895,-22.32148797,3.880261677,-11.52577994,16.31866872,-5.826845527,-2.390009171,3.401650354,-3.351568475,3.062911066,5.178299687,-17.64940896,2.130732049,4.786216612,-2.131504992,-0.758376864,-4.762264112,-5.082996935,-1.119241179,-2.506280482,0.197823845,0.578990721,-3.379872828,-0.583663305,1.827454249,-1.999964124,-2.823857043,-0.051167987,0.283637896,8.71E-15,T
53.53606552,-21.30633349,5.30971575,-13.95096102,3.539036982,-11.50153933,7.590856819,-5.390140592,-1.004365187,16.24608994,6.860989062,2.454356917,1.951498503,-1.333994958,0.145529084,2.456191417,1.834851931,6.079609734,1.457104384,-7.906385806,-10.48674574,-7.045347383,-5.063110272,1.105177767,9.198271735,-2.701371068,7.982331482,-1.22872744,1.151800119,-3.423908805,-1.217462094,5.93950033,-3.387901234,-12.01960099,10.59580133,9.326305633,8.7591385,0.695957804,6.497289792,-22.15933326,5.049902735,1.468771637,1.426832341,-6.281888742,3.124873369,10.43055026,-13.10148893,-11.56731747,9.839955759,5.045830747,0.641064285,5.5105502,-12.79508283,6.814338997,-2.73123585,-8.85826028,-0.345488253,0.697199368,1.299965366,2.899985187,-4.356615532,12.88824594,5.274413708,3.347830002,-0.962003481,1.929174603,1.288655081,-5.104936944,0.060288525,1.22954314,0.479058765,3.28E-15,F
22.828832,19.70869043,0.6147297,-5.6149472,26.46764011,-15.91523913,2.298327979,-16.4190825,1.420108198,-12.15596775,10.04936617,1.909291029,7.950603293,-5.693718288,12.26928118,-6.811217675,8.862126157,6.746517927,-4.914691341,-1.101390255,-4.621327798,-3.638512418,1.602843626,-8.281310922,5.478753787,-5.266070367,10.43434091,0.485641758,-10.82833913,-10.19755188,-1.676675399,-1.619244996,-17.13556325,-14.21279943,-5.050972571,11.63298445,-5.307312405,-8.896825536,-15.31933727,-8.024037099,1.715618426,-3.937029435,-10.85144988,13.00786961,-2.409629241,3.171826425,12.73392462,17.32541547,-3.172816788,3.638049272,5.312841335,-5.862598104,1.170559965,-1.565372291,-4.698186455,2.259280711,-4.665063247,2.476942661,3.666562596,-3.417702495,2.006669042,0.552792897,0.388675376,-0.4185758,-0.006724347,-3.570634207,-1.539641038,-0.219588784,-0.131818559,-0.451738503,-0.541204074,9.98E-15,F
6.054805305,2.439191295,14.77158143,-45.74913725,-8.623816905,4.176310559,-4.726431353,-0.87080043,11.13403624,5.8131186,-6.573576056,-9.701496744,-19.10747355,-11.90100767,-10.11359882,15.99965445,4.77534111,-12.38713881,-8.083549961,3.333417521,-7.075160579,10.99761156,-1.482877148,8.173741578,10.94509863,13.79883736,-2.876897188,6.023547163,3.016721453,1.709295292,10.53117996,0.857600475,-0.570024502,-14.20294488,6.018687271,-4.580853336,-1.799156395,4.30378038,3.598438734,2.336160674,-4.589128108,-1.716128714,-8.021329224,-9.793368288,12.735017,12.19360967,-1.080349701,14.72216161,-9.914910236,7.166240828,-1.387407255,4.794530664,7.285461602,2.948648994,-4.011750626,1.293106806,5.052463506,2.775379572,3.19645261,0.621000509,1.51506839,-4.754429927,-5.038782128,-2.130880906,0.32552476,-1.709458472,-1.490528857,-0.135542756,0.009086782,0.147933065,1.534525105,-3.54E-14,F
-48.11940033,26.29210814,23.05554046,-41.30862228,-6.08111032,-14.28146196,-12.13710136,4.634076266,13.65973815,13.13687994,-18.25878549,-9.614909721,-12.02876254,-0.773534031,-3.897041768,5.423116507,-9.871335012,-11.86320482,-16.0769231,-1.463498317,-4.517084451,3.35640074,15.54181309,-17.55917974,6.467067842,-5.981422138,-3.55157001,-0.314582871,9.560677864,-13.66338504,0.447499769,4.723520429,-0.544667487,-5.103207721,1.583347756,-9.385192032,-4.655231261,-7.919229033,-5.842363718,-1.10274704,5.490164628,-5.018282875,8.079023685,6.174546685,-3.012391743,-14.78913321,3.633074157,-8.71501279,13.63993962,-4.424047713,5.399405472,-4.91967876,-1.604411875,-0.697831335,3.087683953,-2.111650286,-3.204143025,-3.752468397,-1.886500542,-1.572997396,3.234234868,-0.361350544,4.308425682,2.76839481,1.676343459,0.228463389,-1.779396868,0.761057573,0.196375984,0.549014503,0.36804822,-6.65E-15,F
6.445227908,66.2859011,-24.64422977,-63.02224439,-6.824020599,50.53308653,5.790223189,-7.044034821,-19.99171955,-15.49859666,26.72005222,-19.3659349,20.04657876,-7.720230655,-9.633050354,11.18518518,-4.032311787,-5.317806498,5.096085495,-0.943126039,11.79146629,-11.33261708,-6.63880812,-6.921296387,2.085146988,-0.657890633,-3.825682008,-5.486662947,-5.968242584,1.055186717,-5.295005554,-4.933076964,-1.864406733,6.913647751,1.494282973,1.363418475,-3.808779015,1.917340512,1.992985394,0.007396165,-0.999078731,1.822148164,0.881326607,5.293311866,1.000313036,-0.302706593,-2.226843249,-2.920548555,3.657271489,-0.545128163,-0.284439878,0.174629101,-0.394281302,-2.620340117,1.244401607,-2.787116271,-1.005176329,0.207743818,-0.555735316,0.025221461,-0.625699114,1.060213697,0.095840388,0.053600121,0.404198884,-0.112589702,-0.790286081,0.470926471,-1.345717916,-0.688531499,-0.288475292,-2.61E-14,F
23.11625237,0.240537781,11.89494804,-8.837924466,-5.061726296,-2.569142513,-0.646114863,-5.472382849,7.954619337,-9.087476169,-11.04722591,4.773437234,-0.264588349,-6.921392504,-5.753398586,-15.16537632,6.098104595,9.571661202,-19.72579961,3.852874597,10.70974138,9.022416881,-3.378862832,4.074325528,-1.183980394,6.592263334,4.196911497,-20.61997923,-9.253223625,-15.72098799,-13.96485751,-17.27119654,1.195710374,-3.774969604,2.313176502,-2.136168818,0.928460317,-6.915996503,6.05547136,6.497917213,-6.421527691,11.03254857,1.95803706,-11.22117144,-1.705773218,-2.532643435,-7.722885471,-3.033270879,-0.691334336,2.705592747,-4.908268411,-7.367713907,-4.287986623,3.584341606,8.727268296,9.54738419,-8.370579286,9.200269672,3.814075232,-3.426506551,-4.113859859,2.823099082,-3.238401479,-3.211837964,-1.965665585,3.067193006,-0.970795683,-0.571612649,0.196527221,-0.595123358,-1.112153177,-2.74E-15,F
45.9643397,-42.77753625,7.157665879,4.620460336,-5.151576108,3.003561381,14.12919459,-8.770889732,2.365886074,7.403883412,0.949934486,-5.082114301,4.358588709,-1.880017932,2.442439146,-3.774320015,-4.334277919,-1.298793543,-1.419504467,-0.699111591,1.238320121,-1.811296686,-0.165538823,0.954541161,-4.622177803,2.441842548,3.306585521,-1.114101466,14.252544,-5.023411593,0.056431935,-7.921917434,-9.187958839,6.315915427,-4.582214362,-1.939088881,-1.940276078,-6.919263339,-8.566510292,7.755094832,-9.502750615,-5.185747496,8.65710056,2.389934399,10.7563702,0.489211272,4.185871394,-2.252682397,2.9388216,1.206755812,-4.130287567,-3.41911902,7.977676741,-8.142409859,-3.790631529,-13.13034781,20.02322639,6.210138641,11.02324837,-7.129149351,-5.61462344,10.11941687,3.581717008,-8.854143494,3.299686344,8.836941881,5.24684538,2.254147923,0.712605023,0.75270306,0.327923772,-3.95E-14,F
2.07109501,-23.9510274,14.39025937,3.397306991,5.408259746,12.20793286,1.221305067,-15.83799714,-0.046894722,-9.511884738,5.544904741,7.044762134,-13.68116101,-15.37471778,-0.116960314,0.760504337,9.272647876,-4.474872924,-1.271880615,-2.078606258,-8.716754239,4.554949579,-11.50170146,3.069604989,-4.003387244,5.340912039,1.808922982,-4.848210727,-5.613061026,-1.214292547,2.345100905,-11.03796408,1.744816625,0.786669194,-10.44404445,-0.319221847,-8.125432342,0.164580481,-5.782233741,3.471773174,-0.883590059,-2.352280416,3.941245003,-3.228097332,-0.050997137,-7.514978598,1.770549084,-7.524049319,2.940092205,0.538272541,-8.732345506,-8.10642289,-9.83750495,7.070604698,-18.51975861,-3.439727318,6.947571335,-14.36882084,-8.050735924,7.47004811,11.92262434,1.994061492,-7.480884419,10.43295689,-1.755831652,-2.169604721,4.939323149,1.028089791,1.285274004,-1.286526549,-1.958544406,-4.52E-14,T
-65.43810058,-37.62858276,-12.12869368,-8.110327533,0.485722969,-13.17628966,15.55381801,11.33731787,11.77952177,-9.791707352,24.52997661,1.244646119,-0.116170698,3.8234074,13.87563679,-9.45559504,10.23615607,-15.67706106,-10.53697305,7.840160099,8.303785684,12.13549943,-8.843806098,-15.8088434,1.174896127,0.345502764,-3.362171161,-3.114772703,-4.683559415,15.75905723,0.03070191,6.470110692,10.92617617,-7.349460784,1.149551858,5.793151361,2.960681342,-15.14160803,13.97489442,0.919088733,-8.296655167,-11.46032649,1.261666123,3.20626155,-7.44607478,9.00927823,3.784136117,-10.61196723,-0.1825046,-6.110701571,1.070114385,0.887900266,6.002072989,6.13006227,-4.504675117,0.024041713,1.572911939,2.417060045,0.634433648,-4.709992805,-0.344781694,-0.202081621,0.426950567,-0.81801044,1.273701051,0.922788769,-0.332360936,2.948182281,-0.255870224,0.591593072,-1.07709058,5.74E-14,T
-70.59843106,-33.38754895,0.755019573,2.289290667,15.01604479,2.448116517,-12.74347129,7.574801899,-3.210585207,-7.034659466,11.41943785,-0.899348997,-8.042589011,2.529066862,3.758833817,-13.98946517,10.1184984,-18.50319127,-2.125398942,-4.862266834,-5.073308898,-7.476061506,-1.559341227,0.64007887,-2.785839119,1.063301776,-4.839243048,-4.578956434,7.346797862,9.289064994,-13.63642214,0.197924954,-1.368180632,2.9086385,-1.283179454,-16.68285541,-0.069562586,13.7873283,-12.13824233,-5.169640818,1.304669336,-4.562133749,-4.485496115,0.182843536,7.769309605,4.5632733,-1.365702116,-0.404067687,1.443923039,4.833406065,-5.514082806,4.072525527,-9.350941556,-6.550525267,4.307570997,7.701834063,-8.31301362,0.903101193,7.342139311,-10.00052008,7.557703717,3.629430707,2.180762585,-0.319775778,6.647656504,1.347193668,4.609170973,-8.513966601,-3.192729768,-7.533959328,4.690579723,-4.68E-14,T
43.03425007,-24.75089188,3.699007742,5.7489618,-4.126653944,-5.172691135,-2.83142772,7.231838695,2.50627686,-1.936812391,-0.482464245,0.566726921,-2.124077179,-5.934158544,-3.614151454,-1.803972192,-5.066963856,-3.219726191,5.324567978,3.389486636,1.232862913,-2.953356013,-0.087107762,-10.66542502,-2.743432083,-0.711538318,0.228241297,-4.051242192,5.008144307,2.401528643,0.867621808,2.58074819,-3.8258225,2.92560155,-0.288806744,-9.218474515,-0.085783112,-4.231624351,-4.954510536,1.964430177,-0.081797307,-0.367197046,-1.997840752,0.888225101,-0.572568904,5.936505441,-1.667838116,3.328047722,-3.492833486,1.933333291,-8.081223934,-2.91340182,2.008547769,4.923231573,9.752661291,-6.878564841,-2.028917377,6.22075443,-5.469913167,8.110043059,-2.913398324,3.83231045,2.19000881,6.393194515,-4.285506177,-13.6168288,3.753412323,7.217929144,-25.78843658,-0.770036529,-8.295087282,-2.60E-15,T
9.281459238,-15.81974527,7.917599409,8.23065761,9.82970309,6.682264331,-9.187751143,-9.690974594,-0.660970289,-16.32925917,5.456040117,3.803414618,-12.54512202,-9.746465634,-6.871326058,-3.485814247,0.152482468,-3.42897617,1.283319611,-2.336746321,-3.743364864,-0.325577261,-10.52139049,1.11332347,2.544048363,-0.449263563,-4.39892918,0.016253301,0.926289022,-1.479229777,-6.010560194,5.484966755,0.834502845,2.841667822,-2.977033382,-7.059860643,2.114722378,1.50975897,-5.13639554,0.222217844,4.059071215,-0.973673315,1.980148002,-0.50380547,1.686283607,-1.434378981,1.294072328,-1.828481689,-2.274264342,-1.032563871,5.231010002,6.122565512,-3.656079441,-0.224554825,0.814775307,1.851880253,-1.367945266,3.460670495,-9.279719875,-3.230911603,-6.313553868,2.89099159,3.888218678,-9.317175997,4.474550031,-9.059869536,-3.263215927,6.835121747,5.641934296,28.05997828,2.711082783,-2.66E-14,T
-16.29100865,-8.083909302,0.521733106,8.351926189,21.3339482,15.04669924,-14.1770522,-19.33598377,1.09780185,-16.19404578,0.856402254,4.727645061,-13.60956919,0.250303026,2.509817193,2.901360141,0.12493115,3.313428643,-7.02677308,0.64029165,-4.590050385,5.501268443,-11.8860582,3.157798383,7.935976944,-4.155741524,-3.258938491,5.888727596,-0.715692787,-6.950278617,-2.5911971,-0.431347768,-2.707737747,0.188704781,2.538050149,-3.090655262,3.402640103,2.418627345,-6.148964803,4.568616298,3.648291787,-1.632294558,7.12962406,0.638840494,-5.078204167,-1.587067443,3.046822938,-6.565053253,-3.662665331,-3.386807359,12.76470084,17.62072068,-0.585978436,1.183484561,3.253751595,-8.528268727,3.811496443,5.566506072,-8.726612189,-1.241939703,-14.65518486,-5.363520648,-4.448886672,-3.133185616,-5.065771789,0.332407459,-0.41138808,-2.419109948,0.430984641,-17.51966396,-5.263514579,-3.89E-14,T