normal,gene14,gene377,gene493,gene1917,gene765,gene249,gene625,gene1771,gene1671,gene841,gene1423,gene1047,gene1892,gene419,gene1293,gene822,gene1674,gene267,gene1400,gene892,gene66,gene1884,gene581,gene1597,gene245,gene513,gene1153,gene67,gene1494,gene415,gene1416,gene1635,gene391,gene1873,gene824,gene1772,gene1534,gene1946,gene1472,gene1388,gene1511,gene1058,gene1758,gene111,gene1115,gene1231,gene1730,gene561,gene1168,gene1924,gene1634,gene1838,gene75,gene1346,gene1111,gene1256,gene882,gene622,gene1959,gene1972,gene1372,gene411,gene187,gene772,gene1672,gene1982,gene992,gene779,gene639,gene834,gene1867,gene1406,gene1060,gene1184,gene1897,gene136,gene1967,gene1042,gene1651,gene1451,gene758,gene1560,gene1679,gene143,gene529,gene648,gene281,gene1048,gene837,gene970,gene624,gene1334,gene1473,gene119,gene1570,gene852,gene399,gene1920,gene1599,gene1381
1,-1.53192,0.396329,1.03187,0.53002,0.349957,-0.084774,0.332443,-0.694222,-0.525082,0.117787,0.353318,1.69032,-0.378657,-0.961885,0.700039,0.095114,-0.061928,0.000689,-0.942793,-1.37324,0.01698,-0.979565,0.149302,-0.208554,0.053861,0.338184,1.07461,0.116946,-0.652913,0.409291,-1.53753,-0.782026,0.738424,-0.369497,0.261337,0.234473,1.32067,0.360917,0.673796,-0.560586,-0.157059,-1.09246,0.039088,0.195088,0.432495,-0.616197,-0.153933,-3.04872,0.478998,0.620955,0.591347,1.1644,1.46226,-0.345308,-0.424271,0.808888,-0.397061,0.617176,0.692009,0.856032,1.32168,-0.083107,-0.244483,-0.565748,0.87534,0.973863,0.254848,0.151945,0.286705,-0.321928,0.700442,0.933735,-0.262327,-0.477816,-1.18659,-0.829435,0.040511,-0.207158,1.98187,-0.24381,0.551379,-0.253579,0.559915,-0.052391,0.823814,1.57702,1.89978,-1.97717,-0.366743,0.247125,-0.743964,-0.247243,1.81534,0.330373,-0.699901,-0.014707,-0.676987,0.051585,-0.28362,1.13987
-1,0.404811,1.68741,1.58552,1.13252,1.55094,1.0784,-0.044018,-1.01578,-1.83078,-0.304669,1.54289,0.508408,1.1736,0.132091,0.204408,1.75134,1.14939,1.24354,-1.43354,1.32801,0.639241,0.661753,-0.320751,-0.745925,1.22309,-0.864754,0.046023,0.684171,1.58848,1.50406,-0.204508,1.07346,-0.263439,1.71962,0.405049,-1.29141,-0.472861,0.199938,-0.71802,-1.15949,-0.239966,-0.128283,0.710564,1.53404,-0.048505,-0.032051,-1.45746,-1.12694,-0.118437,-0.445452,0.279767,-0.152596,0.273909,-1.12936,0.241204,-1.04654,-0.449232,-0.566642,0.410797,0.101899,-0.595039,-1.06075,-1.27933,-0.775275,1.07735,0.818379,0.924034,0.212044,0.37356,-0.189188,-1.60278,0.013525,-1.40416,-1.12219,0.754738,-0.278902,1.49856,-0.927375,0.875995,0.843614,0.85499,-0.061358,-0.354386,-0.804864,0.125908,0.468483,0.248899,-0.489413,-0.431188,0.449087,-0.189559,-0.675268,0.497104,-0.665037,-0.02377,0.215354,-1.13259,-1.71671,-0.271342,0.553479
1,-1.70035,0.697607,0.695736,0.967687,-0.085503,-1.06411,-0.278723,-0.520239,1.04685,-0.317325,0.749552,0.176377,-0.736563,-0.218032,-0.409541,0.184835,2.08388,-0.594958,-0.586686,0.086015,-0.913681,-0.07141,0.653475,-1.00352,-0.474886,-2.52545,-0.625048,-1.37279,-0.247368,1.03293,0.509618,-0.558988,-1.99412,-1.53914,-0.104522,-1.1298,1.06427,-0.713891,0.055553,-3.69987,-0.898824,-1.5117,-0.41509,0.595206,0.245188,-0.525941,-0.741531,-0.620347,-1.53472,0.03812,-0.81348,1.00487,0.367315,-0.613006,0.074055,-1.31061,-2.23254,0.228817,-0.682391,0.269728,-0.951838,-1.29284,-1.17883,0.059353,0.099298,2.026,-1.01959,0.680832,-0.639271,-2.59535,-1.98103,-0.6635,-1.4108,-2.28264,-1.22744,-2.05747,0.915069,-0.880517,0.050008,-1.92743,1.28699,1.15194,-0.857677,1.89654,1.0896,-0.378901,0.07083,-1.28127,-2.39892,1.20345,-3.77658,-1.47967,0.742474,2.06027,-0.905312,1.10884,-1.1539,-0.937671,-2.7507,0.915119
-1,-0.55931,0.868489,1.17647,1.56388,1.03575,0.563893,-0.029961,-1.75265,-0.961789,-1.38112,1.40453,0.072867,-0.400963,-0.085119,0.206564,0.940464,1.94943,0.394814,-1.16683,-0.772504,-1.26244,-0.531569,0.334995,-0.226896,0.388727,-1.32753,0.30439,-0.818342,-0.174523,1.26225,-0.259375,-0.231136,-0.647155,3.20929,-0.976312,-1.35392,-0.012053,0.325624,-0.482723,-0.907193,-0.54901,0.854712,0.717587,1.06286,-0.028642,-0.224959,-1.07194,-0.098443,-2.30458,0.583746,0.086751,-0.12811,0.645204,-0.745445,-0.401902,-3.45447,-2.45048,-0.332424,-0.324593,0.560122,-0.798595,-0.460608,-1.37408,-0.250012,1.76371,1.66736,-0.203129,0.716252,-1.12128,-0.528087,-1.67146,-0.61916,-1.31656,-0.790695,-0.417979,-1.09337,1.14069,-1.60269,-0.176156,-0.431397,0.03982,-0.163218,0.643558,0.064675,1.30849,0.417871,0.400919,-2.14352,-2.14932,1.54539,-0.696614,-1.59173,0.633143,1.78669,-0.263244,1.22596,-0.9109,-0.01657,-1.98976,1.0435
1,0.486905,-1.19735,-0.63584,-0.422701,0.465046,0.168165,-0.442686,1.05626,1.09874,0.101216,-0.298782,-0.679594,0.096454,0.858919,-0.769534,-0.210693,-0.148625,0.135833,-0.019951,0.230257,0.012152,-0.045139,-0.104955,-0.25915,0.262511,1.48213,0.413872,0.259695,-0.066241,-0.183461,0.859295,-0.423752,0.074774,-1.44921,-0.091543,1.29685,-0.005755,-0.676969,-0.882707,1.05278,-0.931567,0.097545,-1.50137,0.285324,0.642919,-1.58396,0.341729,0.130823,0.260467,0.26429,-0.691,1.25196,-0.475822,0.805779,-0.208006,0.687996,0.25656,-0.047115,0.155246,-1.3266,-2.81002,-0.076038,2.71405,0.450593,-1.07907,-0.130431,0.075031,-0.472915,0.478905,-0.895889,-0.663756,-0.69604,0.170895,-0.613044,0.099831,-0.213359,-0.443881,1.45765,-1.12078,-0.368065,-1.48573,-0.441923,-1.94542,-0.538091,-0.413008,-0.251714,2.93216,-0.543413,0.559383,-0.124402,0.264052,0.702272,0.199712,0.927566,-0.375952,0.282601,1.03495,-0.576958,-0.395533,0.977141
-1,1.93079,0.685269,1.01743,-0.349665,2.0169,1.67156,-0.816522,-0.662504,-0.70534,-0.405644,0.830248,-2.27987,1.382,1.22298,-1.74261,0.335435,0.091651,1.96086,0.028395,1.17087,1.77681,1.04794,-1.53802,0.460102,1.96491,-0.759415,-2.99346,0.446307,0.93623,0.216917,1.37814,0.984955,-2.10086,0.784057,1.52198,0.462199,0.524179,-1.77229,-1.02027,1.40426,-1.89414,1.44799,-0.956651,1.14872,-0.462045,2.46805,-1.22157,1.38573,-1.23609,1.65094,-2.16042,0.26056,-1.66907,0.521931,1.82085,-0.669356,-0.936904,-0.19894,-2.14889,-1.07108,-1.38818,2.19862,-0.172866,0.095824,-0.604908,0.350809,-1.80351,-1.10372,-0.651215,-2.29152,-0.389016,-1.26291,-0.871677,0.329907,1.60959,0.1295,0.411737,-0.548488,-1.0525,1.07145,-0.009459,1.0564,-2.48127,0.899993,-1.5353,-1.77946,-1.07469,-1.79702,1.24929,-1.16189,1.17434,-0.575351,-0.466908,0.831449,1.39293,0.028891,-0.60064,-1.85091,-0.754836,0.993891
1,-0.976049,-0.204359,-0.794348,0.479983,-0.543412,-0.946359,0.748909,0.024033,2.4,-0.692239,-0.402997,-0.161914,-0.619891,0.693757,-0.142769,-1.16085,-0.453917,-1.03347,-0.903596,-0.665131,-0.339011,-1.01048,-0.637474,-0.58874,-0.885041,0.534473,-0.744242,-0.970359,-1.54675,-1.37817,-0.963078,-1.01707,0.643544,-0.184692,-1.45998,0.170894,1.4066,0.53206,-0.349072,0.058219,0.585476,-0.236377,0.261807,-0.210795,1.19394,-1.02632,-0.474359,-0.932672,-0.515561,-2.17991,0.118634,1.79358,1.71127,0.065712,-1.40953,-0.170817,-0.792025,-0.637864,-0.226564,0.086029,0.70428,-0.929549,-0.474134,-0.083466,0.333194,0.734183,-0.199972,0.530731,0.181151,0.275384,-0.623746,0.503355,-0.723846,-0.690876,-1.14254,0.392649,-2.34245,-0.181919,-0.060602,0.368234,0.259559,0.326435,0.770858,-0.491007,1.59923,-0.220968,0.442926,0.152155,-1.32618,0.827856,-0.345411,-0.291619,0.144962,-0.172924,-1.20301,0.005807,0.299623,-0.0749,-1.46495,0.563663
-1,1.15644,1.20423,1.05802,1.39596,1.88703,1.9131,-1.5901,-2.18015,-0.623567,-1.76412,0.921093,-1.42771,-1.31616,0.464584,-2.01284,0.906032,0.883036,1.69289,0.118521,-0.314277,0.249952,0.164915,-1.83617,0.869148,1.79079,-0.897567,-2.18458,0.890372,-0.01739,0.514073,1.10892,0.216604,-0.744561,-0.226522,1.08091,-0.604493,0.216448,-1.1043,-2.11648,1.401,-1.68008,2.26119,-0.354568,0.732065,0.267354,-0.42603,-0.514109,1.17506,-1.72518,1.61149,-1.36515,0.524759,-0.791384,-0.927831,0.244202,-1.74699,-1.26415,1.47902,-1.84592,-1.65941,-0.965853,-0.6283,-0.712988,0.926905,-0.220028,1.03108,-2.36148,-1.16975,-1.31814,-1.79499,0.390606,-1.1722,-1.26058,0.507097,-0.9521,-0.890805,0.554898,-0.854182,-0.585746,1.1965,0.625548,-0.358157,-0.783226,2.42809,-0.67,-1.59268,-1.83925,-2.12205,0.237833,2.31334,0.625243,-1.09117,-0.748767,-0.339229,1.74145,-0.841535,-0.477135,-2.65267,-0.733269,1.54623
1,-0.588374,-1.08521,-0.953479,-1.13047,0.006184,-0.754156,0.737611,1.96852,0.979544,-2.15251,-0.298926,1.5115,-1.21942,-1.54262,0.69997,-0.506791,0.184215,-0.339901,0.752718,-1.03129,-1.13522,-1.04205,1.52378,-1.26659,-0.328117,1.22099,0.667483,-1.5389,-1.23846,-0.76935,-0.52983,-1.61988,0.64727,-0.893906,-0.358564,1.0272,1.64366,0.2438,0.220407,-0.002748,0.748379,-0.276179,1.24217,-0.466529,0.663459,0.699473,-0.798628,-0.979262,-0.94423,0.750454,1.84942,1.19745,0.570647,1.51229,0.087629,-0.003531,-0.449611,-0.723593,1.58141,0.226533,-0.261883,-0.966676,0.573486,-2.96517,-0.005845,0.94817,1.65167,2.09836,-0.692957,0.265638,1.05164,1.22461,1.83516,-0.535313,-0.544753,-0.62406,-0.840167,2.41727,-0.632356,-0.858483,-1.10659,-2.0617,0.348656,-0.941886,0.227413,2.14388,0.529996,-1.59887,0.601136,0.480728,0.785531,0.203385,1.20634,-0.741178,0.459145,0.96537,2.15884,0.516741,-2.80895,0.355042
-1,1.38068,0.73714,1.10446,0.00593,1.86499,1.67066,-2.16295,-1.18195,-1.52505,0.944801,0.902517,-1.13042,1.46816,1.80047,-2.03385,0.881497,-0.299918,1.715,-0.960517,2.26875,1.05099,1.66318,-1.0017,0.4267,1.71781,-1.36961,-1.89596,1.72534,1.30253,0.821226,0.581662,0.89085,-1.79619,-0.117372,1.07903,-0.719822,-0.638278,-1.80219,-2.2683,0.86971,-2.10916,0.777029,-0.80766,0.886727,-0.659941,0.322806,-0.996422,0.773512,-0.339885,1.23269,-2.33238,-0.745262,-1.69664,-0.097736,-0.102478,0.48916,-0.199566,0.8448,-1.29951,-2.45278,-1.01638,1.51251,-0.837581,1.3486,-0.055981,0.639984,-1.66894,-0.720386,0.214451,-0.880831,-0.848025,-1.48259,-1.22513,-0.208042,1.00732,-0.618222,0.062145,-0.497923,-1.888,0.49416,-0.006929,1.03749,-1.36596,-0.337955,-1.10737,-1.02994,-1.69667,0.143258,0.57064,-1.17844,0.3878,-0.443268,-0.428891,1.09513,1.03875,-0.159962,-1.01563,-1.40665,0.52135,0.50106
1,-1.3067,0.043436,-0.698936,-1.18073,-0.58444,-1.197,0.79234,0.697892,-0.369044,1.44681,-1.58238,-0.918946,0.370383,0.572767,-1.51794,-1.69609,-1.43038,-1.34788,-0.476931,0.665496,-1.6917,-0.829427,-1.13281,0.092227,-1.3525,0.870428,-1.59945,-2.15622,-0.248891,-2.2054,-0.4213,0.084935,1.10004,0.637212,-0.506473,1.26543,1.50002,1.86814,1.43882,0.022514,1.111,-1.00718,1.71931,-2.10292,1.22922,-0.037277,0.220576,-0.624869,1.52327,0.397629,-2.31805,1.20635,1.21441,-0.047403,-0.421466,1.60341,0.673848,0.159403,-2.35136,-0.936663,-0.664501,-0.747616,0.459884,0.070968,-1.59106,-0.91667,-0.905692,-0.956915,1.3738,1.94729,0.126121,1.51552,1.59207,-0.272519,-0.559768,-0.700697,-1.14347,1.97977,0.309043,-0.38402,0.231143,0.434984,0.553263,-0.564417,0.751359,-1.54123,0.824861,1.18801,0.665148,-2.64753,-0.533411,1.36733,-0.326648,-0.730642,0.889422,-1.10221,0.900642,-1.40053,1.2317,0.717756
-1,1.02923,0.424935,1.64426,1.16443,1.92245,1.27091,0.682479,-1.03423,-1.36135,-1.04612,1.60756,-0.246093,1.45326,0.053219,-1.25106,1.25693,1.20275,1.47589,-1.38985,1.61748,0.042012,-0.07275,-0.800439,-0.498545,1.53964,-1.15353,-0.467866,-0.396763,1.02885,1.14847,0.76906,0.40821,0.178549,1.63418,0.795527,-1.02825,-0.196093,0.535368,0.819485,-0.73691,0.022478,0.766914,0.504243,1.61048,-0.332635,0.138319,-2.23499,-0.218645,-1.63641,0.146534,-0.795439,-0.166126,0.3621,0.067547,0.930416,-0.806044,-1.62772,-0.353941,-0.62227,-0.61236,-0.508545,0.886521,-0.692223,-1.93348,1.34646,0.292719,-0.06949,0.444452,-0.469175,0.821322,-0.40679,0.164709,-1.46967,-1.45454,0.819675,-0.766121,0.868273,-0.703214,-0.162533,0.485389,2.54494,-1.69536,-0.733646,2.09358,0.674567,0.317153,0.690131,-1.19926,-0.703823,-0.613352,-0.127795,-1.00888,0.421933,1.29975,1.08419,1.12213,-0.79838,-1.00346,-1.16738,-0.000862
1,0.684712,0.265867,0.101192,0.039428,0.640185,0.116041,0.306087,0.208339,-0.122111,-0.840731,0.152458,-0.954375,0.105264,0.348172,-0.471209,0.006657,0.611979,0.329651,0.355437,-0.4096,0.549622,-1.17748,-0.685216,-0.039219,0.252453,0.47261,-0.016207,0.045429,0.032127,0.185688,-1.00087,0.276809,-0.345366,-1.89634,0.058686,1.22342,-0.707746,-0.506076,0.019749,0.518608,-0.901899,0.128779,-1.07947,0.452113,-0.035818,-0.899045,0.451154,-0.679707,0.537641,-2.1328,0.897302,-0.150323,-0.455643,-0.45536,0.051066,-0.65067,1.53705,0.00936,-0.419889,-0.698328,1.01753,-0.02601,0.298318,0.167789,-0.71134,-0.597778,0.477827,-0.707521,0.835484,0.224763,-0.084837,-0.043154,0.896631,0.141571,-0.180704,0.972756,-0.245563,1.10982,-0.274489,-1.20351,-0.073069,0.340877,-0.592386,-0.236941,-0.897634,-0.036631,-1.28559,-0.338192,0.778504,1.45849,-0.226426,0.360986,0.109057,0.450222,-1.55652,0.007626,-0.069454,0.835577,0.780731,0.956467
-1,1.01476,1.04822,2.02629,0.049608,1.7931,1.282,-1.15048,-1.09438,-1.78412,-1.4068,1.67565,-0.896482,0.807683,0.74524,-0.84189,1.07628,0.850914,1.59977,-0.722755,0.75711,1.48493,0.324683,-1.24409,0.466268,1.57464,-0.797578,-0.565699,1.04415,0.734016,1.00964,-0.511382,0.926978,-1.11445,0.340146,1.0653,-0.919683,-0.571026,-1.23637,-0.481505,0.11835,-1.38177,1.49707,-1.20592,0.904175,-1.16158,0.820767,-0.629003,-0.199116,-0.99366,1.5073,-0.211787,-1.20959,0.102966,0.273673,0.800434,-0.913313,-1.05781,1.55062,-1.15929,-0.739989,-0.755224,0.925918,-1.00051,1.59607,0.942232,1.20288,-0.662214,-1.11747,-0.213884,-1.38606,-1.29663,-1.31043,0.002235,-0.231072,0.879428,0.206164,0.579108,-0.280458,-0.433688,-0.587023,0.452883,1.08883,-0.924931,1.67068,-1.13882,-0.432889,0.038491,-1.24817,-0.29984,1.69902,1.36099,-0.529225,-0.091907,1.24017,0.542042,0.661881,0.202404,-0.263514,-0.176027,1.17075
1,-0.178935,-0.720749,0.316226,0.043344,0.478516,-0.158787,-1.1886,-0.373964,-0.517352,-0.58465,0.082363,-0.219566,-0.235008,-0.065855,-0.383185,-0.39052,0.735404,0.169007,1.01698,-1.61056,0.846316,-1.0611,0.75368,0.818666,0.154942,0.269774,-0.222886,-0.266028,-1.02121,0.235007,-0.217717,-0.360253,0.248789,-1.10579,0.075104,0.887112,0.042235,-0.018401,-0.940502,0.775716,-0.252028,0.266456,-0.843946,-0.015878,-0.50594,-0.491462,-0.064523,-0.108379,-0.618889,1.50916,-0.536357,-1.17576,-0.032903,0.899511,-0.618427,-0.12932,-1.09219,0.983199,-1.10327,-0.00061,-0.193349,-0.460552,0.617083,0.204912,0.03718,0.780147,-0.429922,0.032048,-0.145447,-0.022093,-1.09382,-1.03358,0.325331,0.363907,-0.679754,0.968129,0.749035,0.813798,-0.629805,-0.766818,-0.650691,1.14085,-1.04956,0.761109,-0.950788,-0.5431,-0.012906,-0.863918,-0.183659,1.90848,0.171436,1.01002,0.096435,0.292537,0.509874,0.634691,0.889038,0.311091,-0.597823,1.7029
-1,-0.101042,0.435586,0.750946,-0.129948,0.379343,-0.888453,-1.85838,-2.30359,-0.78385,-1.58673,0.49751,0.398588,-1.13995,0.736467,0.874881,-0.284693,1.80204,0.382122,-1.72185,0.519834,1.47056,0.611322,-0.622999,0.64537,0.528892,-0.05353,0.084462,-0.546999,-0.311702,0.002739,-0.396195,0.272481,-1.88646,-2.47448,0.420861,0.599401,-0.898992,-0.820514,-0.571274,1.24175,-1.02694,1.43218,-1.41877,0.062633,-2.05427,-1.47877,0.149288,-0.323286,-0.697706,0.45092,0.047897,-0.420273,0.57007,0.6891,-0.897628,0.355012,-3.33346,0.459754,0.11918,0.754616,-0.559451,-0.1445,-1.84708,-0.309333,1.44482,1.20122,1.10605,0.805916,-0.10535,-1.048,-0.842377,-1.12236,0.092946,-1.18094,-1.22902,0.372288,0.117234,-0.543267,-0.8947,-0.478573,-0.998233,2.1352,-1.0044,0.700013,-0.573878,0.613925,0.83151,-0.409339,-0.3653,2.2182,2.03413,-0.130751,0.29485,1.05384,-0.227679,1.02318,0.993535,-0.859786,-0.671727,1.236
1,-0.633022,0.608344,0.189036,0.383361,-0.311375,-0.667622,1.02459,1.2427,0.587315,-0.239024,-0.665845,-1.27301,-0.065456,-0.553948,-0.377808,-1.79101,0.081048,-0.426498,-0.03181,0.110594,-0.238193,-1.36905,-0.082065,0.036234,-0.410226,0.649353,-0.007746,0.301681,-0.460694,-0.919248,-0.347229,-0.827811,1.03578,-0.211401,0.31983,0.855435,0.521786,-0.58215,1.61511,0.161462,-0.977971,-0.164095,1.09922,-1.43477,0.25993,-0.463783,-0.584481,-0.084259,-1.00524,-0.605225,0.455122,0.835825,1.24984,1.33959,0.001325,0.161267,0.304769,0.426969,-0.769521,-0.533646,1.43779,-1.05421,0.875901,-1.52904,-0.26874,1.24488,0.12391,-0.93053,0.044678,1.32494,0.60088,0.268785,0.319105,0.453084,0.166404,-0.55812,1.00321,1.52931,0.588065,-0.876066,1.46506,0.083881,0.986632,-0.200161,1.81798,0.886312,1.73031,-1.12692,0.197833,-0.345265,-1.54434,-0.463881,-0.287745,0.171558,-0.340824,0.382988,1.22309,-0.463211,0.425462,0.773986
-1,1.02874,2.79307,1.62459,-0.167978,0.505664,0.146856,-0.749753,-0.667981,-0.416893,-1.60027,-0.157766,-2.49923,-0.629941,1.30297,-1.6672,-0.730527,0.099055,0.396182,-0.163824,-0.887962,2.08643,1.45635,-1.58774,0.671953,0.417741,-0.787126,-1.08443,1.22071,0.205022,-0.903637,-0.880757,1.3869,0.782409,1.88675,0.473325,-1.71989,-0.348296,-0.532547,-1.07817,0.449207,-0.671872,2.10713,-0.965117,-1.47249,0.696892,1.31994,-1.99292,1.43278,-2.1252,0.879689,-0.531108,0.550308,0.251022,0.14321,0.701904,-1.79971,-1.43478,1.81022,-0.397029,-1.97784,0.778691,1.68739,-1.16341,-2.05708,0.422264,1.13002,-1.61758,-2.78485,-0.769175,0.462768,-1.23098,0.04385,-0.37879,1.3979,0.536537,-0.34039,-0.279903,-1.01739,0.550795,1.39179,0.911656,0.938921,-0.089828,1.09564,-0.020548,-0.861947,-0.054629,-0.951879,0.781203,-0.168915,1.15766,-0.947366,-1.68634,-0.299737,0.436392,1.12144,0.840524,-1.09354,-0.53826,1.33197
1,0.255625,-0.86651,0.03872,-0.74247,-0.518572,-0.735197,0.225784,1.32619,0.673107,-2.11258,-0.947733,0.702935,-2.01713,-0.58426,0.384847,-1.63708,-1.13168,-1.07036,0.035253,-0.653228,-0.888186,-0.510507,0.060163,-0.210832,-0.851538,1.20142,0.927688,-0.122837,-1.63042,-1.27701,-0.606112,-1.99887,0.777146,-0.938629,-0.482156,1.54542,1.09205,-0.056791,1.04903,0.608616,0.592163,0.958981,0.589093,-0.704281,0.400474,-0.383633,-0.040503,0.314098,-0.823725,0.450727,-0.078751,0.620691,0.506892,1.12834,0.134384,-0.595848,-0.607736,0.238182,0.866015,0.660897,-0.173389,-0.247813,0.693895,-2.24088,0.26825,0.528688,0.261637,0.165539,-0.117862,1.40489,0.165844,0.463227,1.46879,-0.721464,-0.716694,1.01721,-2.48578,1.63845,0.081162,-0.722587,-0.856632,0.292457,-0.523606,-0.642777,0.159382,0.725539,0.357666,-1.24245,0.855191,-0.168472,0.886819,0.53182,0.951103,-1.1355,-0.311932,0.739086,1.65631,0.288868,-0.897238,0.679419
-1,2.08865,1.24517,1.48417,-0.411039,1.84852,1.75219,-1.24503,-0.567127,-0.968595,0.401988,0.511837,-2.22404,0.479083,1.70515,-2.98966,0.226412,0.226003,1.63741,0.071298,1.52875,1.81348,1.55311,-2.37412,-0.528005,1.73081,-0.90588,-1.83389,1.32142,1.17427,0.042468,1.12853,1.43855,-1.57388,0.778822,1.00504,-0.467391,0.16991,-3.07587,-1.7148,1.33453,-1.53425,2.05994,-1.34978,0.107727,-0.905278,2.07021,-1.18254,1.14424,-1.15104,1.71084,-1.78249,0.500758,-1.28913,0.341517,1.04103,-1.09287,-0.450078,1.03991,-1.48567,-3.34361,-0.801563,2.05426,-1.12307,0.526733,-0.901389,-0.299589,-1.99847,-1.88537,0.005524,-1.31246,-2.64936,-1.43327,-0.29838,-0.743504,1.19415,0.088881,-0.272488,-0.189661,-1.3797,0.452114,-0.153588,1.98637,-1.41686,0.238356,-0.652799,-2.14962,-1.1497,-0.386449,1.91045,-1.76219,1.1772,-0.448159,-0.928051,-0.2477,1.37572,0.01576,-0.600465,-1.71788,0.151235,0.991384
1,-1.84593,0.206886,0.37907,-0.280699,-0.654079,-1.44884,0.521564,-0.545897,0.188356,0.497809,-1.04373,1.02599,-1.10078,-0.539278,0.991906,-1.71256,-0.54123,-1.14465,0.636268,-0.234376,-1.27844,-0.480594,1.42183,0.178398,-0.971218,0.601915,0.680157,-0.885575,-1.85769,-1.32945,-2.93099,-0.566447,1.24036,-0.569473,-1.46616,-0.089997,0.417952,1.13567,0.046938,-0.763431,0.981272,-0.973646,1.0329,-1.1424,0.865608,-0.302677,0.624904,-1.99949,-0.764942,0.421837,1.33957,-0.160397,0.62162,-0.215211,-2.14223,0.252089,0.508305,0.725777,0.824481,0.81851,1.26397,-1.29489,-0.358853,0.053222,-0.045782,0.721085,0.810987,1.14496,0.961417,0.691273,0.82415,0.360257,0.313651,-0.209992,-1.3786,-0.788128,-1.60864,-0.36394,1.61065,-0.683201,0.021739,0.620442,0.873976,-0.36279,0.75539,0.365303,0.669752,0.479838,-1.15521,1.03875,0.208704,-1.00165,0.571064,-0.842055,-1.68483,0.838199,-0.216143,0.663176,1.11228,0.942024
-1,-0.660579,0.480019,1.46716,0.453765,1.27248,1.1062,-1.6444,-1.56834,-1.75036,0.697164,1.25143,-0.334073,1.09047,0.886149,-0.524762,0.906518,0.044107,1.25399,-1.42803,0.682372,0.124991,1.06105,-0.643576,0.732518,1.07399,-1.93385,-0.820384,1.93345,1.40626,0.999796,-0.891652,1.22132,-0.376168,0.610758,0.364879,-0.939177,-0.800772,-0.138763,-1.41798,-0.6411,-0.637748,0.464559,-1.42232,1.14741,-0.081145,-0.016021,-1.30276,-0.975037,-0.043045,1.00273,-0.39051,-0.463586,0.155625,-1.33271,-0.699533,-0.758533,0.034154,1.10913,-0.53179,-0.072849,-0.124965,0.383286,-1.99449,1.21471,0.823033,0.737658,-0.89193,-1.10231,0.318831,-1.57514,-0.612779,-0.508202,-1.27243,-1.73928,0.255611,-1.79579,0.862638,-1.45589,0.450735,0.314643,0.914217,0.078576,-0.795557,0.548013,-0.603752,-0.162956,-0.622461,-0.360972,-0.744908,0.794367,-0.543955,-2.45577,-0.018267,1.18548,-0.799307,0.823155,-1.84763,-1.67151,-1.24472,0.969448
1,0.217414,-1.06196,-0.943869,-0.328554,-0.554355,-0.802614,0.020976,0.711311,2.1186,0.811029,-1.51337,-0.793193,0.380518,0.592418,-0.393695,-1.12073,-0.883869,-1.00952,1.81095,1.72909,-0.307131,-0.649738,1.39127,0.831048,-1.08011,1.03955,0.817241,0.531835,-0.827788,-1.63567,0.330947,-0.310576,0.501453,-0.099164,-0.013845,1.12967,-0.826319,-1.5938,0.285229,1.05412,-1.44958,0.897491,-0.962794,-1.45495,-0.130478,0.565214,0.146459,-0.665059,-0.228003,-0.360372,0.628441,-0.106032,0.059518,1.81928,0.089287,0.969116,0.613293,1.49229,0.014339,-0.46412,-0.532078,0.455459,1.16665,-0.045931,-2.06984,0.569306,0.37743,-1.03699,0.461006,0.637528,1.17411,-0.276799,0.737515,0.615885,-0.09302,0.351697,-1.63368,2.23303,-0.815153,-1.24852,-1.20107,-0.181458,-0.343408,-0.141299,-0.192073,0.056207,-0.660847,1.06653,0.746189,-0.182462,1.29052,0.688225,-0.182796,-0.494376,1.67578,0.008369,2.02972,-1.90144,1.18133,1.28079
-1,1.83464,2.32254,1.40241,0.727258,0.65299,0.008308,-1.20663,-1.03325,1.35008,0.770656,0.215158,-1.12493,0.289259,2.01225,-1.8497,-0.224861,0.471517,0.634249,-2.14975,1.11421,2.0398,0.867343,-1.73135,2.28,0.689297,-0.618502,-1.06597,1.27219,0.239373,-0.771275,-0.834453,1.33085,-0.117444,0.709306,-0.131019,-1.11412,-1.05615,-1.57552,-2.1939,0.758444,-1.93702,1.24984,-1.04072,-0.999373,-0.322956,1.13649,-1.83393,0.899561,-1.18388,1.22941,-1.63644,-0.044681,0.210263,-0.370253,-0.168112,-0.56855,-1.05794,2.5751,-2.24034,-1.49007,0.298986,1.36529,-1.20103,-0.160269,0.358884,0.670241,-1.53772,-0.875535,-0.014751,-0.667636,-0.680836,-1.39983,-0.609807,1.05301,-0.12574,-0.850309,-0.490476,-0.723417,-1.37597,-0.238078,-0.189825,2.00022,-0.444752,1.76203,-0.397631,-0.616053,-0.772391,0.488475,-0.108673,-0.225997,1.14843,-1.31912,-0.597077,0.53194,0.842764,0.520577,0.608456,-0.434702,0.848711,0.902131
1,0.262912,-0.922103,-0.412118,0.066443,-0.69135,-0.951581,0.062029,0.276397,-0.710774,-0.83707,-0.862261,-0.226297,-0.510021,-0.336026,0.397269,-1.37047,-1.31144,-0.880434,1.22494,-0.552452,-1.14253,-0.12781,0.746045,0.067173,-0.769947,0.533749,0.347582,-0.35909,-1.27776,-1.89128,-0.52509,-0.859681,-0.142328,-0.529834,-0.640504,0.673522,-0.500972,-0.778553,0.09822,0.828208,0.126614,0.520482,-0.264681,-0.633841,-0.753497,-0.767273,-0.144035,0.388045,0.0789,0.968504,0.614319,-0.228206,0.361167,1.30295,-1.42876,0.749418,0.331681,0.112974,-0.14783,0.492333,1.74219,-0.61101,0.575496,0.904672,-0.264413,0.049127,0.254589,0.507869,0.598666,-0.855213,0.732096,-0.869214,0.998389,0.347789,-0.792908,1.88597,-1.41891,0.596294,-1.25486,-0.587911,-0.776171,-0.340611,0.656187,0.762835,0.181932,0.853107,0.065927,0.422015,0.355276,1.02271,0.345595,1.55825,0.295225,1.09822,0.325266,0.631653,0.674935,0.654358,-0.030805,-1.13666
1,-1.41239,-0.668042,-1.24689,-0.293392,-0.896282,-1.72487,0.9294,0.668502,0.282961,0.732139,-0.726423,0.822421,-0.444243,-0.536301,1.51155,0.303539,-1.05569,-1.36005,-0.700096,0.271077,-1.94371,-1.38098,1.42134,-1.06002,-1.30416,0.250193,1.64945,-0.319658,-1.12987,-0.680654,-1.61071,-1.10989,0.440762,-0.253999,-1.56931,0.056029,0.568052,1.02609,0.474377,-0.679448,2.38104,-0.643345,0.983223,-0.389754,1.32808,-1.28766,1.42229,-2.0456,1.21681,-0.937764,1.11991,0.937221,1.02077,-0.718037,-1.61525,1.5423,1.0657,-2.52171,1.48146,1.238,0.66614,-1.2741,-0.19819,-0.712158,0.163832,-1.25367,1.76737,2.04769,1.95318,1.04167,-0.473557,1.46056,-0.181702,-0.824099,-1.2062,-0.651764,-1.24924,0.148153,1.31904,-0.854904,-1.05379,-0.771102,0.995542,-1.52393,0.738537,0.207414,0.788505,1.73095,-0.623168,0.538476,-0.69797,-0.044541,1.37552,-0.458826,-0.641432,0.641654,0.079939,0.107362,1.22119,-1.73212
1,-1.1616,-0.708878,-0.82305,-1.02184,-0.066362,-0.484483,1.40694,0.279092,0.486299,0.62531,-0.31353,0.617032,0.115098,0.490026,1.03152,-0.038461,-0.387601,-0.267343,-0.624488,0.324994,-0.470044,-0.223583,0.19689,-1.31651,-0.203472,-0.854901,0.423519,0.147737,0.414182,0.302561,-0.665417,-0.079029,0.747782,-0.558232,-0.720506,-0.174413,-0.351763,0.233591,0.880892,-0.243766,0.874426,-0.452341,0.183887,0.177532,0.859148,-1.56644,1.04875,-0.737838,1.66101,-1.02863,1.08544,0.111372,1.39823,-0.069428,-1.66839,1.42969,1.18918,-1.91823,0.720988,0.560133,-0.058785,-0.257449,-0.795174,0.007306,-0.16282,-0.705676,0.504126,0.265084,1.56059,0.324443,-0.439066,1.06289,-1.34779,-1.26644,-0.759789,-1.0625,0.205607,-0.853592,-0.281352,-0.506106,-0.59609,-2.46875,1.13341,-1.3005,0.823268,0.556535,0.597488,1.57782,-0.815037,-0.107194,-0.68044,-1.03379,0.719218,-0.293188,-0.830053,0.91768,-0.668562,0.606617,1.29657,-1.52706
1,-0.399909,-0.951402,-0.884028,0.001639,-0.816295,-1.19134,1.05687,0.877498,0.417348,-0.074831,-0.633585,1.09067,-0.563711,-0.644268,1.55219,-0.731605,-0.173276,-1.22055,-0.332788,-0.602765,-1.14361,-0.744131,0.649629,-0.446471,-1.26901,0.937124,2.08575,0.213897,-1.06223,-0.515776,-0.707457,-1.60971,0.297948,-0.376744,-1.44584,0.935842,0.05248,0.832399,-0.666352,-0.58801,0.460511,-0.866223,0.72676,-0.336923,-0.189659,-1.78759,0.478298,-0.737916,0.914355,-0.860774,1.65149,0.50397,0.715713,-0.201456,-1.44037,0.743784,0.976018,-0.95151,2.3395,1.49718,0.13359,-0.92279,0.230089,-0.226506,-0.135412,-0.983027,1.65596,1.5855,1.4861,0.060957,0.441739,0.698352,0.13895,-0.073464,-1.4547,1.20065,-0.674005,0.150343,1.1889,-0.979007,-1.16809,-0.882469,-0.18429,-0.732695,0.67406,2.44418,1.05796,0.502849,-0.890004,0.520051,-0.131089,1.04019,1.63363,-1.4727,-0.772531,0.809825,-0.32758,2.29077,0.723244,-1.27315
1,-1.74159,-0.788323,-1.04328,0.215288,-0.783134,-1.12494,1.01588,0.792066,-0.825631,0.880796,-0.08839,0.907641,-0.067261,0.407732,1.20971,-0.825781,-1.10423,-1.07711,-1.98799,-0.158845,-1.3444,0.012271,0.486494,-2.53791,-0.954554,-0.89083,0.758442,0.900701,-0.064423,-0.210809,-1.62734,-0.446248,0.665911,0.15952,-2.43005,-0.055555,1.56353,0.713985,-0.103331,-0.35921,0.720845,-1.54576,1.09897,-0.009232,0.189444,-1.65356,0.579908,-2.03631,0.964579,-1.14289,1.11918,1.07137,1.08774,-0.384923,-1.78656,1.14001,1.41658,-2.35219,1.45565,1.18296,0.847281,-1.27967,-1.6647,0.216288,-0.628942,-0.501275,1.06009,1.11521,1.62796,0.059159,-0.17535,0.791457,-0.013812,-1.26302,-0.77832,-2.09571,0.076819,-0.311834,0.96801,-0.822271,-0.197365,0.126807,0.824497,-2.17303,1.08891,1.72326,1.02564,1.36283,-2.67575,-0.147537,-1.43409,-1.09344,1.63313,-0.480169,-1.35447,0.814777,-0.761851,1.92067,1.44703,-1.66856
1,-1.20655,-0.407664,-1.18657,-0.790649,-0.369369,-1.13318,1.75803,-0.313474,0.151039,-0.214051,-0.620604,0.441343,-0.256759,-0.002155,0.927031,-1.3793,-1.20505,-0.636327,0.043155,0.084422,-1.03951,-0.96812,-0.408328,-3.66349,-0.554129,0.063423,0.127176,-0.418861,-0.367771,-0.822398,-1.40697,-1.26036,1.37298,-0.659682,-1.81315,-0.568381,1.15568,0.913422,0.791508,-0.304738,1.21782,-1.56547,1.23613,-0.501772,1.11121,-1.4819,0.913852,-0.910259,1.36541,-0.140197,0.67141,1.17915,1.27964,0.567586,-1.00809,1.4266,1.45014,-1.71883,0.248706,0.547451,1.43844,-1.44512,-0.281657,-1.19295,-1.19182,-1.00929,0.517119,-0.467292,1.74857,0.781845,0.605941,1.28456,-0.76343,-0.933229,-1.0198,-0.286483,-0.824689,0.179385,0.506467,-1.17683,-0.630279,0.163997,1.12105,-1.09249,1.78392,0.220926,1.0256,1.334,-1.554,-0.161752,0.189652,-0.82547,0.526808,-1.9249,-2.26815,0.1197,-0.097981,-0.734125,1.39253,-1.35805
1,-0.527436,-1.05026,-1.05708,0.088124,0.021763,-0.984725,0.216811,0.781849,0.123146,0.300626,0.421138,1.03022,-0.361446,-0.267533,0.868487,0.149353,-1.12548,-0.270868,0.036463,-0.807404,-0.421274,-1.14047,1.60884,-1.86149,-0.271837,-1.09813,0.28677,-0.196735,0.259273,1.36977,0.779415,-0.910873,0.542869,0.255202,-0.413505,-0.877117,0.297575,-0.287043,-0.694007,-0.085919,-0.533563,-0.756183,-0.875485,0.785799,-0.905176,-0.044801,-0.721836,0.249747,-0.302333,-0.391664,-0.059677,-0.060174,0.4402,0.793138,-0.034258,0.11219,-0.482956,-1.45939,0.403878,0.247703,-1.33447,-1.86865,-0.351902,0.118047,-2.06201,-0.439435,0.529491,0.188552,0.764921,-0.612346,0.462315,-0.353959,-1.37422,-0.90763,0.185582,-0.123629,0.458374,-0.093283,-0.924197,-0.759737,0.149215,0.441284,0.175959,2.02687,0.179019,0.766308,-0.013922,-1.18076,-1.7462,0.858102,-1.18378,-0.692347,1.06871,-2.08554,1.77464,1.5565,0.154679,-0.716692,-0.290003,-1.34328
1,-0.140789,-0.692001,-0.549997,-1.15092,0.16038,0.33453,0.686197,1.70758,0.355803,0.592372,-0.475018,-0.792663,0.222273,0.170431,-0.965634,-0.705752,-0.774831,0.268957,1.32189,0.476993,-0.412021,-0.579563,-0.047008,-0.208297,0.51071,0.144957,-0.805417,0.409972,1.02955,-0.020991,0.980272,1.20411,1.09699,0.442407,0.427457,0.81241,0.191712,0.107466,0.59243,0.248615,1.53799,0.177206,1.09896,-1.03886,0.243986,0.587114,0.587997,-0.151638,0.767624,-0.554359,-0.417965,0.812886,0.625663,-0.163117,0.452578,1.06796,1.23473,-0.647886,-0.845016,-1.16061,0.299356,0.01148,0.551168,-0.046852,-2.65199,-1.61316,-0.490226,-1.26929,1.15185,1.36048,0.326931,1.00253,-0.118805,0.718821,1.04968,0.168525,0.560203,1.04998,1.49343,0.350524,0.954514,-0.757276,1.00101,-0.384185,0.971439,-0.712719,0.196143,0.207481,0.780344,-0.534681,-1.18854,0.09341,-0.35704,-2.0224,0.379175,-0.525096,-0.280647,0.32893,1.34227,-1.82316
1,0.468599,-0.612216,-0.728455,-1.7402,0.041811,-0.692988,1.44673,0.545889,0.095302,0.795654,-1.21846,-0.97515,-0.081453,0.090665,0.100384,-1.86355,-0.644233,-0.012572,0.983679,-1.0441,-0.580977,0.176834,-0.521797,-1.01041,0.010609,0.911769,-0.436604,-0.539499,-0.838719,-1.06256,-0.822898,-0.102644,0.556813,-0.323606,-0.259325,0.968299,1.07681,0.152104,-0.110706,0.322408,0.330403,0.21285,1.58724,-1.72154,0.64981,-0.752126,0.338795,0.845297,0.448272,0.345773,-0.306468,1.49312,1.11709,0.949457,-0.775425,0.821603,0.187475,-0.894754,0.052466,0.396957,1.08392,-0.160519,1.27677,0.444134,-0.412625,-1.90708,-0.244185,-0.495733,0.273893,0.501741,0.730171,0.748966,1.64088,0.37973,-0.511323,1.48966,-1.04662,0.22169,1.26842,0.66244,-0.031698,0.163149,2.09496,-0.821978,1.45936,-0.648342,0.715998,0.23699,0.077133,-0.302143,0.448603,1.45933,-0.12987,-1.14382,0.544167,-0.557466,0.363662,0.940333,0.570654,-1.50012
1,0.105281,-0.967186,-0.913241,-0.602249,-1.0495,-0.220623,0.963104,0.711906,0.55201,-0.02109,-0.658125,0.804045,-0.165452,-0.573901,1.11188,-0.015254,-0.565004,-0.135017,-0.285508,-0.736203,-0.890587,-2.00917,0.189621,-0.034325,-0.585252,1.17623,0.82902,-1.52041,-0.468248,0.365444,0.113457,-0.87417,0.122182,-0.606625,-0.430952,-0.016946,-1.15589,0.755416,0.505078,-0.710118,-0.061531,-0.426802,0.525987,0.202807,0.019274,0.205093,0.652335,-0.592372,0.224874,-0.80521,0.773889,-0.300931,0.685687,-0.060731,-1.25196,0.717473,0.641305,-0.589857,1.35158,0.925329,-0.551459,-0.073544,0.671068,-0.639864,-0.518045,-0.517523,0.734933,-0.052413,0.544769,-0.3492,0.929975,0.332575,0.961758,0.364258,-0.492967,0.7812,-0.341628,-0.138338,-0.106315,-1.19999,-0.536955,-0.609535,-0.316507,-0.81611,-0.451618,1.26043,-0.004552,1.16903,-0.152255,-0.588865,0.142007,0.777169,1.15216,0.604184,-0.140007,0.848516,0.312912,0.701041,0.56647,-1.19162
1,-0.750862,-0.686497,-0.338867,-0.726568,0.081342,-0.137305,0.464888,0.251491,0.695614,-0.226896,-0.08603,1.68122,-0.049133,-1.18245,0.957159,-0.306749,-1.27225,-0.233203,-0.096745,-1.04013,-0.801662,-0.701095,1.58045,-0.952389,-0.235878,0.523315,1.59658,0.315546,-0.302558,0.371993,-1.25431,-0.726664,0.969343,-0.058879,-1.20831,0.409844,0.086886,0.820451,0.143983,-0.112729,0.732425,0.02946,1.05315,-0.032675,1.11087,-1.15101,0.322769,-0.246918,-0.178996,0.031312,0.92152,0.832142,1.34007,0.384463,-0.703006,0.537915,-0.16008,-0.727678,1.32978,1.17572,-0.048553,-0.316811,0.657625,-0.685431,-0.43364,-0.236167,1.14288,1.24338,1.08944,0.303675,1.59417,1.64682,0.748212,-0.406867,-0.619237,-0.031112,0.06892,0.574756,1.61141,0.062022,-0.047155,-0.560413,1.91893,-0.604539,0.852016,1.62129,0.330773,0.471739,-0.90128,0.061535,0.833988,-0.075544,1.42864,-0.025134,-0.126022,0.915788,-0.289532,0.672827,0.494042,-1.10708
1,0.063377,-1.65309,-1.83724,-1.65631,-0.819163,-0.96071,0.906277,1.59438,1.88159,0.283383,-1.55807,-0.1456,-0.955153,-1.13714,1.09423,-1.17079,-1.95575,-0.427805,1.24028,-1.324,0.096101,-0.648073,-0.63609,-0.234576,-0.493992,1.9771,0.645942,-1.29151,-0.924916,-1.26995,-0.078275,-1.17339,0.616045,-0.730944,-0.403297,1.42405,0.084137,1.35188,0.386198,0.974032,0.903197,0.069605,0.951683,-1.00501,0.982679,0.824291,1.74927,-0.190174,0.997055,-0.484327,0.996539,-0.566318,0.466975,1.16059,0.030757,-0.027268,1.06896,-0.167204,1.14918,0.104247,0.897724,0.043314,1.51375,-1.45546,-1.3139,-2.61175,0.874959,0.452787,1.00466,0.288826,1.75191,1.27692,1.08696,0.118926,-0.347906,1.47745,-1.46051,1.20494,0.173917,-0.493399,-1.4478,-0.763905,1.26233,-0.443187,0.58021,0.280338,0.113375,0.983707,0.987597,-0.336354,0.857074,1.58435,0.703987,-0.82952,0.514754,-0.065635,1.84067,1.11011,0.617255,-0.530512
1,-2.31952,-0.659746,-0.570915,0.463572,-0.832429,-1.32711,-1.09858,0.126975,-0.817119,-0.958012,0.217732,1.13194,-1.26058,0.642826,-0.204898,-0.946913,0.045441,-0.907698,-0.853598,-0.442751,-1.67856,-1.43402,0.354986,-2.29605,-0.824537,0.032917,1.14372,-0.719253,-0.501954,-0.81996,-1.55388,-0.315049,-0.492544,-0.666954,-1.21839,0.013102,1.79053,0.112912,-1.61012,-0.16128,1.01095,-1.75407,1.16637,-1.01059,0.682984,-1.58224,-0.337175,-0.714726,2.04918,0.200679,1.55111,1.66052,0.609841,-0.211567,-1.66405,1.27497,1.30967,-0.45807,1.51556,-0.335486,-0.222026,-1.0763,-1.26989,0.651952,-1.35753,-1.36269,0.312452,0.656471,1.11615,-0.162873,-0.098887,-0.47925,0.473545,-0.58224,-2.02874,-0.844558,-0.460821,-0.46405,0.208476,-0.921648,-2.10718,0.2725,-0.21788,-1.38327,1.17496,0.616825,-0.584952,0.08307,-1.25171,0.984739,-1.58623,-1.57462,1.23275,0.360412,-0.658055,0.47322,-0.090551,0.778136,0.417235,-1.23651
1,0.071696,-1.6452,-1.21756,-0.697529,-0.091932,-0.874957,0.895546,2.05264,1.7433,0.555335,-1.02148,1.03072,-0.864422,-0.883171,1.11589,-1.56245,-1.1398,-0.418818,1.69367,-1.3478,-0.486793,-0.071088,-0.305936,0.165164,-0.4659,1.58568,0.657712,-1.52053,-1.13372,-1.23928,-0.704497,-0.97314,-0.483852,-0.36261,-0.255232,1.89099,-0.394356,0.795849,0.128816,1.13241,1.03994,1.18747,-0.537113,-1.57363,-0.657416,0.99667,2.12678,0.328564,1.97092,0.089111,0.445339,-0.035496,0.302799,1.82572,-0.248112,0.349295,0.899248,-0.232132,0.76266,0.134632,0.743747,-0.684526,1.48634,-0.636448,-0.083377,-2.14917,0.904837,0.80505,1.36517,0.072185,2.13838,0.809737,1.81936,0.829358,-1.04048,1.87096,-1.55059,0.855506,-0.028394,-0.843128,-2.19585,-0.506791,0.535583,-0.257332,0.812594,0.514801,0.363181,1.53273,0.062219,0.541067,1.02614,1.92915,0.704222,-2.39506,0.591026,0.064564,1.95788,1.17361,1.57246,-0.233597
-1,0.760898,1.39393,0.547207,0.783044,1.33909,1.42795,-1.51859,-0.170718,-1.00121,0.110798,1.49866,0.170659,2.27016,1.44215,-0.027105,1.66941,1.33284,1.63522,0.650447,2.25107,1.11845,1.9461,-1.26716,1.32172,1.55867,-1.15065,-0.619092,1.52323,1.32769,1.2736,1.24441,1.59878,-1.3491,-0.442482,0.755088,0.251978,-1.94768,-1.53227,-0.989269,1.0974,-1.02402,0.810763,-1.31076,1.64351,-3.14746,1.24696,-0.473667,0.736085,-0.000896,1.03808,-0.568612,-1.05828,-2.02362,0.119009,1.31814,0.643216,0.197795,0.795259,-0.210039,0.160421,-1.02765,1.45686,-0.507009,0.626855,1.39053,1.21521,-1.17376,-0.125192,-0.036326,-0.763037,0.261775,-2.27987,-0.179327,1.69323,1.39719,-0.409114,1.11097,-0.797977,-2.02566,0.791163,-0.394976,1.3702,-0.604295,1.05702,-1.45378,-1.26999,-1.02495,0.029631,1.15137,-0.175503,0.255295,-0.103969,-1.39257,0.753956,0.965921,-0.304408,-0.757661,0.718626,0.163683,0.454688
1,-0.142293,-0.347112,-0.738518,-0.105441,-2.1303,-0.399723,1.64226,1.13525,0.29072,1.2479,-0.388182,1.05879,-1.49576,-2.55995,0.923815,0.126097,0.233164,-0.735687,-0.274835,-0.338699,-0.358772,-1.1797,-0.227752,0.200959,-1.14452,0.68662,1.38735,0.858385,0.440002,0.230413,0.210066,-0.620758,0.70358,0.45298,-0.763854,1.21453,0.682272,1.20855,1.12588,-0.140943,1.01897,-0.714872,0.45533,-0.318339,0.30661,-0.496489,0.913589,-0.561651,1.00672,-0.929443,0.7774,0.096059,1.07961,1.27244,0.312493,1.30032,0.715786,-1.03012,1.07662,1.69153,-0.009976,-0.181265,0.975005,0.318405,0.195125,-0.332613,0.855885,1.04211,-1.75861,0.639417,1.2253,1.83545,1.06762,0.336755,0.222363,1.24492,0.703201,0.650819,1.53509,-1.32507,-0.137087,-2.37373,1.4816,-1.05934,1.65139,0.853057,1.46999,0.453806,0.031161,0.261864,-1.21023,1.76685,0.179755,0.313164,0.486709,-1.9132,0.307339,0.30732,1.36277,-0.562783
1,-0.232203,-0.970712,-0.977785,0.879838,-0.800751,-0.330386,0.415664,0.46251,-0.094371,-0.280262,0.17575,0.923272,-0.502851,-0.136435,1.13651,0.634039,0.214874,-0.814496,-0.202959,-1.09306,-0.843908,-0.741256,1.60519,-0.612437,-0.672152,0.104618,1.27999,-0.881782,-0.176926,0.703335,-0.213669,-0.772532,0.139536,-0.803127,-0.353333,0.092202,0.353442,-0.096176,0.01232,-0.614012,0.09829,-0.466004,0.445117,0.996639,-0.12565,-0.661334,0.724692,-0.279211,-0.763041,-0.906909,1.22597,-2.12472,-0.613963,-0.242796,-0.546596,-0.675729,-0.765317,-1.14165,1.7199,1.59668,0.443399,-0.827088,0.375124,-0.852267,1.32057,0.35106,1.36932,1.18234,-1.17948,0.89322,-0.0497,-0.311814,0.88047,0.196381,-0.305673,-0.638244,0.929029,-0.073551,0.609275,-0.188716,-1.25147,-0.54445,-0.533156,-1.05709,-1.19587,1.44772,-0.315486,0.157774,-0.399079,1.32935,-0.508256,1.37691,0.611538,0.584772,0.329053,0.406258,0.112321,1.48581,-0.068763,-0.33635
-1,1.31337,1.48753,0.366829,0.285083,0.109645,0.864822,-1.35399,-1.19041,-1.55922,-1.16641,0.418571,-1.42853,1.27914,1.47391,-1.27672,0.874733,0.167054,0.941415,-0.121483,-0.019956,0.93777,-0.284576,-0.606504,1.15909,0.939563,-0.457184,-1.10693,0.088559,0.649451,0.959506,0.776609,1.10535,-1.18014,0.585028,1.85198,-0.035654,-0.308575,-0.691176,-1.01138,1.77593,-0.069964,0.526505,-0.509381,0.912722,0.102007,1.26243,-1.31039,1.2672,-0.394062,0.769273,-0.661078,-0.284732,-1.91083,-0.657181,0.759823,-1.38249,-0.066395,0.718339,-0.475565,-1.02865,-0.062869,1.96042,-0.359562,-0.334927,1.07362,-0.158697,-1.38174,-1.25942,-0.335972,-0.346719,-0.471072,-0.594434,0.264961,1.01003,0.981231,-0.238649,0.849766,-1.42137,-0.147199,2.2497,1.12069,0.237255,-0.518534,0.111859,-1.62025,-1.27185,-1.96287,-0.452576,1.57491,-0.65833,0.773558,0.022163,-1.95732,-0.188415,-0.767029,-2.64371,-0.321287,0.455365,-0.939775,-0.634877
-1,1.04868,0.923745,1.62195,1.47743,0.953207,1.59623,-0.171267,-0.344454,-1.29321,1.33173,1.32519,-0.96937,0.917024,-2.6776,-0.545076,1.41252,1.02754,0.317687,0.319593,-0.226382,0.600446,1.61679,-0.572482,0.805346,0.089644,-0.420457,-0.300375,0.953024,1.86291,1.07083,1.57688,1.15657,0.488116,1.83454,0.830277,-2.749,-0.020831,0.578293,0.578873,-1.78108,0.338988,-0.791186,0.481187,1.16952,-0.833835,1.42238,-0.89816,1.39753,0.091357,0.241954,-0.360799,0.201898,-0.781291,-0.654881,1.98532,-0.689443,-0.243397,0.604113,-0.083169,-0.569937,-0.447809,0.865956,-0.245417,1.37271,0.135391,-1.05599,-1.10294,-1.1102,-1.25805,0.457536,-1.20206,-0.37065,-0.633254,0.027608,2.15037,0.340446,0.735806,-0.644261,0.589332,2.14338,2.15545,-0.631469,0.644845,-0.078475,0.492515,-0.27106,-0.113181,-0.171285,1.02015,-0.322038,0.692366,0.034116,-0.08386,-0.018449,0.986708,-0.034344,-1.21167,-0.735115,-0.109876,-0.347513
1,0.08924,-0.600602,-1.03132,-1.77506,-0.853935,-0.519955,1.41426,-0.119256,1.52745,0.722418,-0.664787,0.126167,-0.399639,0.098178,0.248389,-0.540821,0.000707,-0.507966,2.3266,-0.954304,-0.554353,0.38354,-0.192416,0.447727,-0.850672,1.53426,-0.228593,-0.55613,-0.082354,-1.32622,0.550988,-0.59211,2.03475,0.676643,-1.00154,-0.122918,1.47335,1.75055,1.525,-0.966853,2.07533,-0.899562,0.073959,-1.24886,1.81136,0.666836,1.94624,0.476811,1.34426,0.525809,0.495191,0.347426,0.370877,0.492176,0.561282,0.659446,1.0297,0.029164,-0.154393,0.434316,1.17685,-0.144669,1.48725,-0.373663,-1.35102,-2.14399,0.080533,-0.017464,0.938319,1.16372,0.243401,1.20802,1.19396,0.133295,-0.155531,1.00093,-1.18721,0.511566,1.96104,0.920067,-0.082893,-0.472282,2.3757,-0.013049,1.10593,-1.12494,0.973712,0.627748,0.642387,-0.859908,-0.262991,1.11016,0.038383,-2.81705,-0.71635,-0.695596,1.42009,0.263243,0.743385,-0.025592
1,0.026216,-0.09786,0.43863,0.301769,-0.01211,0.599858,-0.868588,-2.02135,-0.834091,0.718137,0.937619,-0.764693,0.357574,0.708546,-0.058028,0.858329,0.622387,0.551036,-0.216494,0.607102,0.199548,0.824277,-0.404407,-0.204137,0.611852,-0.864145,-0.191518,1.45485,1.10551,0.942603,-0.221598,1.08682,-0.071346,0.581065,1.02377,-1.89395,-0.914479,-0.161582,-0.87156,-0.246543,-0.389818,0.641805,-0.703259,0.654532,-0.691518,-0.345112,-0.379806,0.854521,0.30302,-0.660333,-0.398219,-0.289858,-0.405176,-0.667192,0.288476,0.09317,0.340505,0.180784,-0.159815,0.066142,-1.07067,0.241862,-0.438834,1.31127,0.505141,0.255859,-0.288297,-0.744516,1.31105,-0.06248,-0.649301,-0.441982,-1.04332,-0.663677,0.24657,-0.790387,0.884921,-1.28104,-0.286158,1.71184,0.964098,-0.232545,0.413666,2.00366,-0.428121,-0.460395,-0.365907,1.40781,-0.302781,-0.096071,0.458578,-0.711423,-0.410269,0.688368,-1.05659,-0.093045,-1.40577,0.612549,1.13384,-1.35402
1,0.660668,-0.61041,-0.636079,-0.935249,-0.898644,-0.555301,0.86473,0.776607,0.708197,1.26555,-1.46176,-0.411855,-1.04314,-2.07822,0.546118,-0.741258,-2.46461,-0.844443,1.17326,-1.02261,-0.42201,-0.122161,0.927079,0.522716,-1.16856,1.47687,0.091124,-1.30799,-0.648994,-1.39504,0.087161,-0.50069,1.28405,0.448561,-0.127546,1.03858,0.66,1.33184,1.61456,-0.246657,1.25758,0.393743,0.795994,-1.38494,1.35101,0.757074,1.195,0.389184,0.509636,0.414625,0.567523,0.181374,-0.07956,0.134728,-0.042274,0.007494,0.703409,-0.255341,-0.498009,-0.243685,0.452917,-0.158181,1.39385,0.303211,-1.58439,-0.941908,0.267972,-0.583991,-0.090007,1.43362,1.51035,2.09793,1.29364,0.450513,0.037054,1.6547,-0.621773,0.524236,2.00828,1.10858,-0.406154,-1.90654,1.627,-0.135253,0.348156,0.051413,0.450137,0.374161,0.976297,-0.318501,0.553774,1.69392,0.302627,-0.12188,-0.979538,-1.00728,1.04052,-0.235444,-0.007244,-0.603538
1,-0.261051,-1.84239,-1.81962,-1.03706,-1.31511,-0.812223,-0.586901,0.448353,-0.166675,0.395047,-1.42388,0.930289,-1.50261,-1.37138,0.497749,0.03238,-0.591747,-0.887238,2.4155,-0.038188,-1.16559,0.196685,1.01921,0.568904,-0.69526,1.57361,-0.702625,-0.443294,-1.16982,-1.83364,-0.218954,-0.473529,0.20662,-0.726319,-0.107511,0.720509,-0.365986,0.504626,-0.217414,0.4643,1.07015,0.396124,-0.632449,-1.51314,-0.171361,0.647336,1.63027,0.297285,1.2812,0.850186,1.10529,-0.833811,-1.11742,1.2871,-0.345331,0.957234,1.15501,0.564342,0.261406,-0.050218,-0.503536,-0.654091,0.922916,0.254879,0.48375,-0.772902,0.312696,0.503984,-0.592587,0.45779,0.130897,0.853536,0.811741,-0.447731,-0.59695,1.37927,-1.64543,0.581099,1.43162,0.36304,-1.81671,0.317211,0.489429,0.01792,-0.548965,-0.267589,-0.904612,1.61445,0.935487,-0.22406,0.83674,0.717796,0.947452,0.101081,-1.149,0.101267,1.41636,0.339398,0.743395,0.449538
-1,0.731312,1.19715,-0.045496,1.20801,-0.406948,0.722843,-1.04714,-0.32067,-1.34472,0.955901,0.939908,-1.04887,0.984154,0.77404,-0.20562,1.13283,1.22721,-0.287848,-1.61786,1.77205,0.822526,2.11149,-1.06132,-0.038347,-0.437148,-1.44487,-0.246246,0.558756,1.67218,1.01058,1.14892,2.03197,-0.890666,1.38026,1.01622,-2.02707,-1.86273,-1.18722,-1.13856,-1.70453,-0.14626,-0.840531,-0.092283,1.00469,-1.39014,1.24914,-0.702439,1.09395,0.176843,-0.613564,0.3805,-1.38497,-2.27738,-3.11988,0.760826,-0.623356,0.837929,-0.692562,0.41374,-1.63679,-0.70315,0.542136,-1.37861,1.03892,0.945694,-0.665752,-0.221209,-0.344541,0.317309,-0.065396,-0.97252,-0.716761,-2.00506,-1.18621,1.18468,-1.11557,0.9527,-1.21863,-1.07301,2.2423,-0.329842,1.05042,-1.07258,0.039026,-1.13537,0.234963,-1.7041,0.994905,1.02059,-0.163623,-0.278723,-1.0352,0.299841,-0.01761,-0.480751,0.740804,-1.57026,0.231564,0.391966,-0.837044
1,0.061964,0.70518,1.02057,0.768901,0.135997,1.05895,-0.390316,-1.17226,-0.721404,1.13619,0.928112,-0.380491,0.464721,-0.858531,-0.620577,1.38981,1.06052,1.12261,-0.708121,1.53156,0.970187,1.52619,-0.267776,0.646064,1.01145,-0.959614,-0.446536,1.47842,1.39229,1.13416,0.630879,1.76835,-0.489039,0.961318,0.288176,-0.577775,-0.279087,0.336698,0.555928,-0.024134,0.439056,-0.011834,-0.2008,1.45427,-0.864663,0.040161,-0.050225,0.289805,0.196255,-1.80606,-0.547843,-0.319796,-0.735744,-2.01115,1.13389,-0.113752,0.375611,-0.122725,-0.080584,-0.282249,1.20118,0.822366,-1.12531,2.10538,0.886422,-0.244762,-1.77707,-1.14526,-0.418249,0.734035,-0.052539,-0.064103,-0.718323,-0.135362,0.832899,-1.58581,0.849325,-1.74383,-0.366437,1.30675,1.16701,0.97576,0.134077,-0.295846,-0.233115,-1.75269,-0.257181,1.03151,-0.309471,-0.489323,-0.256094,-1.41616,-1.3034,-0.080769,-1.44465,-1.19646,-1.6552,0.30851,-0.290004,-0.874898
-1,1.06366,-0.193367,1.77076,1.58199,0.939973,1.57605,-0.742501,0.454598,0.216881,-1.51729,1.66433,-0.298695,1.91059,-0.444319,-0.390914,1.43652,1.38192,1.56643,0.194183,1.60826,0.220449,0.464037,-0.275533,1.35133,1.5735,-0.448451,-1.34366,1.18121,1.51957,1.38999,1.55542,1.15771,-1.46684,0.105941,1.60952,-0.648038,-0.74583,-0.401372,0.201086,-0.784707,-0.643754,-0.668647,-0.267506,1.01514,-2.62615,0.523334,-0.405359,2.17955,-0.178592,1.09927,-1.65702,-1.54026,-0.382357,-0.695947,1.95587,-0.578289,-0.292081,1.80909,-1.06636,0.469301,-0.200488,0.502012,0.707357,1.31199,0.476958,1.35519,-1.43879,-0.776107,-0.139058,-0.472318,0.514761,-0.804543,-2.19259,1.4346,2.32443,0.944554,1.15948,-0.327921,-0.796006,-0.165276,1.55987,0.85217,-0.656155,1.48758,-0.399581,-1.46484,0.096228,-0.400723,-0.321301,-1.07312,0.54813,-0.019932,-1.53934,0.413146,1.82028,0.112246,-1.36277,0.676651,-0.654151,0.698383
-1,-0.015205,-0.137593,0.0915,-3.12738,-1.27574,0.030126,0.408603,-0.10376,-0.355162,1.40817,-1.23214,0.475153,-0.340433,-0.057823,0.619135,-0.814681,-0.258331,-1.29431,0.006701,-0.740748,-0.601971,0.978003,0.979085,1.30475,-1.1418,-0.076921,0.545571,0.004581,-0.998734,-0.376758,-0.761014,0.256466,0.231837,-1.41948,-0.182079,-1.01455,0.457734,0.473416,1.57132,-0.437336,-0.232491,-1.09626,-1.01364,-0.865263,0.910097,0.131005,1.00526,-0.261403,0.123419,-0.626549,0.55689,-0.139721,0.532079,-1.90773,-0.364483,0.96134,0.647082,0.71678,0.097249,0.60478,2.06524,1.45896,0.120442,1.42736,-0.055741,-0.016282,0.067244,0.600784,-0.964083,-0.640512,0.878617,-0.972744,0.099636,2.86342,-0.570807,0.565317,-0.336353,0.247767,-0.322785,0.18958,0.257981,1.17965,0.732214,-0.528322,0.422194,-1.13412,0.681144,-0.375563,1.3491,-0.350773,-2.53055,0.000836,-1.18653,-0.835265,-0.371271,0.524965,-0.937039,0.86265,0.61441,0.224512
1,0.954973,-0.761555,-0.605867,-0.997469,-0.477421,-0.157616,1.10302,1.29574,-0.033978,0.80956,-2.399,0.713768,-0.495257,-1.13178,0.26629,-0.338188,-0.599245,-0.528896,1.47715,-1.14013,0.701599,-0.022909,0.575527,0.786019,-0.70697,0.302623,0.644523,-0.74945,-1.66023,-0.67429,-0.079187,-0.714096,1.04911,-0.819217,0.191892,1.63779,1.31918,1.01703,1.19998,0.880615,0.588605,-0.080707,-0.250212,-1.17179,0.961406,0.755582,1.05983,-0.272462,-0.173557,0.05765,0.365443,-0.570304,-0.257762,0.692848,0.429437,-0.792883,0.393822,0.583236,0.374904,0.704381,1.37498,0.817462,1.22232,-0.899085,0.488611,-0.246471,0.540014,0.218315,-1.20079,1.31091,1.34342,0.754257,0.919813,2.24659,-0.005134,2.1161,-0.803379,0.92831,0.097943,-1.55589,-0.550621,-0.838287,-0.326022,-0.318756,-0.741707,-0.582631,0.577868,-1.2238,1.79586,-0.633127,-0.015788,1.1996,-0.988952,-0.387419,0.797805,-1.10769,1.33852,-0.020351,-0.623423,1.06176
1,0.156209,-0.552491,-0.502564,0.295722,-0.504203,-0.089325,0.61061,0.299417,0.814943,0.49203,-0.911255,1.04707,0.468867,-0.156881,1.00531,0.002858,0.308916,-0.417712,0.083999,-1.16679,0.07843,0.789164,1.67021,0.455232,-0.373917,-0.301566,0.629881,-1.67309,-1.1708,0.123163,-0.101047,-0.418085,-0.38617,-0.397775,-0.478148,0.988891,-0.861402,0.032364,0.034776,1.32291,-0.295696,-0.167644,-0.368524,-0.142185,0.202929,0.155658,0.551896,-0.200346,-0.853129,-0.385359,0.27357,-2.92634,0.25918,0.087256,0.424577,-0.297975,0.2956,-0.228985,-0.518774,1.06951,0.335785,0.547735,-0.329167,-1.13447,0.935685,-0.237983,0.927626,1.19243,-1.55778,0.127124,0.501501,-0.175947,0.963417,1.05917,-0.210578,1.08407,0.156256,0.005421,0.257959,0.222269,-0.595606,0.66925,-0.31908,-0.232668,-0.643906,0.413292,0.577784,-0.339202,0.338665,0.679825,0.180409,0.31601,0.163159,-0.446512,0.556677,0.068183,0.460502,0.982708,-0.816184,-0.408843
-1,1.39249,0.114126,0.448844,1.90586,0.888538,1.40224,-1.8871,-0.953051,-0.52204,1.10359,1.36077,-0.441505,1.11417,0.197501,0.281015,1.68828,1.44905,1.6256,0.120995,0.032779,1.40136,1.14845,-0.275803,1.43728,1.64685,-0.643549,0.36362,0.193194,0.730165,1.45893,1.24241,0.74671,-1.8568,0.018724,1.50242,-0.660027,-2.12059,-1.33144,-0.912991,1.05758,-1.00558,1.13443,-3.62083,1.66272,-1.53275,1.43506,-0.116214,0.96601,-1.41296,0.956393,0.560978,-1.17348,-1.93877,0.083086,1.49616,-2.58327,-0.872471,0.738885,0.496791,-0.005296,-0.732817,1.74813,-0.121524,1.56679,1.2083,1.10705,0.441401,0.005842,-2.24564,-1.29503,-0.246135,-1.56282,-0.353998,1.15807,1.67077,0.982978,1.5845,-1.08873,-1.97979,-0.047378,0.111095,0.648943,-0.81938,1.37813,-2.51757,0.483122,-2.26401,-0.84357,0.676503,0.660665,0.713664,0.259226,0.41663,0.547283,0.75145,0.456476,-0.125266,0.476657,-1.52383,-0.286795
-1,-0.769534,-0.164317,-0.937252,0.396271,-1.92326,-1.13505,-0.107927,0.614929,1.27111,0.459022,-0.373469,0.62522,-0.323548,0.688728,0.267743,0.406752,-0.960616,-2.04057,0.191606,-0.553943,-0.238865,-1.7595,1.95333,0.247832,-1.92121,0.648747,0.349494,-0.304799,-0.199011,0.017554,1.01067,-0.444261,-0.600791,0.055869,-0.643422,-0.873236,0.0972,0.871804,0.942592,-2.07184,1.35201,-2.31176,0.84513,0.030306,0.635234,0.294799,0.642414,0.223931,0.831818,-0.267527,-1.36746,0.880527,-0.649927,-2.56663,0.34833,0.559973,0.663097,-0.265372,-0.207398,0.450578,-0.760022,-0.516387,0.904347,0.524225,-1.96599,-0.747613,0.329879,-0.171441,0.159506,1.28972,0.059118,1.05895,0.749852,0.10007,0.382629,-0.183286,0.523379,-0.126315,-0.222839,-0.479466,0.104492,0.33202,-1.40514,-0.290348,-1.08615,-0.097029,-0.876724,0.987063,0.47424,-1.43639,-0.673847,-0.287005,-1.60157,1.03527,-0.447896,-3.12858,-0.684794,-0.614208,-0.520185,-0.603794
1,1.12447,0.749598,0.314639,0.662972,0.965813,1.54202,-0.480854,0.148174,0.531178,0.147986,1.05664,-0.437891,1.70824,0.492727,-0.773742,1.29745,0.381394,1.71319,0.782236,1.15768,1.69637,0.828841,-0.815263,0.803454,1.64203,-0.123349,-0.913803,0.993333,1.42427,0.862522,1.56852,1.3945,-0.988739,0.79872,1.87791,0.010416,-0.456768,-0.543957,0.22014,0.947353,-0.936839,0.684843,-0.830668,1.05512,-1.22032,1.44626,-1.02072,1.59994,0.381764,0.022584,-1.02681,-0.226614,-1.58605,0.532516,2.13193,0.067463,0.422577,0.424151,-0.907713,-0.67175,-0.373275,1.97312,0.150314,0.07621,0.828355,-0.512908,-0.908871,-1.0747,-1.29034,-2.42603,-0.937547,-0.783895,0.11128,0.194972,1.98581,-0.098777,1.09065,-0.564737,-1.44014,1.23075,0.966592,-1.20644,0.065974,-0.138635,-1.9242,-0.955644,-1.74922,0.769488,0.865577,-2.10689,0.816602,0.48822,-0.10606,0.399039,0.39837,-1.32643,-0.249296,0.903221,0.405741,-0.114956
1,-0.324529,-0.75391,-0.213315,-0.141406,-0.842043,-0.086391,-0.726459,0.017456,-0.025612,-2.78492,0.456182,1.30668,0.595536,0.238352,0.490584,0.737576,1.21141,-0.132138,0.394476,-0.342415,0.208673,-0.70359,0.862479,0.363797,-0.178922,-0.755456,0.350251,-1.08463,0.850578,1.0093,1.96535,-0.607764,-1.83453,-1.46301,1.82474,0.070715,-3.08003,-1.0888,-0.072653,-0.489119,-0.173579,-1.04198,0.536841,0.832118,-0.927403,-1.57835,-0.943339,0.779749,-0.272236,0.331626,-0.791017,0.321306,-1.41911,-0.485719,1.06045,-0.147266,-0.787043,0.068517,0.045277,0.631968,-2.64109,-0.104583,-0.136819,-0.007151,0.411239,0.95323,-0.087185,1.08773,-1.34379,-0.571119,0.804895,-1.38064,-0.154311,0.902403,0.643845,-0.809125,1.33418,-0.010266,-0.49958,-0.309777,0.642573,-0.485098,-0.94752,0.043935,-0.838105,0.745061,-1.27013,-0.481475,-0.059742,-1.02524,-1.34456,-0.686942,0.626871,1.33467,0.827996,1.22132,-0.481585,-0.215928,-1.38652,1.37385
1,-1.39987,0.001145,-0.567127,1.06678,-1.30552,-0.818061,0.19067,0.297445,0.221683,-0.801316,-0.306563,1.61455,-0.005179,-0.778654,1.24074,0.611445,-0.992924,-1.06668,-0.308762,-1.07017,-0.440247,-0.368346,1.19437,-0.531232,-0.955906,0.468686,1.6133,-1.18175,-0.949481,0.222197,-0.047245,-1.72704,0.888166,0.232765,-1.28726,0.204608,0.625456,0.229054,1.23887,-0.979989,0.791165,-1.32436,0.876724,-0.395757,0.998497,-0.817355,0.660821,-0.727694,0.451078,-1.27238,1.16353,0.671661,-0.067808,0.156223,-1.2871,0.527518,0.13813,-1.26969,1.15837,1.45205,1.43384,-1.24047,0.444171,-0.566689,0.780399,-0.028609,1.50549,1.83364,-0.598314,1.46142,0.233329,0.678259,0.442739,-0.637715,-1.26724,-0.13353,0.494196,2.00807,-0.332972,-0.953703,0.047461,0.785187,-0.649409,-0.760907,-0.2058,0.997693,0.615315,0.588628,-1.30832,-0.671088,-0.638851,0.468526,0.80114,0.796716,0.099333,-0.251134,0.18741,1.76376,0.527442,-0.72804
1,-0.229063,-0.507101,-0.556259,0.500274,-0.830158,0.099149,0.844114,0.653618,-0.208402,0.133534,-0.926462,-0.09364,-2.46453,-0.855378,0.553416,-0.120651,-1.52382,-0.46786,1.03369,-0.433639,0.59326,-0.552425,0.164785,0.357328,-0.607802,1.57332,1.06716,-0.223661,-0.232768,-0.402219,0.358097,-0.132253,1.23961,-0.257715,-0.527613,0.82643,0.176108,0.170061,1.79962,0.509418,-0.263861,0.329902,0.867055,-0.496679,1.04945,-0.503158,1.61722,-0.677163,0.781351,-1.0526,0.084615,-3.43195,0.510894,0.53196,-0.095912,0.652602,0.515543,0.709369,-0.288962,0.797165,1.32487,-0.084061,1.351,-0.076653,-0.314001,0.326044,1.15817,1.09466,-1.01044,-0.039746,0.705765,-0.824069,0.798958,1.46531,0.257595,-0.067082,-0.293763,0.793294,0.42427,0.116106,-0.607158,-1.04821,0.432861,-0.338141,1.40129,0.346432,0.11153,0.263468,-0.221337,0.236555,0.849614,1.45591,-2.13144,-0.216879,0.197206,-1.67909,0.439198,-0.98367,-0.228507,0.409438
-1,-0.118578,2.21181,0.347547,1.18144,0.056917,0.914962,-0.626193,-1.08435,-0.340699,1.03779,1.08279,0.305967,1.92063,1.90862,-0.134233,1.25762,0.772198,0.122093,-1.12982,1.27876,0.609682,1.85641,0.349985,0.093008,0.235323,-1.04297,0.094042,1.7953,1.51423,1.08971,0.596158,1.5602,0.008804,1.58299,0.238121,-0.871819,-0.802377,0.276536,0.166664,-1.68214,-0.145908,-0.281177,0.220014,0.934237,-0.285166,0.619412,0.200252,0.71248,0.592553,-1.32311,-0.395562,0.132931,-1.94965,-2.00556,0.895494,0.276239,0.571992,-0.940869,-0.080407,-0.016356,-0.152204,-1.06122,-1.09616,1.35889,1.51993,0.60059,0.323377,-0.492871,-0.653736,0.501162,-2.13676,0.175508,-0.93106,-1.97177,0.955241,-1.55487,1.18592,-1.96795,-0.60904,2.04265,0.783114,-0.113616,-0.256985,-0.853819,-1.10611,-0.124021,-1.03454,0.615205,-0.754016,-0.427525,-0.0017,-0.959178,-1.72318,0.016961,-0.473337,-0.476732,-1.85506,0.128351,0.96586,-0.277784
1,-1.33116,-0.212275,-1.28944,-2.18534,-1.61317,-0.788498,1.41968,0.467367,1.20989,0.709645,-1.09074,0.761279,-0.558186,-0.447433,1.01023,-0.690955,0.194127,-0.929471,0.473929,-0.565687,-0.53026,0.514603,0.575565,0.258445,-1.05757,0.997405,0.437606,-1.3592,-0.403048,-0.407202,0.225655,-0.455051,1.56298,-0.174225,-0.69845,-0.220162,1.40269,2.13642,1.31726,0.006354,0.931548,-1.00678,1.18779,-0.431701,1.72346,-0.480982,1.25295,-0.227502,1.39312,-2.93731,0.538977,-0.040045,0.555711,0.531943,-0.26234,0.186983,-0.346398,-0.687875,0.815643,0.673962,0.497795,-0.112479,1.12698,0.263632,-0.341651,0.324713,0.59076,0.919006,0.502627,0.832563,1.55656,0.991063,0.488824,0.979066,-0.894954,0.090764,-0.218902,0.064128,0.492326,-0.39845,0.414477,-1.1913,0.953717,-1.03283,-0.102118,0.689116,0.248775,0.251827,-0.380366,-0.427165,-0.429805,0.976269,-1.58798,0.800497,-2.61767,-1.6241,0.069633,-0.236027,-0.683222,-1.51667
-1,0.696933,0.365677,0.694332,1.06067,0.492348,1.33129,-0.100459,0.017027,1.08054,0.576813,1.17024,-0.12444,1.14638,-0.283721,-0.445138,1.04098,0.960311,0.88419,0.545995,0.50974,1.10655,0.808096,-1.17057,0.712104,1.00439,-0.656707,-0.952276,0.861721,1.22737,1.02898,1.845,1.0154,-0.042334,0.824397,2.20528,-0.173695,-1.3309,0.371728,0.30358,0.489603,-0.184887,0.720433,0.488277,0.970625,-1.07563,0.657628,-0.756619,1.92392,-0.403549,0.44843,-1.13837,0.112303,-0.487861,0.59087,1.49824,-0.504249,-0.852813,0.330424,-0.602459,-0.258834,-0.980467,0.067367,0.412234,-0.162552,0.841757,0.53409,-0.608694,-0.536842,-2.11847,0.018189,-0.134394,-0.249206,-1.19414,0.70066,1.66272,0.347641,1.20301,-0.3697,-0.464599,1.25519,2.13419,-0.378074,-1.27361,0.893747,-0.288903,-1.16304,-0.135812,0.248285,0.631913,-1.66312,0.586932,0.067279,-2.28213,0.825175,1.35209,-2.40886,-0.37947,0.065995,-0.047631,0.259663
