class,Attr3320,Attr6281,Attr804,Attr6184,Attr1962,Attr1829,Attr2121,Attr1674,Attr6677,Attr2363,Attr4847,Attr2439,Attr1087,Attr5984,Attr1882,Attr2111,Attr6347,Attr770,Attr5772,Attr3012,Attr1745,Attr3784,Attr3341,Attr6797,Attr6803,Attr3647,Attr1144,Attr7119,Attr4973,Attr4196,Attr6005,Attr3507,Attr6855,Attr490,Attr6919,Attr1834,Attr3729,Attr1135,Attr2020,Attr173,Attr4229,Attr4609,Attr2402,Attr2288,Attr6806,Attr3258,Attr5833,Attr5087,Attr590,Attr2084,Attr6021,Attr3252,Attr2626,Attr1081,Attr4167,Attr3336,Attr5723,Attr3342,Attr2137,Attr3004,Attr1827,Attr400,Attr4328,Attr4366,Attr235,Attr5823,Attr5062,Attr1802,Attr6162,Attr2276,Attr695,Attr1779,Attr4764,Attr3561,Attr774,Attr2641,Attr3904,Attr321,Attr1260,Attr1630,Attr3778,Attr4504,Attr833,Attr1147,Attr396,Attr4291,Attr4582,Attr878,Attr2441,Attr88,Attr1615,Attr5373,Attr585,Attr4535,Attr3939,Attr120,Attr3847,Attr7044,Attr3631,Attr2181
F,-0.220595,0.749782,0.541643,0.408718,0.257098,-0.714318,-0.604218,-0.831279,-0.378033,-0.944004,-0.661837,1.20838,-0.428808,0.154594,-0.504374,-0.997159,2.41914,-1.49076,0.282473,-0.887425,-0.590146,-0.557205,-0.171669,-0.680772,-0.848447,-2.30751,-0.000996,1.08633,1.1624,-1.05983,-0.914758,-0.173663,0.392286,1.33268,-0.729239,-0.457315,-0.390271,-0.9265,-0.71722,-1.01935,-0.738373,1.53349,-0.423939,-0.587803,-0.748313,-0.575296,-1.28953,1.76245,-0.16021,0.468976,0.582311,-0.724608,-0.813903,-0.047672,1.61509,-0.149107,-0.56837,-0.813328,-0.661439,-0.985834,-0.155211,0.282783,0.014207,-0.631178,-1.07082,0.306318,1.46734,-0.167875,-0.228219,-0.582104,-0.541619,-0.527772,0.444846,0.167678,-1.07897,0.749669,2.96255,-0.677593,-1.58663,-0.296631,0.576407,-0.823608,-0.301116,0.942965,-0.775541,0.650962,1.50972,-0.211529,0.118397,-0.861864,-1.2884,-0.161752,-0.475067,0.69701,-0.198623,-0.01497,0.016964,-0.308227,-1.0887,-0.358844
F,-0.408508,-0.099772,-0.079822,-0.163314,0.030359,-0.192467,-0.293615,1.04445,-0.672324,-0.086804,-0.667077,-0.676527,-0.310982,0.007397,-0.327348,1.10518,-0.835864,0.343471,-0.812226,-0.886608,-0.280799,-0.566469,-0.286596,0.245112,0.056059,-0.846367,0.534197,-0.593272,-0.208466,0.008703,-0.049944,0.760261,-0.251822,2.3862,-0.484845,-0.851959,0.801949,-0.269497,0.322441,-0.066287,-0.039015,0.333407,-0.50399,-0.514951,-0.151483,-0.587984,0.179843,0.025594,1.01,-0.95917,0.544498,-0.589524,-0.628767,-0.675919,-0.284158,0.093272,0.37862,0.190796,-0.424181,-0.233726,-0.677788,-0.90254,0.075228,-0.221208,-0.687197,1.16338,0.453798,-0.757566,-1.42105,-0.093882,-0.658561,-0.540885,-0.883343,-0.433051,1.40707,0.653056,-0.784382,-0.020872,-0.572685,3.03609,-0.464205,1.14268,0.729944,-0.629479,0.574644,0.789463,-1.02484,0.078485,0.416925,0.510149,0.086099,-0.712451,-0.935979,0.291513,0.316636,0.47323,-0.869876,-0.291298,-0.28155,-0.732482
F,-0.015344,0.322379,1.49521,0.845823,-0.813048,-0.877052,-0.121384,-0.796445,0.50425,-0.971744,-0.6691,-0.161472,0.475936,0.186647,-0.516731,-1.28755,0.253612,-1.66695,0.831413,-1.15558,-0.96515,0.49627,0.673574,-0.149671,-0.122842,-2.0317,2.02583,-0.407801,-1.16287,-0.986148,-0.070474,-0.257373,-0.625058,2.27833,-0.652163,-0.393879,-0.316171,0.762637,0.306202,-1.27169,-1.45801,-0.216496,-0.354506,-0.610309,-0.437522,-0.539666,-0.974438,1.27892,-0.329882,0.138684,-0.438776,-0.640081,-0.010583,-0.32847,1.4705,0.903001,-1.53737,-0.86153,-0.70103,-0.188677,0.261284,-0.898393,1.86589,-0.474006,-1.26812,0.254231,-0.533837,-1.5301,-0.22949,0.431903,0.489827,-0.554255,0.918393,-0.096668,-0.694601,0.924689,0.139214,-0.720945,-1.55987,2.7557,-0.99089,0.53143,0.176438,-0.472983,-0.62577,1.78329,1.00479,-0.012351,2.55084,-0.36956,-1.00029,0.366143,-0.617515,1.65528,-0.322498,-0.637911,0.722164,0.44539,-0.594334,0.06022
F,-0.423074,0.379488,-0.012533,0.509054,2.195,-0.349703,-0.712532,-0.56639,0.207107,-0.449502,-0.383181,0.78401,0.294984,0.029181,-0.604415,-0.860332,0.396707,-0.396908,1.46889,-0.311491,0.184016,-0.226615,-0.327019,-0.593958,-0.550678,-0.618918,-0.30018,-0.260879,0.875066,-0.966607,-0.133764,-0.121629,0.828586,-0.408326,-0.662902,-0.266203,-0.110619,1.07527,-0.147056,0.114897,-0.387676,0.545551,-0.399844,-0.591665,-0.561231,-0.515515,-1.27459,0.622835,0.251095,0.127417,2.19836,-0.58836,-0.873552,-0.133029,0.045091,-0.245708,-0.322718,-0.07254,-0.288994,0.40164,0.449108,-0.076736,0.355135,-0.933657,-0.155497,-0.158238,0.077282,0.162475,-1.31906,1.29376,0.612138,-0.537684,-0.795009,0.381427,0.089576,0.029239,0.284293,-1.01382,-1.2317,0.016091,1.05035,-0.315521,-0.883627,1.46714,-0.224611,-0.155342,0.747843,1.22264,1.30552,-0.275172,-1.13551,-0.14688,0.058058,0.266107,0.519597,-0.168975,0.220859,-0.11444,-0.182883,-0.270584
F,-0.546663,0.849345,-0.395435,0.337293,1.67664,0.069398,-0.692148,-0.265192,-1.38768,0.426057,-0.420005,0.551514,1.52768,0.359131,-0.577211,-0.20985,0.413373,0.026507,0.385429,0.453441,-0.184782,1.87241,-1.07085,0.024584,-0.066341,-0.23188,-0.242407,-0.576936,1.4909,1.57688,-1.32989,2.31603,0.304736,-0.119112,0.226273,-0.188082,0.26121,1.14792,-0.644055,0.057636,0.025053,0.799446,-0.402617,-0.413875,-0.067157,-0.320473,-0.148384,1.56086,1.16607,1.55948,1.70314,-0.657389,1.42206,1.10535,1.14466,0.475315,-0.042602,1.78614,0.343921,-0.232172,1.03236,0.983463,0.910636,0.04837,-0.489387,1.59744,1.63298,0.875358,-1.16529,0.606141,-0.212575,-0.380975,-0.210914,2.59833,0.847969,0.473491,0.362237,-0.788129,-1.14576,-0.230844,0.772635,-0.076413,1.9646,-0.426358,0.052793,1.8694,1.08073,1.78795,1.04754,-0.829459,0.069189,-0.742377,0.174004,0.591033,0.661569,-0.202982,-0.899909,-0.147885,-0.005622,-0.416919
F,-0.527014,0.020094,0.476815,1.61161,-0.755564,-0.732004,-0.43353,-0.767445,0.481847,-0.896146,-0.626451,-0.572504,-0.411732,0.667296,-0.339436,-1.26471,-0.214945,-1.74348,0.296857,-0.44109,-0.535866,0.023979,0.134634,-0.01604,-0.128933,-0.600914,2.25046,0.410213,-0.221841,-0.884298,-0.341953,0.262622,-0.237115,0.902521,-0.157987,-0.653673,-0.884727,-0.626581,-0.517678,-0.074282,-1.03305,-0.420447,-0.392244,-0.469759,0.040487,-0.926414,-0.344894,-0.202484,-0.260405,-0.046285,0.130667,-0.595599,0.405705,-0.186979,0.458709,0.158135,-0.76184,0.302552,0.240318,-0.419163,-0.303556,-0.333241,0.437184,-0.438063,-0.08669,-0.615553,-0.103007,-1.43406,-0.282012,0.406409,0.6939,-0.500839,0.660656,-0.371324,-1.08058,0.654171,-0.182515,-0.623372,-0.458886,1.68673,0.349287,0.23175,0.197085,-0.410583,-0.570672,0.019048,-0.428725,-0.657761,0.600479,-0.333963,-1.18145,-0.290975,-0.934112,0.612547,0.129711,0.540299,-0.402788,-0.21461,-0.142361,0.490283
F,-0.261331,-0.206691,0.440547,1.92858,1.38389,-0.24752,-0.07306,-0.9869,0.445676,-0.423158,-0.76256,-0.084384,0.84937,-0.193151,-0.584201,-1.02369,0.070197,-0.598853,0.642716,-0.904241,-0.542944,0.159106,-0.307096,-0.628738,-0.590074,0.159941,-0.334498,-0.542422,-0.600293,-0.955245,-0.279364,-0.283962,-0.055506,0.150246,-0.675489,-0.677404,0.022755,-0.253921,-0.248509,0.18139,-0.545367,0.089417,-0.408144,-0.577604,-0.651577,-0.35427,-0.764888,-0.165485,-0.715792,-0.524144,1.11915,-0.521803,0.288556,-0.155799,0.23464,-0.022093,0.040206,-0.318331,-0.272551,0.304795,0.307082,0.339004,1.05595,-1.01676,-0.14576,-0.037688,-0.519744,-0.174481,-0.07793,1.29577,0.500892,-0.534178,-0.569243,-0.200157,-1.27425,0.384151,-0.321429,-0.70627,-0.839258,-0.639893,0.835853,-0.848588,-0.589578,1.6742,-0.554207,-0.509378,0.398788,-0.200755,0.222504,-0.261406,-0.828438,0.569577,0.076713,0.664141,-0.599643,-0.834918,1.26688,-0.697317,-0.316653,0.027427
F,0.523796,-0.360325,0.657472,1.35509,-0.06126,-1.2218,-0.368266,-0.441669,0.503363,-1.07833,-0.922927,0.427001,0.726167,-0.68408,-0.586408,-0.446094,0.633071,-0.85931,1.08006,-0.784698,-0.640702,0.672451,-0.911094,-0.406691,-0.36474,-2.45075,0.184719,-0.490341,1.12953,-1.04071,1.24468,-0.030426,1.18704,-0.231168,-0.646943,-0.27135,-0.275387,-0.476176,0.500426,-0.835434,-0.601558,1.1102,-0.322111,-0.664502,-0.397245,-0.452848,-0.115038,0.621654,0.04113,-0.192143,-0.387048,-0.514842,-0.945884,-1.17709,0.530129,-0.477567,0.243528,-0.574976,-0.684868,-0.148718,-0.658255,-1.08704,-0.420616,-1.00981,0.023765,0.903931,-0.563562,-1.2769,0.335224,0.834694,1.94489,-0.563624,-0.737754,0.172428,-0.624853,0.661688,1.46002,-0.424042,0.499784,1.55241,0.584866,0.625722,-0.829217,0.502545,-0.280432,-0.03371,0.839545,-0.809771,0.76367,0.430419,-0.688359,0.801988,-0.544053,-0.253323,-1.1012,-1.73494,-0.173667,0.122153,0.082541,0.162654
F,-0.655545,1.65138,2.0613,-0.585031,-0.000159,0.089708,-0.143726,-0.329927,0.223085,0.117503,-1.01329,-0.74091,0.307497,1.71586,-0.515508,-0.320043,-0.240493,-0.092147,0.506947,0.14657,-0.844228,0.544727,-1.49922,-0.328597,-0.270796,-0.933878,3.79036,0.960384,0.292861,-0.876502,0.235613,0.009323,0.249824,2.54297,-1.11035,-0.892837,-0.171251,0.057251,-0.686479,-1.24958,-1.01919,-0.18642,-0.361603,-0.578807,-0.405459,-0.903485,-1.22212,2.15338,-0.005979,0.175726,0.157371,-0.731869,1.23378,1.00983,0.436035,1.20933,-1.21037,-0.267174,-0.895416,0.752709,0.351447,0.612662,1.74458,-0.292032,-1.51679,1.69886,-0.788102,-1.2741,-1.11305,1.9307,-0.203135,-0.552197,1.92582,1.14358,0.632934,0.502206,0.104938,-0.613402,-1.31274,2.05148,-0.236105,0.168716,1.4205,-0.834371,-0.582336,3.06478,0.176066,1.25153,1.37169,-0.587163,-1.23604,-1.30365,-0.894778,3.22164,-0.907175,0.017394,-0.683127,-0.952353,-1.15094,-0.718671
F,-0.146853,1.55228,0.987127,0.465251,-0.608021,-0.906874,-0.431831,-0.934018,-0.335993,-0.682096,-0.505337,-0.708906,0.779772,0.107546,-0.459045,-0.620419,-0.525513,-1.38832,-0.496381,-0.291167,-0.804795,-0.902844,-0.114091,-0.497318,-0.321957,0.118936,2.32742,-0.245852,-1.2572,-0.730224,0.55054,-0.079502,-0.697631,0.70502,-0.375318,-0.516725,-0.062976,-0.081227,-0.219165,-0.431444,-0.774157,0.035406,-0.538567,-0.484019,-0.382855,-0.271975,-1.07079,-0.342527,-0.778401,-0.26208,-0.953828,-0.591766,0.369095,-0.36013,0.562529,0.019724,-0.147274,-0.012047,-0.160806,-0.123421,0.743025,0.536188,0.902733,-0.481535,-0.698552,-0.956274,-0.397978,-1.15152,-0.608369,-0.670059,-0.937352,-0.458701,-0.456117,-0.366835,-0.570599,-0.885289,-0.717249,-0.593752,-0.41124,0.282944,-1.14516,2.03575,1.16578,-0.896159,-0.821117,0.89052,-0.659444,1.83067,-0.115316,-0.128967,-0.940772,-0.691033,-0.623391,0.25642,-1.37263,0.788749,0.242223,0.493221,-0.654389,-0.515941
F,-0.868556,2.02074,0.782958,-0.12586,-0.26614,-0.874858,-0.594995,-0.776495,-0.330402,-0.092948,-0.839667,-0.131443,-0.56031,1.35083,-0.618261,0.029994,-0.726229,-0.809484,0.086358,0.608441,-1.00243,0.770798,-0.630573,-0.670057,-0.670641,-0.472288,2.00403,1.62603,1.10521,-0.656524,-0.471483,-0.991461,-0.522241,1.13045,-0.575177,-0.663117,0.54803,-0.104001,-0.653869,-0.836958,-0.909979,1.09316,-0.431634,-0.52951,-0.664264,-0.931116,-0.400301,1.08435,1.04001,-0.108641,0.004637,-0.601857,0.304902,-0.409066,-0.215947,1.55631,-0.50073,0.804217,-0.591546,-0.527616,-1.25161,0.412732,1.48301,-0.701095,-0.925571,0.379924,-0.911945,-1.66057,-1.18207,0.568546,0.170835,-0.526945,-0.760228,1.0173,0.051254,4.0295,-0.705815,-0.789211,-0.504708,2.09084,-0.031595,0.738657,0.137063,-0.772668,0.887136,1.92793,-0.349779,0.680375,1.1188,-1.02192,-1.18791,-0.108897,-0.550753,0.071644,0.527076,0.115708,-0.172464,0.90646,-0.394144,-0.903912
F,-0.532135,0.249493,-0.727189,-0.596227,-0.213425,-0.385489,-0.405045,0.887808,-0.62876,-0.084548,-0.493653,0.178288,-0.04528,-0.328639,-0.511291,-0.648971,-0.965296,-0.208012,-0.98951,0.047342,-0.324408,-0.384789,-1.48313,-0.104907,0.266369,0.228779,-0.612139,-0.938268,-0.595198,0.753624,0.313724,-0.348993,-0.527177,-0.422025,-0.481914,-0.013173,-0.717094,-0.252103,-0.895633,0.450333,-0.44887,0.268004,-0.306158,-0.435433,0.329881,-0.486029,-0.344583,-0.439165,-0.44982,-0.580998,-0.588746,-0.518583,0.714501,-0.048965,-0.744075,-0.600902,-0.010448,-0.517189,0.260389,-0.695678,-0.548913,1.2182,-0.919815,0.209987,0.384006,-0.668756,-0.252736,-0.393832,-0.189763,0.305297,-0.592968,-0.259542,-0.162328,-0.736141,-0.414858,-0.668867,0.105483,0.429784,0.649602,-0.731849,-0.36069,-0.343379,0.123478,-0.460979,-0.336712,-0.408063,-0.972102,-0.870912,0.0215,-0.619013,-0.250359,0.43636,-0.410971,-0.772711,-0.339926,0.661285,-0.678294,1.16955,0.030531,-0.406828
F,-0.820459,0.898514,2.20634,0.217274,0.900986,-0.902743,-0.885089,-0.731158,-1.32379,-0.608957,-0.409749,2.67321,1.96264,0.594431,-0.580581,-0.375565,2.42381,0.713586,1.06528,-0.385754,-0.740875,1.39335,0.17144,-0.945397,-0.907291,0.203254,0.159088,0.560658,0.072196,-0.297429,-0.060869,1.64013,1.15173,0.775825,-0.892798,-0.768085,0.45072,0.696231,-0.982224,-0.84274,0.038032,-0.44942,-0.541266,-0.534376,-0.895565,-0.507924,-0.347644,0.438257,1.80223,2.53289,0.092645,-0.720782,1.25909,2.33965,1.30657,0.239821,-0.155232,0.051312,-0.900168,-1.2704,2.9953,0.643145,2.07228,-0.696828,-1.09098,0.791479,0.928181,0.286186,-0.295984,0.158986,1.2675,-0.536069,1.35908,1.57898,-0.482968,0.061745,-0.786271,0.127894,-0.687702,-0.367731,1.65394,0.938051,0.116184,0.476032,-1.11939,1.00313,0.232712,1.16815,1.40152,-0.97966,-0.399485,-0.76676,4.482,0.973208,0.389141,0.306713,-1.01279,-0.062499,-0.871001,-0.778852
F,-0.588769,-0.674661,-0.459888,-0.198025,-0.615057,0.338396,-0.247696,0.428941,-0.869989,-0.91655,-0.617624,-0.871108,0.048886,-0.005962,-0.410996,-0.956952,1.08363,-1.38535,-0.574094,-0.062776,-0.275049,0.391171,0.447832,0.03763,0.107533,-0.661547,0.497909,-0.358213,0.449862,-0.259428,-0.803224,0.945822,-0.456301,0.705676,-0.574429,-0.701584,-0.490491,2.70473,0.205633,-0.330871,-0.730773,-0.174989,-0.416659,-0.533214,0.133964,-0.359413,-1.03369,-0.126038,-0.063009,1.23216,0.205269,0.538875,0.786386,1.24214,0.107636,0.860703,-0.715205,1.34931,-0.319609,-0.434721,1.50714,2.42845,-0.593177,0.108935,-0.638291,0.457964,1.29401,-0.783075,-0.841891,0.381886,-0.318326,-0.517813,0.889071,1.28633,-0.321555,2.47308,-0.948068,-0.241042,-1.32936,1.08181,-0.608992,-0.690772,0.2159,0.06036,-0.470035,0.883732,-0.032231,0.140135,1.66457,-0.613892,-0.810562,-0.012311,0.338535,1.57797,0.523003,-0.423146,-0.592937,-0.690544,-0.43289,0.00812
F,-1.09896,1.72033,0.363221,-0.390629,1.72721,-0.378008,-0.399029,-0.372833,-1.45132,-0.235191,-0.299676,1.06305,-0.173808,1.50002,-0.55176,-0.604931,1.55655,-0.040339,1.27171,0.572587,0.006577,1.04478,-0.598833,-0.854824,-0.759995,0.310376,-0.02423,0.97745,1.6967,-0.416874,-0.356659,1.66463,1.8152,-0.250774,-0.82761,-0.969667,-0.161606,1.83422,-1.32951,-0.347334,0.333794,0.198932,-0.481846,-0.564679,-0.742285,-0.152445,-0.007732,0.855033,1.43239,0.182526,0.521221,-0.757284,1.32565,0.586269,1.47969,-0.061235,-0.714996,1.00713,-0.188558,-0.213229,1.07485,-0.200005,1.77231,-0.502092,-1.07546,0.035174,3.05329,0.946281,-1.78032,0.393693,-0.155379,-0.486394,0.144796,1.0029,0.316003,1.54858,1.07362,-0.17413,-1.32812,1.01495,0.856287,0.319264,1.88778,-1.61101,-0.05901,0.694946,1.41683,0.686922,1.39502,-0.673081,-0.397253,-0.58736,1.14346,1.40216,2.19655,-0.399179,-1.01867,0.309618,-0.570853,-0.48416
F,-0.602,1.10359,0.072262,0.529741,0.599497,-0.725963,-0.399118,-1.14633,-0.199442,-0.601505,-0.300419,-0.208248,1.19745,0.751017,-0.548036,-1.2341,0.879787,0.081473,0.884467,-0.764187,-0.662256,1.0024,0.543102,-0.660801,-0.764749,-0.724573,0.924778,1.87811,-0.400694,-0.68444,-1.26154,0.510965,0.542811,0.346307,-0.45318,-0.533595,0.25042,1.2812,-0.584887,-0.563072,-0.740757,0.134523,-0.475932,-0.519515,-0.719272,-0.751219,-0.714904,0.472879,0.037204,1.6475,-0.010685,-0.698955,0.651985,-0.00639,1.65168,0.953117,-0.468824,0.914346,-0.561458,-0.747953,-0.052105,3.16113,1.36623,-0.872116,-1.15569,0.202441,0.421834,0.653434,-0.906006,1.55736,1.0562,0.080182,-0.789775,1.0232,0.173088,-0.346527,0.674123,-0.726809,-0.605501,0.24909,-0.359577,-0.060419,0.544673,-0.209039,-0.438715,1.00536,1.97487,0.739179,0.088259,-1.03822,-0.739877,-0.612704,0.094234,1.05188,0.304636,-0.066816,-0.927178,0.62806,-0.333752,-0.395818
F,0.36678,-0.693301,-0.02461,-0.375286,-0.32882,-0.013585,0.357167,0.194485,0.435487,2.62833,-0.363784,-2.17164,-0.642296,0.734171,-0.509996,0.279492,0.843437,-0.005659,1.95726,0.475787,-0.520509,0.975255,-0.131466,-0.673386,-0.718917,0.797985,-0.589948,-0.304903,0.98119,-0.781816,-0.335061,1.83611,-0.272468,1.73603,0.277198,-0.622442,0.960374,1.46881,1.04402,-0.437948,-0.144217,0.408451,-0.577168,-0.561379,-0.715427,-0.415525,-0.746131,3.57126,1.56434,1.96287,2.13803,2.91627,0.562404,1.07497,-1.01952,0.048878,0.739303,-0.168955,-1.71794,0.604878,1.15276,-0.027502,-0.400783,1.0839,1.62065,1.45146,0.515773,0.839258,1.28709,0.614938,0.021323,-0.322968,3.99045,1.06506,-0.555106,0.200614,-0.88702,-1.22729,0.801511,-0.39385,0.046064,-0.563452,0.272333,-0.533476,-0.063751,1.50776,-0.356463,0.331769,0.037825,1.95027,-0.678312,-1.37052,-0.555806,2.66372,1.1589,0.654791,-2.07495,0.937643,-0.611507,-0.245978
F,-0.438071,0.748316,-0.304393,0.477259,-0.264498,-0.608499,-0.867082,-0.07089,-0.022657,-0.684936,-0.546299,-0.452354,0.064629,-0.138886,-0.539016,-1.21773,-0.18086,-1.34998,-0.698483,-0.473391,-0.218304,0.054215,-0.108183,-0.547775,-0.555493,2.4448,-0.577835,-0.663102,-0.509002,-0.659833,-1.39263,-0.15901,0.308799,-0.30115,-0.640338,-0.52521,0.439158,0.79241,-0.396031,-0.791077,-0.815934,-0.455431,-0.575827,-0.492221,-0.399403,-0.135399,-0.05113,-0.486271,-0.082654,-0.438261,-0.406118,-0.539429,0.932528,0.657856,0.255702,-0.343536,0.296551,0.420671,-0.511182,0.488372,-0.636717,-0.787781,-0.755871,-0.298506,-0.445993,-0.736886,1.16702,-1.44333,0.567157,-0.299952,-0.632044,-0.489017,0.147166,-0.631327,-0.662336,-0.491589,-0.081324,-0.408566,0.22807,-0.010512,-0.38323,-0.351857,-0.482881,-0.581818,-0.515129,-0.347937,-0.133029,-0.833205,-1.10524,-0.445055,0.033407,1.32587,0.38428,0.094209,1.07914,0.55885,-0.617281,0.607884,-0.447689,-0.576982
F,0.12718,0.554059,-0.086024,0.398602,-0.062929,-0.735121,-0.598722,-0.994,-0.705522,-0.483335,-0.404501,0.59218,0.465201,-0.638123,-0.577883,-0.939195,0.404524,-0.271117,0.4852,-1.13825,-0.926554,0.067287,0.143711,-0.707338,-0.727046,0.099977,1.09774,1.3423,-0.166048,-0.555679,-0.514596,0.012702,0.368308,1.29904,-0.642248,-0.507337,0.845501,0.329028,-0.064922,-0.688014,-0.644456,1.26882,-0.543318,-0.505214,-0.634738,-0.189983,-0.283696,0.297967,0.688305,1.11075,0.220075,-0.662931,0.087656,-0.399022,-0.224771,0.852758,-0.975811,-0.384968,-0.704546,-0.509123,0.0525,1.05892,1.62655,-0.824183,-0.593563,-0.116868,0.296273,0.086118,-0.933745,0.530074,2.66028,-0.438579,0.187995,-0.266118,-0.252033,-0.761424,1.06247,-0.731359,-0.713379,0.730729,-0.262332,-0.453493,0.582558,-0.438741,-0.533625,-0.094127,1.37984,0.522685,-0.387957,-0.862109,0.256396,-0.445987,0.71815,0.935094,-0.535723,-1.98748,0.410448,-0.674522,-0.396488,-0.561544
F,-1.01444,2.8961,3.47173,-0.823475,1.93289,0.213297,-0.458318,0.278615,-1.07201,-0.901994,-0.509802,-0.375653,3.19417,1.5027,-0.559032,0.152384,1.7867,3.12679,1.61671,-0.729946,-0.603061,2.29227,0.55605,-0.743548,-0.785746,-0.943661,1.4514,1.23351,1.41036,-1.12692,-1.14815,3.95555,3.50334,1.11482,-1.0902,-1.12954,0.800669,1.33642,-0.89784,-1.01803,-0.421124,-1.07762,-0.730848,-0.565584,-0.740895,-0.14714,-0.461222,3.84876,4.21523,2.00372,1.54861,-0.91946,-0.245349,0.665325,1.56901,2.09941,-1.30816,4.92645,-1.28835,-0.947441,3.02214,-0.484487,1.51086,-1.12297,-1.75246,3.73523,2.6761,0.890325,-0.636923,4.40205,1.6043,-0.510095,0.201889,3.59445,4.08519,1.46622,2.94834,-0.870834,-2.31948,3.65402,3.66622,2.83518,2.3186,0.844139,0.311429,1.80956,3.90639,1.47983,1.67037,-0.625282,0.651003,-1.17351,1.12475,3.69074,2.83487,-2.45192,-0.796863,0.477353,-0.406998,-1.02374
F,-1.09464,1.36519,-0.724897,0.510279,1.8256,-0.473473,-0.943521,-1.30868,-0.087215,-0.705302,-0.738108,0.521243,-0.480849,3.7295,-0.559726,-0.305829,-0.611511,-1.68343,3.09781,-1.33498,-0.363448,0.918544,-0.695612,-0.80984,-0.804971,0.192576,0.117967,4.26376,2.81561,-0.464792,0.101955,1.46509,2.04246,1.42641,-0.78147,-0.499303,-0.222814,4.27511,-1.60337,-0.641207,-0.554442,2.95875,-0.488763,-0.504714,-0.727302,-0.27125,0.021108,-0.666943,1.2736,0.735627,-0.699905,-0.571671,2.98098,0.819535,0.364021,5.37181,-0.035723,2.02606,0.218917,-0.992067,-0.105994,-1.43996,1.07573,-0.951287,-0.630939,-0.384756,-0.753789,-1.85888,-0.937093,0.719988,-0.461593,-0.527055,-0.485996,0.538936,1.00714,1.29426,-0.501782,0.404734,0.659955,1.33678,-0.142607,-1.04922,1.13133,-1.2601,0.197473,2.34688,2.01133,1.03481,0.857306,-1.78343,-0.772832,0.157833,1.27969,-0.117809,3.99562,0.340649,-0.432017,1.37638,0.021018,-0.597288
F,-0.473055,-0.702947,1.02681,-0.015499,1.01353,-0.804491,-0.755386,-0.719519,-0.214891,-0.840186,-0.693239,0.301664,1.15679,0.836243,-0.554978,0.291351,-1.12827,0.791864,1.19862,-1.05588,-0.592765,-0.409255,0.603389,-0.623497,-0.767803,0.035797,-0.396286,-0.866527,0.397786,-0.953811,-0.028861,-0.431567,-0.825425,-0.529657,-0.538584,-0.481429,1.31608,-0.252271,-0.434621,-0.096712,-0.698935,-0.375453,-0.422369,-0.532166,-0.614326,-0.307919,-0.681555,0.598429,-0.033062,-0.121137,-0.661671,-0.655169,-0.303439,-0.913667,-0.785578,-0.22952,-0.09302,0.100336,-0.371263,-0.563614,-1.60418,1.67328,-1.0001,-0.860831,-0.285279,-0.594657,-0.488564,0.117786,-0.033485,-0.83044,0.203614,-0.505859,-1.04196,-0.655169,-0.393202,0.777349,-0.588931,-0.082588,-0.405159,0.331151,-0.616171,0.548928,-0.130049,-0.206473,0.360834,-0.296216,-0.081077,-1.25866,0.62142,0.722997,0.18678,-0.071407,0.022412,-0.86517,1.11452,-0.404996,-0.325404,0.032854,-0.495495,-0.464422
F,-0.6119,0.280002,0.471007,2.12329,-0.194179,-0.797645,-0.624085,-1.14548,0.194091,-0.979461,-0.83004,0.187569,0.097163,-0.00225,-0.460224,-1.06233,-0.06438,-1.59189,0.253972,-1.40931,-0.902299,-0.126572,-0.035451,-0.388213,-0.393675,-0.39789,-0.208404,0.846107,-0.233685,-1.01361,-0.773698,0.441095,-0.431336,-0.102223,-0.758917,-0.506903,-0.190675,-0.363305,-0.241568,-0.066498,-1.20345,0.128928,-0.338051,-0.536753,-0.434432,-0.884082,-0.865067,0.059564,-0.153535,-0.272295,0.242457,-0.525202,-0.347534,-0.453862,0.67718,0.941047,-0.134167,0.077227,0.260339,0.566317,-0.556619,1.5053,-0.248433,-0.750107,-0.07474,-0.205778,-0.747794,-1.70341,-0.851149,0.073014,-0.180432,-0.519131,0.260039,0.163341,-0.768151,-0.33961,-0.639471,-0.269934,0.452131,0.238008,0.217367,0.51766,0.540419,-0.175066,-0.403738,0.196631,-0.57993,-0.034619,1.86027,-0.704833,-0.98581,0.506832,-0.26061,0.084839,-0.285116,0.083003,0.310244,1.0009,-0.124842,0.808971
F,-0.557627,0.371777,1.17895,1.16981,3.12941,-0.482278,-0.651686,-0.760499,0.127188,-0.058331,-0.714273,1.91035,2.03187,-0.317539,-0.597168,-0.617924,0.37912,-0.104459,1.60825,-0.322101,-0.397372,0.57325,-0.442698,-0.967112,-0.94436,-0.8096,0.024648,0.793424,1.41537,-0.543013,-0.345895,0.669598,0.974917,-0.077011,-0.500471,-0.852195,0.051868,1.37725,-0.475887,-0.324183,0.162742,1.44951,-0.437027,-0.577855,-0.886703,-0.463178,-0.457137,0.909252,0.877723,0.718477,3.14064,-0.696862,0.47579,0.755419,0.514325,0.883815,-0.052882,-0.063328,-0.540125,2.33423,1.18143,-0.518229,0.332433,-0.425336,-0.290669,3.19495,0.209468,0.01808,-0.090082,2.3345,0.222895,-0.527181,1.53003,1.49068,-1.56087,2.09531,0.036697,-1.05878,-1.30299,0.179845,0.744555,0.061618,1.04341,0.38128,-0.506807,0.526712,1.62832,0.906374,1.25171,-0.810284,-0.84521,-0.96149,-0.162224,0.682438,0.284529,-0.291538,1.14741,-0.165167,-0.729135,-0.78651
F,-0.140593,0.441323,-0.305916,0.292154,-0.553149,-0.712194,-0.619613,0.461165,0.240955,-0.566933,-0.378206,0.918373,-0.562352,0.043868,-0.587216,-0.866369,0.791666,-1.06543,-0.381647,-0.046098,-0.938278,-0.365682,-0.398412,-0.906487,-0.79268,-0.539453,-0.551346,-0.7994,-0.051486,0.154108,-1.04228,-0.190945,-0.559359,-0.303553,-0.675172,-0.441783,-0.180584,-0.581414,-0.289141,-0.142237,-0.514998,0.375769,-0.466415,-0.535705,-0.747383,-0.525165,-0.630327,-0.204594,-0.447098,0.321802,-0.33378,-0.573825,0.153052,-0.271457,-0.014631,-0.891211,-0.685546,-0.401926,-0.698681,-1.10617,-0.603601,0.866955,0.351272,-0.668463,-0.809233,0.295548,-0.010115,-0.652816,-0.397452,-0.553185,-0.713507,-0.501847,-0.148598,-0.046806,0.374064,0.050795,1.35226,-0.373038,-0.491876,-0.75056,-0.603636,0.048052,1.15153,0.094395,-0.623092,-0.37935,-0.481433,0.553859,0.59561,-0.954994,0.034771,-0.442138,-0.80921,-0.520089,-0.219551,-1.00337,-0.191763,-0.149348,-0.474032,-0.693576
F,-0.596864,1.11577,-0.380005,0.514541,0.317772,-0.693172,-0.626244,-0.959499,0.182798,-0.843261,-0.548824,1.5615,-0.668246,0.207724,-0.540056,-0.669669,0.253586,0.897577,0.368041,-1.019,-0.668186,-0.603394,-0.170095,-0.8221,-0.85951,0.046703,1.16844,1.78965,0.776985,-0.49244,-1.06608,-0.368085,1.19638,-0.391312,-0.550049,-0.675491,0.424878,-0.422819,-0.914442,-0.836323,-0.34041,0.007151,-0.553718,-0.500713,-0.771587,-0.490964,-0.067522,-0.25221,-0.331562,-0.730029,-1.33562,-0.626539,-0.480882,0.939041,0.968031,-0.12503,-1.00001,-0.107596,-0.97957,-0.824249,0.478751,0.447298,0.128263,-0.301115,-1.03695,-0.09358,0.975005,-0.041093,-0.491093,-0.537865,2.58619,-0.495368,0.5377,-0.124146,0.431499,0.30556,0.217069,-0.109988,-1.24436,0.060354,0.50574,0.426695,0.816486,-0.586912,-1.08774,-0.91197,1.07182,0.219429,-0.514122,-1.04963,-0.05164,-0.646584,0.792626,-0.207281,-0.266255,-0.438521,-0.908626,0.114405,-0.857126,-0.724379
F,0.132343,-0.564275,0.290142,1.06681,0.81412,-0.624706,-0.271557,-1.06942,0.456881,-1.00687,-1.16331,0.289844,0.80116,-0.416588,-0.524403,-1.7159,-0.505521,-0.188201,0.178488,-1.08049,-0.218739,0.386557,2.57029,-0.180929,-0.230171,0.265578,-0.534215,0.225094,2.18485,-0.966071,-0.650847,0.755281,0.22035,0.002063,-0.603527,-0.501368,0.000981,0.148749,-0.630502,-1.24246,-1.41173,0.465978,-0.506723,-0.566986,-0.290006,-0.672154,-1.79331,-0.039454,-0.605997,0.690374,0.748649,-0.411325,0.246785,-0.686147,0.387327,0.076276,-0.485055,0.699283,0.010173,0.196167,0.78568,0.254872,-0.503708,-1.35948,-0.222911,-0.493063,-0.739444,-1.12894,-0.004912,0.401248,1.01891,-0.524553,0.186545,-0.180069,-1.28884,-0.350643,-0.703621,0.069767,1.29547,0.420426,-0.7784,-0.014949,-0.703896,0.172822,0.308611,-0.716133,-0.148674,-0.447001,-0.326696,0.096664,0.245794,-0.097305,-0.034404,-0.371415,0.542567,0.693505,-1.29324,0.475587,-0.017562,-0.360953
T,0.34363,-0.609118,-0.411054,-0.343729,-0.417131,-0.105826,0.481295,1.00248,0.146022,-0.0438,0.497135,-1.26578,-0.813813,-1.28664,-0.371543,0.808576,-0.696923,-0.72724,-0.959702,0.256958,-0.185924,-1.28434,0.099255,-0.31671,-0.247221,0.73717,-1.08787,-0.875812,-0.550621,1.50277,-0.526339,-1.24667,-0.899859,-0.486102,-0.630242,-0.346055,0.025723,-0.772252,1.56493,-0.076666,-0.222661,-0.569548,-0.471322,-0.501987,-0.353414,2.16526,-1.55915,0.833006,-0.886964,-1.36494,-1.03685,-0.503443,-0.897651,-1.36512,-0.078728,-0.62534,0.070267,-1.099,-0.817638,-0.107136,-0.338666,-1.01594,-0.849488,-0.342864,-0.726051,-0.306809,-1.51034,-0.933572,1.56137,-0.474362,-1.32436,-0.464909,0.073136,-0.90797,0.03195,-0.918037,-0.476259,1.08967,-0.408005,-0.51993,-1.22463,-0.233723,-0.296668,-2.79482,1.09304,-0.061956,-1.05888,-0.827176,-0.699836,-0.373548,-0.47891,1.04282,-0.91665,-0.475394,-0.593729,0.201927,1.26127,-1.1257,-0.484819,0.099566
T,1.65205,-0.407852,-1.26286,-1.23827,-1.26225,0.301377,-0.12037,0.094781,3.65881,1.65618,1.27334,-0.847107,-0.33308,-0.192331,0.694847,-0.014928,-1.07771,-0.028313,-0.639145,0.915348,0.82956,-0.319537,-1.18193,0.132105,0.127027,1.52387,-0.588914,-0.878809,-0.760018,1.91828,-0.141229,-0.251338,-0.852113,-0.812664,2.22832,0.47705,-0.144312,-0.093189,1.29221,0.012742,1.03052,-0.101874,2.88258,1.50405,0.304145,0.622748,0.978177,-0.582557,-0.267851,-0.13719,-1.00233,0.742518,0.363721,-0.374779,-1.72054,-0.330321,1.34883,0.388653,0.532457,-0.369884,-1.03587,-1.30263,-0.637892,1.42557,0.70484,-0.817328,-0.541089,-0.480213,-0.495563,0.037757,-1.26396,-0.147408,-0.615357,-0.220218,2.1365,-0.725035,-0.90254,-0.113824,0.873753,-0.930858,-0.855941,-1.00131,-0.024846,-1.26729,1.34793,-0.724108,-0.18713,-1.02395,0.046532,-0.473757,2.5914,-0.240133,-0.466789,-0.7137,-0.210914,-0.009325,2.58777,1.03059,0.327546,1.52659
T,2.8127,-1.49876,-0.632391,-0.826278,-0.235821,3.38292,2.13626,1.13347,0.622027,1.31423,2.72645,-1.20068,-2.47579,-0.607781,1.86081,1.47299,-1.42609,1.27164,-1.13006,4.12846,2.33883,-1.34772,1.68606,1.06417,0.760552,-1.93788,-0.859074,-1.25722,-1.50572,2.37374,2.57974,-1.1466,-1.05631,-1.70695,0.742311,1.38622,-1.53276,-1.43965,1.6955,2.83077,1.57151,-1.62121,1.07148,1.57243,0.895899,4.04684,3.48256,-0.359001,-0.678849,-1.78936,-0.304757,0.816265,-1.12813,-0.05931,0.164993,-1.23585,0.831686,-1.18963,1.65045,1.12369,-1.39125,-1.38187,-0.704418,1.27604,1.44241,-0.923493,-0.5772,1.09924,1.41387,-0.353047,-1.22205,-0.482174,-1.4916,-1.4529,1.43327,-1.38279,-1.1962,5.19565,2.56113,-0.963634,-1.54738,-1.24793,-0.032667,-0.678484,-0.211879,0.290731,-1.23787,0.856515,-1.28013,1.72962,3.41351,1.06129,-1.34197,-0.89911,-0.319255,1.67,1.76269,-1.14385,2.15586,-0.938883
T,2.06646,-0.751904,-1.12243,-1.15464,-0.762566,1.50985,0.682255,0.279085,0.912683,0.428323,0.135378,-0.268088,0.05798,-0.817847,0.722325,1.43911,-1.47869,1.30088,-1.11442,1.78859,0.386286,-0.333085,-0.06464,0.619755,1.09972,-1.12478,-1.03158,-0.828707,-1.2389,0.86303,1.4663,-0.792054,-0.773659,-0.865905,1.0335,2.19653,1.62549,-0.504845,1.02071,0.662327,0.274198,-1.08478,0.792867,0.956275,1.36682,-0.591661,1.13817,-0.634794,-1.26988,-1.11897,-0.850183,2.02431,-1.70793,-0.946,-1.35974,-0.030347,-0.404377,-0.889068,-0.057901,1.95532,-0.676019,-0.810254,-0.564824,0.220833,1.38075,-0.577691,-0.451679,1.63124,-0.149868,-0.53425,-1.40954,1.33788,-0.33129,-0.792835,0.204725,-1.01623,-0.915247,-0.277235,0.740999,-0.724176,-0.96808,-0.729362,0.401886,1.27927,-0.09571,-0.425711,-1.02078,-1.01067,-0.715531,0.670658,-0.57415,0.183384,-0.666886,-0.814304,-1.36613,0.593947,2.49969,-1.80935,-0.792856,0.755007
T,1.42912,-0.450042,-0.075807,-0.444363,0.39294,0.697623,1.71373,1.38522,0.534863,-0.065804,1.12828,-0.272565,-1.46742,0.455603,1.57609,2.30327,-1.06436,-0.271195,-0.837838,0.111537,2.47668,-0.132343,1.95091,1.2527,1.32057,-1.47521,-0.031335,-0.474099,-1.27949,-0.041503,0.519746,-0.974181,-0.510533,0.167551,-0.188887,0.702878,3.62448,-0.984885,0.780815,-0.170102,0.141607,0.199069,-0.398749,-0.453719,0.734005,0.230512,-0.801873,-0.782449,-0.085981,-0.404656,-0.271377,-0.554628,-1.40198,-1.54357,-0.559772,-0.514535,-0.206188,-0.846495,-0.825048,1.0362,-1.08938,-1.16944,-0.848578,-0.326981,-0.216888,-0.171712,-0.992469,-0.388117,1.22853,-1.27392,-0.858982,-0.50119,-1.46379,-1.22339,-0.184476,0.859688,-0.594545,-0.35575,-0.233671,-0.175454,-0.500458,1.40919,-1.18306,0.140422,-0.101338,-0.116296,-1.15867,-1.17471,-0.194797,0.445065,-0.799744,-0.834156,-0.997716,-0.865855,-0.429044,-0.180855,2.02393,-0.207285,1.50894,0.308323
T,-0.082864,-1.70488,-0.461026,-0.780438,-0.640843,-0.353458,-0.145003,1.66652,1.4206,1.93395,1.16473,-1.12355,-1.36759,-1.71146,0.051335,-0.107399,0.793177,-1.21495,-1.20502,0.475934,3.0448,-1.44661,1.73761,2.94828,2.70403,-0.712465,-1.42623,-1.21168,-1.58059,1.7167,1.51926,-1.38751,-1.12721,-0.664893,0.682635,-0.144185,-0.756121,-1.20197,2.74012,0.172905,0.357138,-1.34906,0.111165,0.06531,2.70527,1.39982,-1.22566,-0.099012,-0.555501,-1.20886,-1.34836,1.29628,-2.22603,-2.20226,-1.12266,-1.24049,3.81891,-1.19976,-0.427088,-0.512498,-1.84195,-0.985805,-0.721115,1.23703,-0.558706,-1.0835,-1.05614,-1.04439,3.916,-1.01322,0.250185,0.746826,-1.22543,-1.20846,-0.443146,-0.947696,2.34567,0.174648,-1.09412,-1.00582,-0.664463,-0.607401,-3.06073,1.1187,0.29113,-0.330904,-0.936612,-1.33047,-1.77171,-0.105069,0.348831,1.76338,-1.3854,-1.29833,-1.13306,-1.58763,1.90117,-0.779637,0.114157,0.307575
T,1.37983,-1.00851,-1.20858,0.059586,-1.11824,1.87495,1.06972,0.310104,1.68874,1.51913,0.98079,-1.46231,-0.318689,-0.810109,-0.27943,1.41661,-1.11527,0.024556,-0.765652,-0.028916,1.24055,-1.07939,0.189216,0.361845,0.294796,-0.063384,-0.775777,-0.753319,-0.837212,1.76655,0.483193,-1.35876,-0.903153,-0.091864,0.428326,2.4218,-1.6596,0.186399,1.46922,1.02905,0.556793,-0.752533,1.78356,0.957302,0.31776,1.06707,0.799609,-0.6669,-0.405424,-0.918511,-1.35195,2.07794,0.180244,-1.2031,-0.947732,-0.712621,-0.487411,-1.15913,-0.155291,1.11848,-0.581218,-0.350593,-1.00704,0.308542,1.34769,0.082698,-0.850005,0.098057,0.668021,-0.661049,-1.70527,0.635857,-0.190366,-0.756642,0.869341,0.181805,-1.38087,1.99124,2.25743,-1.10093,-0.611683,-0.437758,-1.22566,1.53855,1.30162,-0.846375,-1.17301,-0.88937,-0.709562,0.928401,0.569324,-0.288872,-0.511687,-0.839539,-1.38854,0.701582,0.914357,-1.57969,0.240352,1.56793
T,1.13572,-1.08897,-1.12521,-0.62997,-1.03822,1.24246,0.40768,-0.468096,0.13811,-0.275413,-0.120407,0.250136,0.767701,-1.00509,-0.274433,-0.603539,-0.917561,-0.088737,-0.840361,-0.312406,0.099875,-0.286828,-0.432191,-0.204013,-0.195678,0.33587,-0.99335,-0.683528,-0.842463,0.132511,0.634923,-0.552813,-0.656913,1.12074,0.064933,1.09006,-1.19509,-0.563633,0.877324,0.044855,-0.252182,0.481619,-0.327416,-0.538242,-0.205703,-0.630193,-0.183289,-0.738732,-0.250328,-0.090986,-1.05861,0.95268,-0.096847,-0.598729,-1.08159,-0.408106,-0.379731,-0.336254,0.475514,0.347209,-0.305833,-0.085953,-1.08858,-0.089933,0.598539,-0.389799,-0.725174,-0.606175,-0.026619,-0.817786,-1.23179,2.07699,0.466447,-0.075357,-0.217908,0.072062,-0.823553,-0.008674,0.635508,-0.622941,-0.279741,-0.899605,0.112882,-0.18714,-0.208351,-0.864541,-0.729521,-0.972807,0.387291,-0.227689,0.182792,0.435487,-0.533645,-0.611272,-1.67063,-0.112923,0.062263,-0.357973,0.810806,-0.11284
T,2.71834,-1.62221,-1.08993,-0.045784,-1.02928,2.96686,3.23413,1.90358,1.05106,1.12302,1.78795,-1.19162,-1.39073,0.305534,2.24999,2.2572,-1.10003,2.55937,-1.15465,0.412632,2.17538,-2.04949,0.740466,3.23611,3.07712,-0.998331,-1.51324,-1.00662,-1.43991,2.06189,3.05543,-1.56161,-1.22794,-1.84302,3.75562,0.886895,-0.486038,-1.37904,0.801423,1.01062,2.13162,-1.64883,0.664935,0.71308,3.17302,1.2828,2.1369,-1.17639,-0.929282,-1.68944,-1.6266,1.57582,-2.12849,-1.38264,-0.514348,-1.61846,2.72053,-1.82885,1.03421,0.000508,-1.12712,-1.0027,-0.738472,1.66038,1.49487,-0.610082,-0.029275,1.5669,0.948171,-1.81214,0.206427,-0.240822,-1.49344,-1.80519,0.197158,-1.60159,-1.26565,1.50044,1.31734,-1.21897,-1.27767,-1.30206,-1.49046,2.58117,0.06533,-0.907377,-0.884595,-1.31856,-1.66385,2.41675,1.7984,3.75678,-1.01106,-1.08718,-1.3165,0.886042,0.387237,-1.6531,1.39681,-0.537045
T,1.32334,-1.22122,-0.713176,-1.12797,-0.747331,1.02071,1.50441,1.5892,1.08604,0.161956,0.662496,-1.26594,-1.14396,-0.579846,1.64813,1.73025,-0.298842,0.501198,-1.25634,-0.047279,1.99015,-1.25751,1.31672,2.89115,2.67122,-1.18737,-1.08807,-0.9337,-0.775171,1.57141,0.571064,-1.06184,-1.08978,-1.68064,2.47359,-0.136808,-1.15996,-1.43312,1.66808,1.31647,0.985224,-0.8303,1.06047,1.4019,2.66895,1.90528,1.01105,-1.00605,-0.899475,-1.01223,-1.309,0.175134,-1.06221,-1.42591,-1.47579,-0.667888,1.35502,-0.92526,-0.218012,0.639205,-1.49641,-0.611163,-1.14416,-0.079584,-0.187811,-1.15108,-0.326479,0.033457,-0.325737,-0.609999,-1.21372,-0.375154,-1.56335,-1.06539,1.25152,-1.21188,0.700026,2.62182,0.576315,-1.2761,-1.35587,-1.28003,-0.017321,-0.002063,1.40768,-0.364153,-0.961807,-0.907473,-1.3701,0.97091,3.09588,2.8283,-1.46092,-1.09629,-0.272989,-3.27851,1.14418,-0.52704,-0.339283,1.02651
T,1.15398,-1.2889,-0.831293,-0.338494,-0.481185,-0.522802,-0.289541,1.50397,0.891999,-0.735074,0.175474,-1.49683,-0.520692,-0.288613,-0.265099,1.66705,-1.28041,1.52184,-0.993868,-0.214389,0.012757,-0.29632,0.262185,-0.251752,-0.182698,-1.74516,-1.0295,-1.01483,-0.800067,-0.680418,1.81203,-0.40335,-0.928419,-1.76637,-0.64256,-0.313818,-0.213843,-1.56136,1.27661,-0.042929,-0.698412,-0.295037,-0.105446,-0.025924,-0.430903,2.08801,-0.575847,-0.632674,-0.905032,-0.66689,-0.958045,0.034248,-0.737671,-0.862518,-1.69987,-0.278411,0.316432,-0.134025,-0.708702,0.208765,-1.56807,0.237785,-1.30045,-0.069896,-0.555517,-0.502548,-1.71714,-1.67356,0.266899,-0.986797,-0.439207,0.395664,-1.19105,-0.45025,0.77725,0.178581,-0.375402,-0.263718,0.36824,-0.806027,-1.86599,-0.005948,0.00689,0.347242,4.99724,-0.503336,-0.253962,-0.962803,-0.626429,-0.324444,0.919062,1.89468,-0.968795,-1.1392,-0.023243,-2.07712,0.949073,0.202493,-0.239374,0.356642
F,-0.20545,0.496574,0.572294,2.30572,-0.646247,-1.18953,-0.787464,-0.751694,-0.494124,-0.788236,-0.678959,1.41663,0.066226,-0.015532,-0.55166,-0.08454,-0.25381,-0.733844,-0.315866,-0.40575,-0.742778,-1.39301,0.186765,-0.747624,-0.675407,0.089811,0.468274,1.85704,0.40123,-1.07345,-0.436526,-0.415426,0.585927,-0.88787,-0.325499,-0.454162,0.393922,-0.783113,-0.661666,-0.861075,-0.896796,-0.28038,-0.442222,-0.557649,-0.660291,-0.860609,-0.635866,-0.085253,-0.750714,-0.655463,-0.288004,-0.521302,0.649125,-0.229085,-0.123874,-0.216185,-0.4177,0.063571,-0.390708,-0.178338,0.594658,-0.892822,0.632786,-0.714395,0.033591,-0.639207,0.210461,-0.264704,0.385933,-0.409808,-0.168596,-0.439346,-0.002218,-0.515765,-0.871391,-0.134925,1.43657,-0.182722,-0.097047,0.187302,-0.339801,2.19181,-1.08688,0.607888,0.140666,-0.096247,0.015163,-0.859187,-0.503773,-0.039101,-0.108606,-0.336327,-0.502176,-0.912235,-0.005246,0.071991,-0.698864,0.614049,-0.229565,0.952202
F,-0.224616,-0.265763,-0.628834,-0.575484,-0.614744,-0.934008,-0.73042,-1.17837,-0.424493,0.39196,-0.70825,0.691204,0.372975,-0.802112,-0.525482,-1.01471,0.725873,-0.751633,-0.516353,-1.67062,0.185797,-0.657519,-0.977787,-0.798747,-0.764484,-0.111661,1.05289,0.818924,0.706486,-0.635742,0.899021,-0.552577,-0.401915,0.542052,-0.452005,-0.206977,-0.956014,1.2105,-0.789692,-0.462645,-0.687684,0.708332,-0.395806,-0.622066,-0.736824,-0.882333,-1.61267,-0.599206,0.139416,0.379654,-0.625127,-0.521593,0.000642,-0.418879,-0.116055,-0.647052,-0.254213,-0.15586,-0.15242,-0.398616,0.546449,-1.17966,-0.349104,-0.469568,0.00024,0.251142,-0.566833,-1.34339,-1.84519,0.104923,0.374134,-0.524474,-0.158052,0.220653,-0.492727,0.926014,-0.925405,0.092548,-0.414364,-0.729177,0.998347,-0.843728,-0.149797,-1.15537,-0.550833,-0.431187,0.631725,-0.008022,1.26441,-0.103007,-0.777584,-0.69554,-0.178872,-0.42378,-0.549228,-0.065805,-0.635386,-3.44143,0.43694,0.079296
F,-1.03587,1.14145,0.301434,0.002724,2.27599,-0.291481,-0.667881,-0.983958,-1.08234,-0.288277,-0.634837,0.24593,1.59371,0.161274,-0.565077,-0.568437,0.114921,-0.277205,0.850153,0.082069,-0.296047,1.58698,-1.29707,-0.546102,-0.597549,0.754977,0.169905,0.264066,1.10611,-0.683167,-0.808322,0.131139,0.6577,-0.057712,-0.65463,-0.687658,-0.211444,1.36645,-1.46602,0.074583,-0.096671,0.952027,-0.4261,-0.501822,-0.544353,-0.642029,1.079,-0.474927,0.347476,0.085672,1.2324,-0.591709,1.81782,0.947437,0.366669,0.388197,-0.362552,0.857359,-0.234324,-1.08753,-0.117183,0.401708,0.303914,-0.562598,-0.106296,-0.54041,0.542382,0.582752,-0.322616,1.60863,0.343651,-0.517424,0.111192,-0.012535,-0.320252,0.871411,0.209316,-0.697503,-0.379653,0.129911,1.05606,0.871944,0.640925,0.320105,-0.270829,0.116767,0.12422,1.26866,0.066954,-0.236531,-0.400404,-0.781461,1.12414,0.604123,0.527391,0.485787,-0.320128,0.570444,-0.254343,-0.885233
F,-1.54256,-0.082984,0.388849,1.33793,0.154358,-0.796541,-0.727262,-0.044556,-0.867499,-0.788659,-0.754648,0.404516,0.11844,0.029626,-0.504106,0.477933,-0.492194,-0.097074,-0.264049,-0.632804,-0.656541,0.030051,-0.857827,0.297175,0.304736,-0.396905,-0.693924,-0.136485,1.14692,-0.745284,-0.47286,-0.551667,0.938362,-0.308732,-0.236948,-0.575608,-0.537147,-0.872616,1.05011,-0.866321,-0.631564,0.078958,-0.495155,-0.515076,-0.128035,0.339377,-0.225852,1.28762,-0.158271,1.35908,0.647054,-0.6624,-0.230983,-0.229302,0.54274,0.154789,-0.297052,-0.597129,-0.416954,-1.2431,0.230411,1.25619,0.010941,-0.305294,-0.786529,1.44563,-0.476543,-1.05575,0.310212,-0.513718,-0.116219,-0.359711,-0.36463,0.973906,-1.1238,-0.214428,0.238996,-0.513441,-0.897633,-0.686644,-0.098521,-0.043795,0.312698,-0.040328,0.198788,0.663427,-0.234603,-0.372126,-0.299523,-0.307934,-0.103208,-0.433225,0.305362,-0.266417,-0.623508,-1.65645,0.411009,0.696181,-0.276959,-0.74386
F,-0.76261,0.00289,-0.351402,0.63416,-0.271495,-0.235699,-0.572736,-0.364919,0.198082,-0.57895,-0.796828,1.30486,-0.684446,0.031086,-0.551662,-0.834268,0.60843,-0.177493,0.526425,0.448473,-0.632491,1.06748,-1.0821,0.382,0.274113,0.810337,0.626233,0.07104,0.021297,1.18128,-0.198943,0.425688,1.37436,-0.917789,0.458195,-0.572572,0.078546,0.115146,0.315415,-0.169095,-0.596039,0.41786,-0.174286,-0.49018,0.350316,-0.578407,-0.001132,-0.466184,-0.533841,1.156,0.869454,-0.395312,0.901413,-0.406428,0.245317,0.592518,0.107551,0.270889,0.684122,-0.060043,-0.513715,0.714296,0.184034,-0.466497,-0.028111,0.091672,0.101431,-0.058562,0.340816,0.700006,-0.581253,-0.321522,0.298395,0.683429,-1.02556,0.264766,1.47511,-0.816003,-0.472662,-0.36285,0.191227,-0.034653,-0.114738,-1.00882,0.131921,-0.575206,0.034269,0.615438,0.705138,0.826242,0.211812,-0.600991,0.713237,-0.192065,0.502287,-1.61306,-0.112791,2.58729,0.000433,0.004475
F,-1.30226,1.68599,1.26318,0.352097,-0.184148,-0.128534,-0.668221,-0.765133,-0.652296,-0.828957,-0.867476,0.626051,0.555223,1.17168,-0.446681,-0.319647,1.11173,-0.099791,0.596579,0.185681,-0.582219,-0.147088,-0.874051,-0.533905,-0.501693,0.514457,0.570931,1.39401,0.75611,-1.02445,-0.99109,0.20649,1.31783,-0.616461,-0.456039,-0.48364,0.345277,0.179928,-0.913526,-0.088104,-0.323602,0.435794,-0.485578,-0.470702,-0.425238,-0.691104,0.103608,0.457101,0.059865,0.846848,-0.415568,-0.727484,1.26879,1.31083,0.518934,0.227264,-0.663839,0.717013,-0.235102,-1.46338,0.280904,0.999439,1.10175,-0.681021,-0.865159,0.191539,1.68283,-0.106032,0.178799,-0.038498,-1.03054,-0.525639,-0.013593,0.009829,0.046915,-0.06631,2.06997,-0.493644,-0.418003,-0.110905,1.54428,-0.24566,1.90648,-0.673142,0.244927,-0.307542,0.484446,0.298686,0.468659,0.293468,-0.653627,-0.701556,-0.102134,0.627498,0.909888,0.410212,-0.670796,-0.556137,-0.642041,0.018031
F,-0.937053,0.661919,-0.090504,-0.942416,0.366441,-0.245714,-0.516187,-0.07092,-0.801806,-0.780168,-0.804721,2.32354,0.242103,0.260347,-0.521849,-0.664843,2.05794,0.320988,0.199298,0.282419,-0.801422,1.08683,-1.03568,-0.763955,-0.762639,-0.192769,-0.238504,-0.573439,0.207718,-0.623842,-0.580034,2.50456,0.436207,-0.657105,-0.443913,-0.493263,0.337812,0.010496,-1.1559,-0.154075,-0.260191,0.387438,-0.433819,-0.465813,-0.787062,-0.814184,0.306618,-0.568005,0.561727,-0.317776,2.14693,-0.581599,1.48636,2.01819,0.927687,0.8886,-0.772387,-0.201546,-0.173852,-0.982085,-0.278147,-0.610646,0.346376,-1.05655,-0.268143,0.274697,-0.422231,-0.025313,-0.036347,0.715962,0.255393,-0.538533,1.05418,2.278,0.493951,-0.446637,0.724808,0.126194,-0.314607,-0.315793,0.314685,1.57749,-0.152746,-1.24436,0.228515,-0.328698,0.220714,2.28225,0.595746,-0.730847,-0.920125,-1.07123,0.211545,-0.334932,1.08459,0.142659,-0.670907,-0.552023,-0.306512,-0.211127
F,-0.805493,0.621353,-0.22091,-0.181368,0.227369,-0.058432,-0.440507,-0.059936,-0.78277,-0.632818,-0.761855,0.827146,1.46449,1.65582,-0.530449,-1.16272,0.031952,-0.362989,0.127245,0.039368,-0.70933,0.271887,-1.15893,-0.580661,-0.709776,0.41048,-0.14958,-0.667741,0.211771,-0.984981,-0.648744,0.191799,0.044271,-0.108287,-0.503145,-0.727455,-0.306303,-0.947119,-1.04741,-0.062929,-0.45929,-0.478374,-0.515714,-0.487405,-0.677157,-0.718799,0.344489,-0.371367,-0.043417,-0.479612,0.716189,-0.645466,0.886945,0.493101,1.00256,-0.048762,-1.14917,-0.128645,-0.246697,-0.971603,0.190887,0.513517,0.433379,-0.772057,-0.211458,0.112385,1.75194,0.10156,-0.449054,-0.006436,0.557486,-0.522275,-0.116782,-0.070379,-1.09028,0.229839,0.40212,0.052205,-0.185653,-0.15018,1.2182,2.03164,0.706772,-0.396594,-0.9063,-0.667745,-0.290873,-0.103054,0.210427,-0.596518,-0.696873,-0.265322,0.738235,-0.598687,-0.491662,0.757658,-0.554765,1.27885,-0.509363,0.017241
F,-0.164445,0.588492,-0.247778,0.741392,-0.557061,-0.5695,-0.603521,-0.71438,-0.217479,-0.147621,-0.546563,-0.593968,1.2204,-0.956245,-0.522517,0.026849,0.385246,0.101513,0.075038,0.117637,-0.544284,1.00997,-0.740299,-0.665964,-0.63555,0.419173,-0.065572,-0.433743,-0.78252,-0.275451,-0.428918,1.19239,0.080368,1.23874,-0.656009,-0.181655,1.47119,1.11676,-0.394529,-0.443122,-0.013733,-0.189672,-0.402857,-0.406133,-0.60619,-0.499504,-0.247708,-0.648329,2.18977,2.46026,-0.25689,-0.55863,0.656154,0.420777,-1.10587,-0.297147,-1.08338,1.07359,-0.183662,-0.008881,-0.233344,-0.131793,0.042579,-0.702949,1.17377,-0.239001,0.221943,1.57663,-0.265233,0.5497,1.21891,-0.403136,2.02919,-0.129278,-0.684824,-0.289319,-0.007091,-0.146276,-0.013251,-0.185979,1.19802,-0.072555,0.137175,0.092592,-0.502263,-0.432393,-0.159103,1.09993,0.430217,-0.909373,-0.665177,0.330555,1.65262,1.43036,-0.052285,-0.154635,-0.378653,1.19447,-0.604032,-0.510493
F,-0.839137,1.73951,2.18688,-0.39083,0.250459,-0.777745,-0.579345,-0.078582,-1.22564,-0.707537,-0.408515,1.58638,-0.121432,1.75776,-0.601937,-0.029976,2.89086,0.039519,2.04579,-0.809286,-0.957845,1.83935,0.320677,-0.916714,-0.925547,-0.813931,-0.240424,0.635816,1.36986,-0.635221,0.217486,1.31923,1.55169,0.381404,-0.650712,-0.732001,1.64384,0.687876,-0.422741,-0.971936,-0.293965,1.57653,-0.518183,-0.557504,-0.851811,0.241673,-0.567565,1.08449,1.59661,2.45121,0.623292,-0.773564,1.38495,2.37383,3.72281,0.658196,0.002887,-0.736301,-0.81817,-0.793768,1.65649,1.58228,3.1148,-0.466485,-0.749078,1.41241,2.51877,0.457783,-1.10141,0.125623,1.36958,-0.515024,1.47385,0.963393,0.265108,0.34679,0.085932,-0.776394,-0.82775,-0.404282,2.30112,1.18845,1.30982,-0.712133,-1.60636,1.50284,1.71864,3.39168,2.17021,-1.14409,-0.256792,-1.50344,2.36774,1.49007,-0.049057,-1.3944,-0.373525,0.286268,-0.730172,-0.53344
F,0.112773,-0.075401,-0.070358,1.65068,1.10825,-0.727007,-0.131459,-1.24927,0.897354,-0.86699,-1.05815,0.399535,0.752229,-0.396826,-0.47734,-1.38302,0.218213,-0.619575,0.038893,-0.908078,-0.476121,-0.478399,3.54505,-0.266233,-0.24626,0.16488,0.586754,0.681935,1.36795,-0.865401,-0.616927,0.103066,0.559906,-0.065174,-0.161844,-0.004959,-0.285186,-0.441406,-0.208897,-0.635831,-0.948697,-0.83131,-0.515438,-0.528823,-0.299203,-0.200586,-1.50419,-0.276205,-0.208098,-0.31299,0.376487,-0.555319,-0.544928,-0.480764,0.971695,0.036685,-0.406064,-0.568797,-0.553197,-0.944224,1.01165,0.535164,0.924777,-1.32518,-1.45401,-0.100237,0.042916,-0.496157,0.025276,-0.470951,1.83803,-0.310841,2.01141,-0.58298,-0.972104,-0.134493,0.409341,-0.245659,-0.794391,0.055169,0.880344,0.399497,0.311584,0.89242,-0.613077,-0.441433,-0.382591,0.497676,-1.04555,0.022893,0.40375,-0.862813,0.380124,-0.610762,-0.129673,-0.273719,-0.98244,-0.206657,-0.661938,0.095702
T,1.38008,-1.41331,-1.11901,-1.35273,-0.560015,1.1996,1.29352,1.65306,1.74407,1.63765,2.6848,-0.878596,-0.603112,-1.17326,1.48623,1.55733,-1.11173,1.52603,-0.72306,2.53693,2.62432,-1.10727,0.27129,1.05265,1.11234,0.324314,-0.951515,-1.19779,-1.18117,1.31896,2.8486,-0.966322,-1.05042,-0.658799,1.40608,1.14739,-0.702762,-1.06691,1.56204,1.41248,2.34536,-0.948751,1.33851,1.45799,1.0541,2.02523,0.604355,-1.10067,-1.33533,-1.15258,0.021492,1.31224,-0.612363,-1.11363,-1.02293,-0.865333,0.872024,-1.09419,-0.0213,1.9536,-1.61334,-1.04915,-0.628203,2.47151,0.709542,-0.988588,-0.913272,-0.322792,0.138177,-0.004929,-1.55376,0.981413,-1.33586,-1.46353,1.28331,-1.15617,-1.02633,1.92129,0.053487,-0.276174,-1.20205,-1.0921,-2.18404,0.284535,1.09226,-0.494391,-1.06636,-1.24679,-0.818515,1.17397,1.44653,2.05454,-0.986347,-1.04182,0.388678,0.807128,3.02513,-0.579624,-0.039835,3.45749
T,1.26351,-1.11138,-1.23827,-1.92894,-1.00097,0.842926,-0.064507,0.74074,1.45796,0.506342,0.591543,-0.698068,-1.47922,-0.718514,-0.07373,0.283055,-1.14617,-0.256038,-1.11518,1.09579,1.78309,-0.448769,0.316671,0.330039,0.502158,0.509308,-0.96578,-0.785634,-1.01563,1.17044,0.991966,-0.329373,-1.0614,-1.39256,2.85245,0.521266,-1.63815,-0.099146,0.619382,0.421982,0.42718,-0.121448,2.33964,2.35683,0.50925,2.24917,1.13303,-0.752599,-1.25957,-0.617183,-0.37764,0.965867,-1.08241,-0.674238,-1.27959,-0.492387,1.03514,-0.291069,0.005742,0.300694,-1.06722,-1.06847,-0.99895,0.627972,0.760653,-1.02329,-1.33793,-0.460882,-0.222899,-0.107491,-0.468608,1.11667,-0.894151,-0.691678,-0.086849,-0.565279,-0.687163,0.317195,1.30056,-0.371309,-2.04519,-1.19562,-1.59109,-0.817642,1.33848,-0.958453,-0.923181,-1.2238,-0.64729,0.582805,0.164389,2.86486,-0.366282,-0.936458,-1.07637,0.267713,1.11187,-0.061331,0.249535,2.31496
T,-0.928236,-0.430521,-1.18639,-2.27321,-0.567191,2.76261,3.88072,1.98462,0.408097,0.69698,0.360593,-0.612814,-1.35588,0.306622,2.39323,1.28479,-1.00088,1.35278,-1.10898,0.209866,1.25696,-1.12603,-0.521988,3.35687,3.1269,1.1206,-0.512598,-1.00756,-1.09716,0.917357,1.21313,-0.827159,-1.03871,-0.983868,2.12965,2.51398,-1.16721,-0.885515,-0.392238,0.427082,1.43857,-0.705718,-0.275215,1.53877,3.23866,-0.010028,2.51044,-1.55441,-0.649588,-1.39143,-1.13307,0.453253,0.573821,-0.033571,-1.05206,-1.15527,-0.556691,-0.727583,3.98876,1.15946,-0.349065,2.2641,-0.736901,3.2484,1.11311,-1.67789,-0.411631,1.55559,1.85656,-0.838249,-0.498419,-0.401339,-0.216156,-0.635585,2.15009,-1.18161,-1.20914,0.033062,1.5647,-0.386595,-0.657048,-1.23927,0.328001,0.695849,-0.846468,-1.32779,-0.301069,-0.708993,-0.785362,-0.664632,0.82892,-0.104593,-0.368505,-0.624228,-0.781525,1.42419,-0.26416,0.056816,3.78486,-0.359136
T,2.48096,-1.31816,0.475891,0.344356,-0.380147,0.025726,1.03863,1.54039,1.7054,-0.318334,1.35608,-1.1919,-1.51968,0.551911,2.97982,1.35475,-1.70374,2.5938,-0.149863,0.15486,0.81159,-0.705242,0.518708,1.40183,1.14859,-1.69752,-1.12979,-1.0384,-0.860164,1.10399,1.33201,-1.57705,-0.909041,-1.15966,1.45595,0.557456,-1.41654,-0.999432,0.650647,1.41972,2.77606,-1.12298,1.67774,4.96756,1.25753,3.17081,-0.215199,-1.05119,-0.041308,-1.29332,-0.803602,0.707383,-1.14371,-1.48949,-1.33282,0.930104,0.39098,0.273441,-0.860325,0.672525,-1.37261,-1.28777,-1.10589,0.50674,-0.263579,-0.00869,-1.13663,-0.243584,-0.42957,-1.23674,-0.379137,0.8735,-1.52273,-1.12178,1.34849,0.019822,-0.883679,0.126608,1.60151,-1.05724,-1.27526,1.54508,-0.643469,1.14643,3.8438,-0.563285,-1.33893,-1.19683,-1.11962,0.735224,2.03128,1.14632,-1.14424,-1.11167,0.35101,-0.687004,-0.423591,-1.00556,-0.772414,1.75287
T,-0.364046,0.555396,-1.20052,0.499883,-0.222911,0.471043,1.18623,-1.53203,-0.623749,1.12789,1.73465,-2.17033,-0.666027,-1.32585,1.25302,0.89,0.322821,1.28027,-0.056366,2.44827,0.047978,0.189727,1.10293,-0.173703,-0.495273,1.44813,-0.549944,-0.628873,-1.31951,1.22019,0.093571,-0.353391,-0.964536,0.186732,0.431295,0.392011,0.355891,-0.326894,1.27956,-0.671584,0.056079,-1.22095,1.96013,0.7537,-0.389567,-0.122331,0.480852,-0.124125,-0.259143,0.488898,-1.37632,0.065116,-0.881508,0.86571,-0.010562,-0.436732,-0.491579,1.15809,1.71928,0.457277,0.609131,-0.905415,-0.678848,1.37055,2.65485,-1.3699,-0.3393,2.14438,1.14364,-0.823991,-0.250507,3.01414,0.927669,-0.181786,1.73825,-0.664578,-0.083123,-0.747175,1.28884,-0.760386,-0.001312,-1.25204,-0.101289,1.27005,-0.429359,-0.637475,-0.820629,0.814476,-0.956626,2.15594,1.10969,-0.065708,0.987587,-0.217411,0.685375,0.603811,-0.313345,-0.032382,-0.030026,-0.779364
F,-0.454576,0.548627,-0.118986,0.503498,-0.120994,-0.510732,-0.837543,-0.70168,-0.18901,-0.643078,-0.233028,-0.578147,0.849546,-0.967352,-0.471283,-0.574789,-0.104743,-0.176754,-0.697002,0.015168,-0.613581,-1.87776,-0.436886,0.459929,0.505625,0.738145,-0.155222,-0.14933,-0.346147,-0.390233,-0.765996,-0.239432,-0.148254,-0.801782,0.201151,-0.374164,-0.707122,0.037175,-0.288072,-0.241657,-0.028398,-0.061068,-0.238912,-0.475156,0.085853,-0.6263,0.236905,-0.142952,-0.701431,-0.77631,-0.203519,-0.548593,0.43142,0.971274,0.487373,-0.130176,0.422371,0.322231,0.340699,0.059509,0.636782,-0.767589,-0.093631,-0.485248,0.340795,-0.393085,-0.21075,0.658532,0.427012,-0.217931,0.22009,-0.13928,0.576059,-0.516428,-1.16401,-0.823324,-0.451477,-0.624069,-0.282802,-0.547278,0.746249,-1.1779,0.822362,0.349346,-0.465396,-1.00837,-0.305949,0.447008,-0.711359,-0.363865,-0.76097,0.112957,0.971604,-0.109875,0.403187,0.908371,-0.859106,0.207948,-0.21406,-0.276698
F,-0.345304,-0.535277,0.173339,1.25056,0.789918,-0.685716,-0.435715,-0.853285,0.462468,-0.831136,-0.672062,1.11373,0.319321,-0.634245,-0.441129,-0.525418,0.537208,-0.409537,-0.277129,-0.265037,-0.678611,0.058402,-0.390565,-0.413965,-0.382251,0.541937,1.67004,0.39862,0.622968,-0.71419,-0.899734,-0.099311,0.403827,-0.329823,0.056277,-0.200596,0.152406,-0.397466,-0.529949,-0.717465,-0.347874,1.17996,-0.401106,-0.457654,-0.318494,-0.733261,-0.608184,-0.209827,-0.795544,0.321511,0.741944,-0.390714,-0.691657,0.725017,-0.091457,-0.748021,-0.866793,0.176683,-0.998145,-1.13288,1.59424,1.30837,-1.03723,-0.659656,-0.58874,1.11978,-0.376718,0.70044,1.63908,-0.480035,0.500843,-0.466049,1.27701,-0.66617,-1.30649,-0.546449,0.681084,-0.002861,0.834087,0.487949,0.195169,-0.985308,-0.352622,0.257791,-0.348484,-0.747548,-0.198865,-0.678844,-0.314658,0.287585,0.127126,-0.13573,0.452755,0.010629,0.396545,0.453523,-1.03672,0.898695,-0.299273,-0.252298
T,-0.584872,-1.01383,-1.26354,-0.3039,-1.22675,1.25933,1.23142,0.572236,1.70928,1.14131,0.631347,-1.15247,-0.10923,-0.750345,0.020751,-0.058506,-0.620499,-0.370165,-0.136563,1.0627,-0.264555,0.308208,-0.055673,0.017879,-0.324108,0.586039,-0.886521,-0.645985,-0.190693,1.90354,0.03332,-0.330478,-0.872659,-0.374105,2.32673,1.23616,-1.35682,0.199076,0.440376,0.642753,0.316229,-0.401646,4.35139,2.51485,-0.260686,-0.204912,1.5133,-0.56948,-1.11718,-0.526104,0.128361,1.08111,0.600387,0.483527,-0.708278,-0.751046,-0.013233,0.191806,1.4885,1.14893,-0.208872,-0.408524,-1.09018,0.388261,1.18967,-0.811989,-0.855255,1.38573,1.71505,0.055087,-0.314339,1.132,0.560584,-0.678135,-0.071131,-1.00788,-1.04427,0.637302,1.68397,-0.889925,-0.234472,-1.03642,-0.387781,0.078292,-0.768801,-1.22079,-0.667761,-0.726198,-0.442057,-0.024857,0.780237,0.693018,0.173549,-0.596363,-0.314586,0.552279,-0.340588,1.17701,0.427108,0.389053
T,1.18361,-0.509781,-0.675648,-1.03958,-1.55569,-0.683367,0.268781,1.18143,0.478313,0.309577,0.812712,-0.207187,0.492943,-1.23642,1.69614,-0.377115,-0.441965,-0.215483,-1.01955,1.33261,0.35987,-0.551408,1.02778,2.27553,2.39166,1.76205,-0.678878,-1.07192,-0.329263,0.031138,0.378968,-0.146753,-0.830003,-1.05992,0.911026,0.654991,-0.765999,-0.56558,1.0621,0.2731,0.885574,0.117136,-0.139207,1.11735,1.98081,-0.56355,1.30189,-1.0863,-1.73411,-0.289575,-0.256389,1.16061,-1.26111,-0.296979,-0.905878,-1.1457,0.240873,1.24083,0.773931,1.2093,-0.300937,0.470431,-1.13313,-0.149647,0.932654,-0.645981,-0.416578,1.61645,2.43923,-0.595157,0.313193,1.60741,-0.089529,-0.137496,-0.393173,-0.850013,-0.61338,-0.052275,1.15831,-0.889287,-0.434249,-0.895472,-0.816439,2.46701,-0.778907,-1.32726,-0.613817,-0.829931,-0.948866,3.49998,0.424707,-0.391953,-0.391722,-0.931368,-1.57207,-0.449169,0.21398,1.12558,0.813267,-0.121123
F,-0.830983,1.10476,-0.205684,1.1924,0.029033,-0.54523,-0.184534,-0.772085,0.244864,-0.299357,-0.536367,0.708298,2.01356,-0.05417,-0.500107,-0.084687,1.18954,-0.17007,0.997261,-0.454275,-0.68714,-0.312353,-1.04537,0.15524,0.291702,0.173161,0.427535,-0.055143,-0.544545,0.323504,-0.296447,-0.23244,0.114776,0.971299,0.35774,-0.420843,0.60733,-0.307498,-1.22252,0.014169,0.25312,0.173937,-0.104174,-0.454213,0.132371,-0.697929,0.632041,-0.558462,-0.852918,-0.107883,-0.235425,-0.505623,0.675244,1.15618,-0.53044,-0.866437,-0.104864,-0.222533,0.239685,-0.974417,0.123819,0.185782,0.658208,-0.483012,0.248902,-0.731669,1.7602,0.724209,0.028231,-0.367891,-0.188371,-0.09866,0.878303,-0.700391,-1.59397,-0.884809,0.32848,0.127357,0.495816,-0.50824,1.54499,-0.424384,0.258074,-0.691947,-0.77504,-0.942566,0.30631,-0.921276,0.087148,0.181339,0.043202,0.004034,-0.005626,-0.025209,0.374839,0.801354,-0.808056,0.806481,-0.375406,-0.624216
T,-0.674715,-0.682969,-1.06128,-1.14079,-1.19108,0.191866,-0.238695,-0.559897,-0.576628,1.74884,0.430382,-0.867464,0.571168,-0.855858,-0.135265,0.052749,-0.485517,-0.001639,-0.10306,2.47366,-0.412256,-0.144956,-0.082434,-0.225731,-0.046124,2.45287,-0.35298,-0.600282,-1.12749,2.14976,0.34264,0.041345,-0.617531,-1.10031,1.11304,0.000193,0.158641,0.658572,-0.201229,-0.154097,0.419818,-0.193112,3.53274,0.562036,0.243854,-0.623506,1.12115,-0.787725,-0.509676,0.273342,0.147615,1.29628,0.749465,0.403482,-0.956743,-0.228708,-0.4579,0.371904,1.71073,-0.490089,0.336767,-1.23542,-0.843158,0.891959,2.06158,-0.792291,-0.229945,1.75864,0.01086,-0.319396,-0.729377,3.65932,0.201588,-0.383515,-0.527351,-0.916789,-0.680441,0.028933,1.85622,-0.308678,0.581429,-1.12379,-0.653119,-0.787787,-0.865454,-1.16338,0.305198,-0.143442,-0.580032,1.38998,1.33327,-0.489906,0.816118,0.082905,0.093914,1.67775,-0.358323,1.66484,1.40771,-0.141148
T,-0.322829,-0.602208,-0.11883,0.729587,-0.355793,1.1101,-0.074826,1.15188,-0.026125,1.19752,1.09979,0.089497,-0.511227,-1.33658,-0.519619,0.754681,-0.974102,1.58089,-0.84839,1.30674,-0.31475,0.071146,1.02436,0.175838,-0.081857,1.657,-0.512447,-0.639117,0.229899,-0.76613,0.425245,-0.719203,-0.666746,0.334935,-0.589488,0.356048,0.082541,-0.107989,0.483219,-0.551384,0.296786,-0.758802,-0.160783,0.149769,-0.03557,-0.005051,-0.011243,-0.177128,-0.533396,-0.476131,0.040593,3.35959,-0.153949,-0.118176,-0.538883,-1.04951,-0.682495,-0.079878,-0.559071,-0.320338,0.422228,0.133858,-0.896217,1.12929,0.742958,-0.307432,-0.371619,0.144434,1.10516,-0.768329,0.282986,4.07927,0.228689,-0.221125,-0.721406,-0.918279,0.474751,0.268506,0.886287,-0.715424,0.281526,0.440806,-1.71627,1.35329,0.373756,-0.554369,-1.23983,0.132882,-0.941808,0.603011,1.70211,-0.118728,-0.233722,-0.74459,-0.552083,2.04122,0.301505,-0.184761,-0.25052,1.27545
T,-0.455592,-1.22768,-0.757855,-2.38457,-0.452197,1.91201,1.47601,2.55484,-3.06575,-0.159569,3.10425,0.339021,-1.19175,-1.3036,3.28424,2.10181,-0.292012,0.319946,-1.13391,-0.552668,1.23026,-1.05011,1.80501,1.31174,2.53697,0.754968,-0.646891,-0.557278,-0.949794,0.510817,1.23475,-0.440447,-0.888769,-1.17027,-0.008329,2.4404,-0.089309,0.886168,0.297755,3.43523,3.77362,-1.04427,-0.358538,0.9282,2.85482,0.652027,1.87708,-1.44977,0.513398,-0.204054,-1.23955,0.623781,-0.968109,-0.699352,-1.05239,-1.2001,2.43419,-1.52415,3.45481,1.36042,-0.087821,-1.15309,-1.05901,3.05119,2.36462,-0.889033,0.09199,1.69868,0.1166,-1.05095,-0.764104,-0.133746,-0.961956,-0.247744,0.554196,0.800487,-0.648681,2.5459,0.965273,-0.561925,-0.171087,-1.10866,-1.38346,1.80606,-0.703114,-1.35745,0.61741,-1.17422,-0.836372,1.17204,0.489387,0.806186,-0.473795,-0.274066,-1.0711,1.17655,0.764047,-0.710173,2.37015,-0.616064
T,1.28085,-1.68125,-0.854383,-1.54097,-0.791579,1.6015,1.19161,1.61836,0.061355,-0.053549,2.62133,-0.787329,-1.34833,-1.70216,2.76957,2.43686,0.76314,1.41588,-1.11123,0.154175,2.36322,-1.44511,1.53443,1.23969,1.04803,0.143273,-1.34952,-0.464798,-1.22807,0.545483,1.68871,-0.124837,-1.07318,-0.947798,0.912685,3.07267,-0.903984,-1.01986,0.591397,3.35449,3.03773,-1.41725,-0.192165,1.76196,1.14106,-0.143846,1.77022,-0.521767,0.044857,-0.972198,1.29918,2.6497,-1.28176,-0.591597,-0.346226,-1.61714,3.64407,-1.59394,3.02025,0.875036,0.309723,-1.02692,-0.774486,2.45681,3.24685,-1.10018,0.226214,1.69405,1.09425,-2.16507,-1.62404,0.405491,-1.30055,1.28493,1.19117,-0.345182,-0.663819,-0.195876,0.542639,-0.901906,-0.688881,-0.977494,-1.22718,1.51861,-0.949491,-1.11849,0.493127,-0.764259,-1.98963,1.82998,-0.166883,-0.50449,-0.996413,-0.26008,-0.914393,0.392003,-0.262229,-2.67863,4.57575,-0.531017
T,1.91972,-1.40832,-1.21453,-1.20997,-1.36572,1.77458,2.90098,-0.842424,1.43676,3.68477,1.44144,0.186684,-0.610074,-1.6523,-0.035012,0.669848,-1.07517,0.283063,0.09321,-0.652132,0.782227,-1.04049,1.66862,-0.771349,-0.662569,1.12053,-0.820543,-0.222865,-0.818977,0.780321,1.28171,-1.28431,-0.765033,-0.061346,0.201445,3.61309,-0.773923,-0.345164,3.41154,3.52917,1.36628,-1.21032,-0.107442,0.234306,-0.669854,0.218638,0.328128,-0.893403,-0.52007,-0.799611,-1.26084,0.935854,-1.31804,-1.39748,-0.701966,-0.644389,1.51794,-1.2757,1.13568,3.56257,-0.39838,-0.079175,-0.962886,1.11529,-0.156416,-0.33772,-1.42047,0.23142,0.220972,-1.74982,1.82219,0.053015,-0.326601,-0.742044,-0.343617,2.60147,-0.682089,1.44921,-0.459813,-0.688896,0.250618,-0.34973,-1.37128,1.30226,-0.449063,-1.10812,-0.915422,-0.575113,-1.53429,2.24314,-0.120448,-0.660349,-1.47889,-0.544179,-1.89145,1.96202,1.96649,-1.35757,0.732708,4.90446
T,1.42068,-0.579499,-0.715276,0.323774,-1.49183,0.224422,-0.271967,2.07481,0.093298,1.617,0.572083,-1.06498,-0.576717,-0.520939,1.73399,0.900471,-0.78995,1.16656,-1.085,0.153541,0.02653,-1.37737,-0.874949,-0.075381,-0.13342,0.419861,-0.627758,-0.439961,-0.537487,0.650785,-0.21141,-0.946789,-0.732489,-0.591113,0.257007,0.48982,-1.95405,-0.690278,-0.640628,-0.166837,-0.095463,-1.24872,0.255384,0.942962,-0.029653,-0.152312,1.18555,-0.548534,-1.15274,-0.915815,-0.509823,1.40867,0.110437,-0.832696,-1.02122,-0.928487,-0.394957,-0.598424,0.430901,1.9275,-0.293176,-1.09549,-1.05256,0.756907,0.657769,-0.506032,-0.791997,1.32066,-0.213449,-0.167306,-1.17816,2.4228,0.077748,-0.459876,1.01228,-1.16818,-1.01482,0.709394,0.611872,-1.05625,-0.578371,1.23231,0.466193,-0.79978,0.323989,-0.881038,-1.19562,-0.656222,-1.20263,-0.707078,-0.370365,-0.801581,-0.43821,-0.847165,-1.43766,1.02499,0.290341,-1.06064,-0.913743,-0.759665
T,-0.562615,-0.300681,-1.06257,-1.17741,-1.17456,-0.424275,-0.444636,-0.416589,-0.713825,0.170356,-0.433151,-0.321213,0.311776,0.255263,-0.172229,-0.784684,-0.693036,-0.355675,-0.872111,-0.262139,-0.286605,0.592238,-0.398258,-0.569224,-0.561704,0.865214,-0.528361,-0.277806,-0.728221,0.023792,-0.998657,-0.054372,-0.5063,-0.677925,-0.607253,0.050995,2.55737,-0.444603,-0.34868,-0.091554,-0.459767,0.140517,-0.475139,-0.505121,-0.605301,-0.650505,0.204649,-0.214618,-0.358779,-0.410025,0.658648,-0.367617,0.377866,-0.037636,0.537802,0.474942,-0.405833,0.060672,0.010377,-1.42802,-0.569346,0.260246,-0.336621,-0.179639,-0.053381,-0.389548,-0.249091,-0.713649,0.474554,0.374639,-0.580685,-0.473534,0.113189,0.025134,-0.100573,-0.951019,-0.952722,-0.208564,0.289702,-0.363967,-0.625371,-0.340602,1.6415,-1.41582,0.847983,-0.225612,-0.71761,0.424473,-0.392698,-0.476738,-0.519314,0.255439,0.41297,0.370543,0.404269,-0.109469,-0.110778,1.36536,1.47932,0.830385
F,-0.369677,-0.740699,2.40122,1.04572,-0.293635,-0.415727,-0.079613,0.739003,-0.563696,-0.470747,0.687255,-0.031578,-0.921035,0.491293,-0.179145,0.796393,-0.540764,-0.228997,-0.641333,0.029087,0.955395,2.30013,-1.06986,0.05034,0.042208,-0.008968,-0.102198,1.18997,-0.555996,0.383979,-0.507721,-0.097172,-0.094623,1.16178,-0.841167,-0.347382,2.4392,-0.264939,-0.645225,-0.358913,0.180264,-0.204837,-0.465171,-0.43189,-0.010431,0.234402,0.177914,-0.456975,0.250238,-1.04894,-0.865773,-0.636863,-0.603766,-0.353635,-1.40013,-0.240681,0.710774,1.47729,0.240108,-1.62357,-0.787712,-0.560637,-0.714093,1.43088,-0.485904,-0.014391,-0.641511,0.22968,-0.705003,-0.060864,-0.857176,-0.543854,-0.917061,-0.971762,-0.793434,-0.141586,-0.738165,0.080744,0.247662,0.277501,-0.617311,2.49165,-0.713749,-1.55443,0.939303,0.750215,-1.20137,-1.10219,-0.745686,-1.13587,1.26554,-0.324593,0.136351,-0.398274,0.747989,-0.032345,-0.721823,0.11709,0.050111,-0.433957
F,-0.473066,0.294512,0.903603,-0.817929,1.84781,-0.000257,-0.598225,-0.38437,-1.60187,2.10404,0.276769,0.025267,-0.700245,-0.148156,-0.540475,-0.333782,0.759051,0.532539,2.75147,0.202442,-0.55806,1.38102,-1.58942,-0.211731,-0.331441,1.1154,1.05078,0.059749,0.586593,-0.382675,-1.10263,0.922152,3.41207,2.18022,-0.564479,-1.03604,1.44656,0.411508,-0.515894,0.30224,-0.101587,-0.81748,-0.477064,-0.478556,-0.341175,0.398087,-0.498227,1.32786,1.71078,0.909738,1.31212,-0.842437,0.479679,3.03589,1.28854,0.082194,-0.026349,0.099922,-0.59691,-1.00473,1.34954,-0.055866,1.43655,-0.428125,0.195209,0.266213,0.881466,0.76057,-1.37027,1.84046,0.843109,-0.530883,0.880943,2.11495,-0.125646,-0.064877,-0.054046,-1.27243,-0.676648,0.557417,1.44213,0.254199,0.889847,0.397355,-0.23792,1.52227,1.88744,0.932467,0.625754,-0.43354,-0.994814,-1.25709,1.40137,0.941521,1.4434,0.557247,-0.227993,-1.12454,-0.589547,-0.265223
F,0.081127,0.216737,1.308,-0.771467,1.59438,-0.666223,-0.400578,0.162347,-1.26823,0.053721,-0.653284,1.91496,-0.346482,0.91717,-0.601517,-0.188349,1.44295,0.109859,1.12134,0.383019,-0.518124,2.40789,-0.456926,-0.656623,-0.639541,-0.236979,0.108499,0.210026,1.04623,-0.429812,-0.864595,1.43258,0.805375,-0.152366,-0.76986,-0.666473,1.21846,0.373773,-0.966491,-0.856333,-0.255805,-0.515655,-0.53183,-0.513532,-0.657181,0.588406,-0.208382,1.21414,2.07711,0.73835,1.66337,-0.826115,0.869875,1.42621,1.08655,1.09252,-0.400832,1.42715,-0.4781,0.561641,2.15026,-0.133402,1.47631,0.151919,-0.634592,2.42964,1.91867,0.266379,-1.09664,0.110787,2.04954,-0.419014,-0.81134,1.28034,0.761028,-0.078919,0.469707,0.225827,-1.35583,0.628253,1.49535,1.06205,-0.041739,-0.149115,0.176313,1.99029,0.887357,1.61677,1.3799,-0.866748,-0.23741,-0.811533,2.53032,-0.28181,-0.006709,-1.22374,-0.384603,0.089799,-0.881748,-1.09297
F,-0.655105,0.203122,-0.540711,-0.793103,0.432009,-0.198136,-0.636524,-0.648265,-1.00704,-0.742953,-0.735262,0.416592,0.450971,-0.193001,-0.491548,-0.690814,0.635773,0.101683,-0.179973,-0.18139,-0.323159,0.294951,-0.660685,-0.278976,-0.199768,0.512784,-0.297108,0.283006,0.870988,-0.953381,-0.967599,-0.081941,0.453757,0.035883,-0.471567,-0.486344,-0.825118,-0.221972,-1.04254,0.228596,-0.408361,-0.145233,-0.417602,-0.55062,-0.27134,-0.775429,0.010225,-0.584133,-0.932173,-0.40231,0.387355,-0.531951,0.960918,0.294751,0.231531,0.156902,-0.854397,-0.128661,0.320397,1.04752,0.160044,0.594152,-0.001762,-0.593205,0.035765,-0.212707,-0.146255,-0.255967,-0.59628,0.071042,-0.45726,-0.35734,0.030011,-0.402978,-0.616509,-0.533412,0.044498,-0.637926,-0.156434,0.32391,0.031704,0.747313,0.51167,-0.581058,-0.422035,-0.358909,-0.069461,0.261186,-0.003656,-0.127496,-0.848767,0.437081,-0.071645,-0.411808,-0.008537,0.636048,-0.628649,0.855574,0.055511,0.204698
F,-0.397873,-0.608285,-0.374471,0.127738,-0.346398,-0.805792,-0.630073,-0.3807,-0.63764,-0.762319,-0.482294,0.232233,-0.565941,1.85521,-0.553464,-0.250217,-0.570381,-0.866013,-1.15898,-1.03254,-0.735269,-0.306696,-0.705212,-0.640069,-0.71529,0.342707,1.31009,1.03621,0.477315,-0.701902,-1.27036,-0.501927,-0.176009,0.270275,-0.422569,-0.595319,-0.038327,-0.503975,-1.25074,-0.085588,-0.37093,1.03569,-0.441121,-0.483056,-0.631725,0.483425,0.01948,-0.198204,-0.106557,-0.603739,-0.953837,-0.681127,-1.34482,-0.056864,-0.671729,0.703119,-0.291442,-0.149803,-0.209222,-0.544791,-0.61977,0.090427,-0.852206,-0.407598,-0.729649,-0.586421,0.359419,-0.370015,-0.613246,-0.663459,1.05127,-0.548018,-0.939247,-0.687774,0.09842,-0.565194,1.10349,-0.09657,-0.162391,0.812587,-0.520386,-0.505285,-0.834634,-0.328739,-0.199833,-0.619045,-0.324564,-0.087877,-0.857733,-0.723582,-0.569761,0.005208,-0.051973,-0.979306,0.504746,-0.128768,-1.06716,0.336348,-0.742494,-0.383937
F,-0.323774,0.391059,1.25399,1.165,0.567305,-0.757564,-0.955713,-0.342396,-0.548946,-0.745192,-0.567446,0.435295,-0.774868,2.08404,-0.471444,0.360756,-0.426316,-0.445585,-0.62633,-1.19396,-0.491642,0.0105,0.224089,-0.803063,-0.804326,0.020213,0.65257,1.66694,1.24346,-0.636032,-0.962231,-0.669919,0.461755,0.709312,-0.624951,-0.458287,0.218511,-0.891839,-0.650041,-0.365625,-0.554773,4.43766,-0.527748,-0.494472,-0.805248,0.14761,0.084338,-0.290194,1.21525,1.31075,-0.574611,-0.610598,-1.47025,-0.444178,0.944821,1.38878,0.819095,-0.581361,-0.790538,-0.570556,-0.181878,1.14198,0.045694,0.473385,-0.686489,1.75571,-0.576817,-0.637359,0.438688,-0.374514,-0.533804,-0.477601,-0.076687,-0.772047,0.033708,-0.391233,2.16079,-0.373561,0.397965,-0.233445,-0.506218,-0.332317,-0.526754,-0.668044,0.821149,1.08513,0.712584,-0.441978,-0.261094,-0.944221,-0.402142,-0.213517,-0.203593,-0.418708,1.00333,-0.345597,-0.637949,0.943673,-0.310699,-0.674024
