class,Attr3320,Attr6215,Attr5593,Attr5087,Attr1962,Attr3341,Attr2439,Attr2121,Attr5984,Attr2363,Attr2288,Attr1144,Attr804,Attr6184,Attr6281,Attr3252,Attr1882,Attr668,Attr1779,Attr6201,Attr6347,Attr1829,Attr490,Attr4847,Attr3729,Attr1933,Attr1674,Attr3647,Attr396,Attr5823,Attr3012,Attr6677,Attr7119,Attr3605,Attr5932,Attr6803,Attr695,Attr2546,Attr412,Attr4609,Attr5062,Attr2137,Attr4951,Attr1135,Attr2111,Attr4196,Attr4167,Attr1834,Attr6200,Attr6477,Attr4973,Attr6919,Attr2394,Attr2020,Attr770,Attr6797,Attr2402,Attr590,Attr6021,Attr400,Attr3004,Attr1745,Attr3130,Attr5772,Attr2475,Attr6806,Attr6645,Attr4903,Attr3258,Attr5377,Attr1087,Attr1817,Attr3904,Attr4328,Attr4664,Attr4499,Attr1802,Attr5274,Attr4052,Attr2485,Attr2084,Attr6967,Attr4697,Attr1291,Attr6801,Attr2043,Attr3507,Attr2645,Attr6162,Attr5723,Attr6283,Attr1630,Attr6257,Attr5039,Attr4504,Attr6094,Attr3336,Attr321,Attr275,Attr1147
F,-0.220595,-0.389158,0.9213,1.76245,0.257098,-0.171669,1.20838,-0.604218,0.154594,-0.944004,-0.587803,-0.000996,0.541643,0.408718,0.749782,-0.724608,-0.504374,2.39355,-0.527772,-0.532485,2.41914,-0.714318,1.33268,-0.661837,-0.390271,1.11619,-0.831279,-2.30751,-0.775541,0.306318,-0.887425,-0.378033,1.08633,-0.470329,0.077479,-0.848447,-0.541619,-0.502294,0.821105,1.53349,1.46734,-0.661439,-0.936091,-0.9265,-0.997159,-1.05983,1.61509,-0.457315,-0.409105,1.75939,1.1624,-0.729239,-0.339015,-0.71722,-1.49076,-0.680772,-0.423939,-0.16021,0.582311,0.282783,-0.985834,-0.590146,0.398007,0.282473,0.942682,-0.748313,0.126408,-0.533238,-0.575296,-1.30301,-0.428808,-0.22819,2.96255,0.014207,-0.645439,-0.175085,-0.167875,-0.420603,-0.5894,-0.367618,0.468976,-0.828451,-2.91053,-0.399007,1.2243,-0.631272,-0.173663,-0.188671,-0.228219,-0.56837,1.82346,-0.296631,2.1884,-0.066387,-0.823608,0.774059,-0.149107,-0.677593,0.383204,0.942965
F,-0.408508,-0.408356,-0.5017,0.025594,0.030359,-0.286596,-0.676527,-0.293615,0.007397,-0.086804,-0.514951,0.534197,-0.079822,-0.163314,-0.099772,-0.589524,-0.327348,0.620433,-0.540885,0.382085,-0.835864,-0.192467,2.3862,-0.667077,0.801949,2.47367,1.04445,-0.846367,0.574644,1.16338,-0.886608,-0.672324,-0.593272,0.579766,0.486299,0.056059,-0.658561,-0.617485,1.05748,0.333407,0.453798,-0.424181,0.514732,-0.269497,1.10518,0.008703,-0.284158,-0.851959,0.055985,-0.205162,-0.208466,-0.484845,-0.034835,0.322441,0.343471,0.245112,-0.50399,1.01,0.544498,-0.90254,-0.233726,-0.280799,-0.284807,-0.812226,2.32907,-0.151483,-0.567059,0.231699,-0.587984,0.101105,-0.310982,-0.189473,-0.784382,0.075228,-0.146713,-0.554135,-0.757566,-0.139972,-0.465831,-0.990296,-0.95917,0.033647,0.013953,-0.10279,-0.385751,0.422411,0.760261,-1.09213,-1.42105,0.37862,-0.160631,3.03609,-0.344555,-0.584471,1.14268,-0.449087,0.093272,-0.020872,0.989221,-0.629479
F,-0.015344,0.014497,0.464971,1.27892,-0.813048,0.673574,-0.161472,-0.121384,0.186647,-0.971744,-0.610309,2.02583,1.49521,0.845823,0.322379,-0.640081,-0.516731,0.037763,-0.554255,-0.543186,0.253612,-0.877052,2.27833,-0.6691,-0.316171,-1.17025,-0.796445,-2.0317,-0.62577,0.254231,-1.15558,0.50425,-0.407801,0.238888,-0.651571,-0.122842,0.489827,-0.746725,-0.45216,-0.216496,-0.533837,-0.70103,-0.261234,0.762637,-1.28755,-0.986148,1.4705,-0.393879,-0.49866,1.50227,-1.16287,-0.652163,-0.6625,0.306202,-1.66695,-0.149671,-0.354506,-0.329882,-0.438776,-0.898393,-0.188677,-0.96515,2.67163,0.831413,1.77538,-0.437522,0.92329,-0.667713,-0.539666,0.181277,0.475936,-0.317318,0.139214,1.86589,-0.269504,-0.307837,-1.5301,0.741594,-0.751157,-0.129496,0.138684,-0.744678,-1.38727,-1.7503,2.38339,-0.583152,-0.257373,-0.225763,-0.22949,-1.53737,0.769729,2.7557,-0.48764,-0.198138,0.53143,0.297362,0.903001,-0.720945,1.92356,-0.472983
F,-0.423074,-0.195863,-0.620525,0.622835,2.195,-0.327019,0.78401,-0.712532,0.029181,-0.449502,-0.591665,-0.30018,-0.012533,0.509054,0.379488,-0.58836,-0.604415,-0.631159,-0.537684,-0.54047,0.396707,-0.349703,-0.408326,-0.383181,-0.110619,0.299374,-0.56639,-0.618918,-0.224611,-0.158238,-0.311491,0.207107,-0.260879,-0.858813,-0.592054,-0.550678,0.612138,-0.52584,0.484019,0.545551,0.077282,-0.288994,-0.640638,1.07527,-0.860332,-0.966607,0.045091,-0.266203,-0.476836,1.09311,0.875066,-0.662902,-0.558727,-0.147056,-0.396908,-0.593958,-0.399844,0.251095,2.19836,-0.076736,0.40164,0.184016,-0.300068,1.46889,0.566363,-0.561231,0.992159,-0.378177,-0.515515,0.015393,0.294984,-0.570951,0.284293,0.355135,-0.463589,0.430651,0.162475,0.734696,-0.265795,0.721785,0.127417,-0.748538,-0.832636,-0.37199,2.23701,-0.533538,-0.121629,1.41438,-1.31906,-0.322718,1.39987,0.016091,1.08295,0.213462,-0.315521,0.412028,-0.245708,-1.01382,0.025597,1.46714
F,-0.546663,-0.520301,-0.168403,1.56086,1.67664,-1.07085,0.551514,-0.692148,0.359131,0.426057,-0.413875,-0.242407,-0.395435,0.337293,0.849345,-0.657389,-0.577211,-0.611098,-0.380975,-0.582557,0.413373,0.069398,-0.119112,-0.420005,0.26121,0.857307,-0.265192,-0.23188,0.052793,1.59744,0.453441,-1.38768,-0.576936,-0.470116,-0.42078,-0.066341,-0.212575,-0.02645,0.130242,0.799446,1.63298,0.343921,-0.673621,1.14792,-0.20985,1.57688,1.14466,-0.188082,-0.457344,-0.529796,1.4909,0.226273,-0.346294,-0.644055,0.026507,0.024584,-0.402617,1.16607,1.70314,0.983463,-0.232172,-0.184782,0.183953,0.385429,0.690569,-0.067157,-0.306927,0.266322,-0.320473,-0.437026,1.52768,-0.33977,0.362237,0.910636,-0.207089,-0.690236,0.875358,0.636449,-0.138044,0.869328,1.55948,-0.252114,-1.28273,0.138579,1.17895,-0.461198,2.31603,1.22675,-1.16529,-0.042602,-0.015983,-0.230844,0.630167,-0.26228,-0.076413,-0.331899,0.475315,-0.788129,-0.205282,-0.426358
F,-0.527014,-0.299403,0.872557,-0.202484,-0.755564,0.134634,-0.572504,-0.43353,0.667296,-0.896146,-0.469759,2.25046,0.476815,1.61161,0.020094,-0.595599,-0.339436,-0.399141,-0.500839,-0.53431,-0.214945,-0.732004,0.902521,-0.626451,-0.884727,-1.16322,-0.767445,-0.600914,-0.570672,-0.615553,-0.44109,0.481847,0.410213,-0.899105,-0.532523,-0.128933,0.6939,-0.748703,-0.997399,-0.420447,-0.103007,0.240318,-0.091873,-0.626581,-1.26471,-0.884298,0.458709,-0.653673,-0.450308,-0.215299,-0.221841,-0.157987,-0.53177,-0.517678,-1.74348,-0.01604,-0.392244,-0.260405,0.130667,-0.333241,-0.419163,-0.535866,-0.962576,0.296857,-0.277381,0.040487,0.24116,0.994615,-0.926414,1.11536,-0.411732,-1.8372,-0.182515,0.437184,0.117955,-0.632782,-1.43406,1.14953,-0.8255,-0.49614,-0.046285,-0.221612,-0.57444,-1.31175,1.90772,-0.460973,0.262622,0.003692,-0.282012,-0.76184,0.540009,1.68673,0.264531,-0.481077,0.23175,-0.358977,0.158135,-0.623372,0.565763,-0.410583
F,-0.261331,-0.163119,-0.718502,-0.165485,1.38389,-0.307096,-0.084384,-0.07306,-0.193151,-0.423158,-0.577604,-0.334498,0.440547,1.92858,-0.206691,-0.521803,-0.584201,-0.657949,-0.534178,-0.550643,0.070197,-0.24752,0.150246,-0.76256,0.022755,-0.560113,-0.9869,0.159941,-0.554207,-0.037688,-0.904241,0.445676,-0.542422,-0.432142,-0.382556,-0.590074,0.500892,-0.4709,0.361164,0.089417,-0.519744,-0.272551,-1.19795,-0.253921,-1.02369,-0.955245,0.23464,-0.677404,-0.437657,1.59294,-0.600293,-0.675489,-0.402304,-0.248509,-0.598853,-0.628738,-0.408144,-0.715792,1.11915,0.339004,0.304795,-0.542944,0.49631,0.642716,-0.704082,-0.651577,0.713695,-0.338268,-0.35427,0.354065,0.84937,-0.803724,-0.321429,1.05595,-0.454484,-0.044964,-0.174481,-0.345273,1.97658,-0.339908,-0.524144,-0.763879,0.233943,-0.547112,1.90456,-0.548713,-0.283962,-0.304732,-0.07793,0.040206,1.09988,-0.639893,0.574997,-0.199468,-0.848588,0.154961,-0.022093,-0.70627,0.157001,1.6742
F,0.523796,-0.243281,0.028028,0.621654,-0.06126,-0.911094,0.427001,-0.368266,-0.68408,-1.07833,-0.664502,0.184719,0.657472,1.35509,-0.360325,-0.514842,-0.586408,0.409685,-0.563624,-0.493004,0.633071,-1.2218,-0.231168,-0.922927,-0.275387,0.030984,-0.441669,-2.45075,-0.280432,0.903931,-0.784698,0.503363,-0.490341,-0.448447,-0.417462,-0.36474,1.94489,-0.4335,-0.545849,1.1102,-0.563562,-0.684868,0.084071,-0.476176,-0.446094,-1.04071,0.530129,-0.27135,-0.47061,2.38988,1.12953,-0.646943,0.776027,0.500426,-0.85931,-0.406691,-0.322111,0.04113,-0.387048,-1.08704,-0.148718,-0.640702,-0.072946,1.08006,-0.104776,-0.397245,1.06395,-3.09739,-0.452848,0.058944,0.726167,0.895794,1.46002,-0.420616,-1.24277,0.711857,-1.2769,-0.910296,-0.708179,-0.06998,-0.192143,-0.853087,0.756778,-0.614343,1.08025,-0.205669,-0.030426,-1.54128,0.335224,0.243528,1.8159,1.55241,2.28645,0.214722,0.625722,0.543104,-0.477567,-0.424042,-0.720797,0.502545
F,-0.655545,-0.509949,0.052511,2.15338,-0.000159,-1.49922,-0.74091,-0.143726,1.71586,0.117503,-0.578807,3.79036,2.0613,-0.585031,1.65138,-0.731869,-0.515508,0.860225,-0.552197,-0.531316,-0.240493,0.089708,2.54297,-1.01329,-0.171251,-0.547024,-0.329927,-0.933878,-0.582336,1.69886,0.14657,0.223085,0.960384,-0.767937,-0.724626,-0.270796,-0.203135,-0.601477,-0.632995,-0.18642,-0.788102,-0.895416,1.01872,0.057251,-0.320043,-0.876502,0.436035,-0.892837,-0.482132,1.0208,0.292861,-1.11035,-0.199476,-0.686479,-0.092147,-0.328597,-0.361603,-0.005979,0.157371,0.612662,0.752709,-0.844228,-0.881346,0.506947,2.34545,-0.405459,-0.306716,-1.07165,-0.903485,2.31367,0.307497,-0.820882,0.104938,1.74458,-0.631292,-0.537843,-1.2741,2.90868,-0.885639,0.414498,0.175726,0.45333,-1.0088,-0.882109,2.07195,-0.554669,0.009323,0.803011,-1.11305,-1.21037,-0.45467,2.05148,-0.408987,-0.839517,0.168716,1.53545,1.20933,-0.613402,1.76837,-0.834371
F,-0.146853,-0.337565,-0.114494,-0.342527,-0.608021,-0.114091,-0.708906,-0.431831,0.107546,-0.682096,-0.484019,2.32742,0.987127,0.465251,1.55228,-0.591766,-0.459045,0.363414,-0.458701,-0.485352,-0.525513,-0.906874,0.70502,-0.505337,-0.062976,-0.874585,-0.934018,0.118936,-0.821117,-0.956274,-0.291167,-0.335993,-0.245852,-0.236723,-0.544749,-0.321957,-0.937352,-0.167609,-0.8321,0.035406,-0.397978,-0.160806,0.372122,-0.081227,-0.620419,-0.730224,0.562529,-0.516725,-0.479704,-0.73484,-1.2572,-0.375318,-0.391669,-0.219165,-1.38832,-0.497318,-0.538567,-0.778401,-0.953828,0.536188,-0.123421,-0.804795,0.806283,-0.496381,-0.097911,-0.382855,-0.866466,0.182224,-0.271975,0.281332,0.779772,-1.13967,-0.717249,0.902733,-0.335939,-0.227529,-1.15152,-0.370782,-0.880344,0.315866,-0.26208,-0.338532,0.374761,-1.39689,-0.617027,-0.416296,-0.079502,0.210244,-0.608369,-0.147274,0.376796,0.282944,-0.480976,-0.732005,2.03575,-0.219035,0.019724,-0.593752,1.52707,-0.896159
F,-0.868556,-0.416485,1.35392,1.08435,-0.26614,-0.630573,-0.131443,-0.594995,1.35083,-0.092948,-0.52951,2.00403,0.782958,-0.12586,2.02074,-0.601857,-0.618261,0.682124,-0.526945,-0.349304,-0.726229,-0.874858,1.13045,-0.839667,0.54803,-0.42087,-0.776495,-0.472288,0.887136,0.379924,0.608441,-0.330402,1.62603,-0.333072,-0.614337,-0.670641,0.170835,-0.606376,-0.951506,1.09316,-0.911945,-0.591546,0.188745,-0.104001,0.029994,-0.656524,-0.215947,-0.663117,-0.428866,-0.389898,1.10521,-0.575177,-0.843378,-0.653869,-0.809484,-0.670057,-0.431634,1.04001,0.004637,0.412732,-0.527616,-1.00243,-0.790319,0.086358,-0.010143,-0.664264,-0.003805,-0.257692,-0.931116,0.70544,-0.56031,-0.332243,-0.705815,1.48301,-0.127494,-0.382527,-1.66057,0.086307,-0.814134,0.769609,-0.108641,-0.77563,0.428826,-0.888318,-0.974374,-0.54701,-0.991461,-0.415068,-1.18207,-0.50073,-0.140811,2.09084,-0.344599,-0.782122,0.738657,0.823797,1.55631,-0.789211,-0.57472,-0.772668
F,-0.532135,-0.416626,-0.980416,-0.439165,-0.213425,-1.48313,0.178288,-0.405045,-0.328639,-0.084548,-0.435433,-0.612139,-0.727189,-0.596227,0.249493,-0.518583,-0.511291,-0.485444,-0.259542,0.150087,-0.965296,-0.385489,-0.422025,-0.493653,-0.717094,-0.562576,0.887808,0.228779,-0.336712,-0.668756,0.047342,-0.62876,-0.938268,-0.782954,-0.609054,0.266369,-0.592968,-0.19476,0.186599,0.268004,-0.252736,0.260389,-1.10119,-0.252103,-0.648971,0.753624,-0.744075,-0.013173,0.075853,-0.275497,-0.595198,-0.481914,-0.788191,-0.895633,-0.208012,-0.104907,-0.306158,-0.44982,-0.588746,1.2182,-0.695678,-0.324408,-0.616675,-0.98951,-0.591667,0.329881,-0.379916,0.652381,-0.486029,0.024097,-0.04528,-0.066716,0.105483,-0.919815,0.145036,-0.195997,-0.393832,-0.103646,-0.915565,-0.617846,-0.580998,-0.801858,-2.32994,0.040647,-0.332477,-0.01394,-0.348993,-0.975202,-0.189763,-0.010448,-0.736469,-0.731849,0.086483,-0.409374,-0.343379,-0.946707,-0.600902,0.429784,-0.749008,-0.460979
F,-0.820459,-0.647415,0.812234,0.438257,0.900986,0.17144,2.67321,-0.885089,0.594431,-0.608957,-0.534376,0.159088,2.20634,0.217274,0.898514,-0.720782,-0.580581,2.7017,-0.536069,-0.579023,2.42381,-0.902743,0.775825,-0.409749,0.45072,2.66046,-0.731158,0.203254,-1.11939,0.791479,-0.385754,-1.32379,0.560658,-0.492946,0.065149,-0.907291,1.2675,-0.420534,1.26288,-0.44942,0.928181,-0.900168,-1.00712,0.696231,-0.375565,-0.297429,1.30657,-0.768085,-0.496313,1.82647,0.072196,-0.892798,-0.575122,-0.982224,0.713586,-0.945397,-0.541266,1.80223,0.092645,0.643145,-1.2704,-0.740875,0.162721,1.06528,1.15149,-0.895565,0.184235,-0.364862,-0.507924,-0.45467,1.96264,-0.594452,-0.786271,2.07228,-0.638478,-0.793089,0.286186,2.13368,-0.529012,0.042728,2.53289,-0.500226,-1.35377,-0.342305,0.075876,-0.600384,1.64013,1.57039,-0.295984,-0.155232,0.322049,-0.367731,-0.063031,-0.831864,0.938051,2.28949,0.239821,0.127894,1.29167,0.476032
F,-0.588769,-0.592813,-0.118682,-0.126038,-0.615057,0.447832,-0.871108,-0.247696,-0.005962,-0.91655,-0.533214,0.497909,-0.459888,-0.198025,-0.674661,0.538875,-0.410996,-0.964257,-0.517813,-0.576365,1.08363,0.338396,0.705676,-0.617624,-0.490491,-1.07,0.428941,-0.661547,-0.470035,0.457964,-0.062776,-0.869989,-0.358213,0.599092,-0.486564,0.107533,-0.318326,-0.96996,-0.618075,-0.174989,1.29401,-0.319609,-1.58213,2.70473,-0.956952,-0.259428,0.107636,-0.701584,-0.484199,0.597123,0.449862,-0.574429,0.178279,0.205633,-1.38535,0.03763,-0.416659,-0.063009,0.205269,2.42845,-0.434721,-0.275049,-1.41786,-0.574094,1.10649,0.133964,1.8579,-0.99296,-0.359413,-1.07583,0.048886,-0.257176,-0.948068,-0.593177,-0.255075,-0.460678,-0.783075,-0.353678,-0.805162,0.814633,1.23216,0.716782,-1.10074,-0.4494,0.938398,-0.377517,0.945822,-0.861803,-0.841891,-0.715205,-0.882737,1.08181,-0.479443,-0.808371,-0.690772,1.52522,0.860703,-0.241042,-0.18138,0.06036
F,-1.09896,-0.727452,0.992462,0.855033,1.72721,-0.598833,1.06305,-0.399029,1.50002,-0.235191,-0.564679,-0.02423,0.363221,-0.390629,1.72033,-0.757284,-0.55176,-0.713526,-0.486394,-0.59817,1.55655,-0.378008,-0.250774,-0.299676,-0.161606,0.016726,-0.372833,0.310376,-0.05901,0.035174,0.572587,-1.45132,0.97745,-0.622771,-0.441829,-0.759995,-0.155379,-0.486221,-0.43219,0.198932,3.05329,-0.188558,-0.134072,1.83422,-0.604931,-0.416874,1.47969,-0.969667,-0.475475,0.769418,1.6967,-0.82761,-0.381189,-1.32951,-0.040339,-0.854824,-0.481846,1.43239,0.521221,-0.200005,-0.213229,0.006577,0.243936,1.27171,0.919282,-0.742285,2.34708,-0.149497,-0.152445,-0.085017,-0.173808,-1.0437,1.07362,1.77231,-0.574465,-0.845284,0.946281,1.0106,-0.164533,1.50883,0.182526,0.189086,-1.16425,0.145692,2.17298,-0.607036,1.66463,1.87746,-1.78032,-0.714996,0.998049,1.01495,1.60143,-0.12996,0.319264,0.473586,-0.061235,-0.17413,-0.298491,-1.61101
F,-0.602,0.127353,1.68742,0.472879,0.599497,0.543102,-0.208248,-0.399118,0.751017,-0.601505,-0.519515,0.924778,0.072262,0.529741,1.10359,-0.698955,-0.548036,1.16727,0.080182,-0.584944,0.879787,-0.725963,0.346307,-0.300419,0.25042,-0.399319,-1.14633,-0.724573,-0.438715,0.202441,-0.764187,-0.199442,1.87811,-0.672826,-0.562983,-0.764749,1.0562,-0.590382,0.538996,0.134523,0.421834,-0.561458,-1.72166,1.2812,-1.2341,-0.68444,1.65168,-0.533595,-0.463353,-0.078861,-0.400694,-0.45318,-0.342653,-0.584887,0.081473,-0.660801,-0.475932,0.037204,-0.010685,3.16113,-0.747953,-0.662256,0.004929,0.884467,0.670939,-0.719272,0.036462,-0.419137,-0.751219,0.298168,1.19745,0.16357,0.674123,1.36623,-0.022064,-0.016825,0.653434,-0.511104,-0.541759,-0.177767,1.6475,-0.394778,-0.65668,-1.18064,0.308541,-0.580577,0.510965,-0.140697,-0.906006,-0.468824,1.17794,0.24909,0.160375,-0.516162,-0.060419,0.844224,0.953117,-0.726809,-0.79813,-0.209039
F,0.36678,0.306161,0.783965,3.57126,-0.32882,-0.131466,-2.17164,0.357167,0.734171,2.62833,-0.561379,-0.589948,-0.02461,-0.375286,-0.693301,2.91627,-0.509996,0.517695,-0.322968,-0.560959,0.843437,-0.013585,1.73603,-0.363784,0.960374,2.56306,0.194485,0.797985,-0.063751,1.45146,0.475787,0.435487,-0.304903,0.710756,0.105461,-0.718917,0.021323,3.56737,-0.109776,0.408451,0.515773,-1.71794,1.09308,1.46881,0.279492,-0.781816,-1.01952,-0.622442,-0.50634,0.587359,0.98119,0.277198,-0.196816,1.04402,-0.005659,-0.673386,-0.577168,1.56434,2.13803,-0.027502,0.604878,-0.520509,-1.89693,1.95726,0.903461,-0.715427,-0.504254,3.00095,-0.415525,-1.20649,-0.642296,0.741721,-0.88702,-0.400783,-0.296756,-0.737209,0.839258,1.46007,-0.014409,-0.584331,1.96287,0.438451,-0.347225,0.169916,-0.37149,-0.640034,1.83611,0.266441,1.28709,0.739303,-0.417851,-0.39385,-0.354664,-0.002564,-0.563452,5.70728,0.048878,-1.22729,1.92156,-0.533476
F,-0.438071,-0.55845,-0.362777,-0.486271,-0.264498,-0.108183,-0.452354,-0.867082,-0.138886,-0.684936,-0.492221,-0.577835,-0.304393,0.477259,0.748316,-0.539429,-0.539016,0.044185,-0.489017,-0.55335,-0.18086,-0.608499,-0.30115,-0.546299,0.439158,-0.738567,-0.07089,2.4448,-0.515129,-0.736886,-0.473391,-0.022657,-0.663102,0.907042,0.646317,-0.555493,-0.632044,-0.839213,3.55543,-0.455431,1.16702,-0.511182,-0.809179,0.79241,-1.21773,-0.659833,0.255702,-0.52521,-0.454373,-0.626313,-0.509002,-0.640338,-0.64262,-0.396031,-1.34998,-0.547775,-0.575827,-0.082654,-0.406118,-0.787781,0.488372,-0.218304,-0.135987,-0.698483,-0.233002,-0.399403,-0.199503,-0.055875,-0.135399,1.26392,0.064629,0.179533,-0.081324,-0.755871,0.026977,-0.279676,-1.44333,-0.766431,-0.989008,-0.559216,-0.438261,-0.647106,-0.088558,-0.529369,-0.603149,-0.06579,-0.15901,1.73873,0.567157,0.296551,0.99576,-0.010512,-0.665977,-0.427769,-0.351857,-0.11572,-0.343536,-0.408566,1.18923,-0.581818
F,0.12718,-0.344173,0.800287,0.297967,-0.062929,0.143711,0.59218,-0.598722,-0.638123,-0.483335,-0.505214,1.09774,-0.086024,0.398602,0.554059,-0.662931,-0.577883,3.26261,-0.438579,-0.592175,0.404524,-0.735121,1.29904,-0.404501,0.845501,0.874245,-0.994,0.099977,-0.533625,-0.116868,-1.13825,-0.705522,1.3423,-0.778533,-0.367773,-0.727046,2.66028,-0.483637,1.50743,1.26882,0.296273,-0.704546,-0.356457,0.329028,-0.939195,-0.555679,-0.224771,-0.507337,-0.463864,-0.137019,-0.166048,-0.642248,-0.096191,-0.064922,-0.271117,-0.707338,-0.543318,0.688305,0.220075,1.05892,-0.509123,-0.926554,0.268151,0.4852,0.054498,-0.634738,0.775879,0.653869,-0.189983,-0.264595,0.465201,0.263927,1.06247,1.62655,-0.47232,-0.183252,0.086118,2.3103,-0.4333,1.17112,1.11075,-0.851804,-1.27664,-0.742069,-0.362026,-0.361018,0.012702,0.120545,-0.933745,-0.975811,-1.23818,0.730729,0.457707,-0.741402,-0.453493,0.618183,0.852758,-0.731359,-0.657839,-0.438741
F,-1.01444,-0.463752,1.07352,3.84876,1.93289,0.55605,-0.375653,-0.458318,1.5027,-0.901994,-0.565584,1.4514,3.47173,-0.823475,2.8961,-0.91946,-0.559032,2.39069,-0.510095,-0.611622,1.7867,0.213297,1.11482,-0.509802,0.800669,0.777985,0.278615,-0.943661,0.311429,3.73523,-0.729946,-1.07201,1.23351,-0.747397,-0.477097,-0.785746,1.6043,0.01822,1.05647,-1.07762,2.6761,-1.28835,0.391083,1.33642,0.152384,-1.12692,1.56901,-1.12954,-0.481833,0.513657,1.41036,-1.0902,0.608737,-0.89784,3.12679,-0.743548,-0.730848,4.21523,1.54861,-0.484487,-0.947441,-0.603061,-1.35791,1.61671,1.42184,-0.740895,1.79647,0.183786,-0.14714,0.293605,3.19417,-0.549015,2.94834,1.51086,-1.23142,-1.17281,0.890325,-0.813068,0.565147,1.92513,2.00372,-0.993184,-0.35335,1.08265,-0.608039,-0.256214,3.95555,-0.258963,-0.636923,-1.30816,0.462905,3.65402,-0.259756,-0.482768,2.83518,1.35769,2.09941,-0.870834,-0.452586,0.844139
F,-1.09464,-0.852032,-0.413516,-0.666943,1.8256,-0.695612,0.521243,-0.943521,3.7295,-0.705302,-0.504714,0.117967,-0.724897,0.510279,1.36519,-0.571671,-0.559726,0.307696,-0.527055,-0.554074,-0.611511,-0.473473,1.42641,-0.738108,-0.222814,-0.871144,-1.30868,0.192576,0.197473,-0.384756,-1.33498,-0.087215,4.26376,-0.748722,-0.61783,-0.804971,-0.461593,-0.755007,3.51774,2.95875,-0.753789,0.218917,-1.43202,4.27511,-0.305829,-0.464792,0.364021,-0.499303,-0.411206,0.088246,2.81561,-0.78147,-0.615298,-1.60337,-1.68343,-0.80984,-0.488763,1.2736,-0.699905,-1.43996,-0.992067,-0.363448,-1.51873,3.09781,1.74177,-0.727302,0.804281,-0.238236,-0.27125,0.101325,-0.480849,-0.762847,-0.501782,1.07573,0.485478,-0.187343,-1.85888,-0.036419,-0.228154,2.82871,0.735627,-0.697643,0.849571,0.215683,-0.207313,-0.486248,1.46509,-0.534075,-0.937093,-0.035723,0.280359,1.33678,-0.720641,-0.333753,-1.04922,-0.366932,5.37181,0.404734,-0.976894,-1.2601
F,-0.473055,-0.430786,0.61967,0.598429,1.01353,0.603389,0.301664,-0.755386,0.836243,-0.840186,-0.532166,-0.396286,1.02681,-0.015499,-0.702947,-0.655169,-0.554978,0.153606,-0.505859,-0.532875,-1.12827,-0.804491,-0.529657,-0.693239,1.31608,-0.302507,-0.719519,0.035797,0.360834,-0.594657,-1.05588,-0.214891,-0.866527,-0.155321,-0.558799,-0.767803,0.203614,-0.755818,1.68223,-0.375453,-0.488564,-0.371263,-1.41896,-0.252271,0.291351,-0.953811,-0.785578,-0.481429,-0.412172,-0.285691,0.397786,-0.538584,-0.717172,-0.434621,0.791864,-0.623497,-0.422369,-0.033062,-0.661671,1.67328,-0.563614,-0.592765,0.517351,1.19862,-0.286424,-0.614326,-0.792527,-0.561417,-0.307919,-0.488257,1.15679,0.15456,-0.588931,-1.0001,0.426237,0.00265,0.117786,0.215164,-0.903099,-0.145645,-0.121137,-0.811082,0.57684,0.136409,1.01301,-0.466241,-0.431567,-0.492574,-0.033485,-0.09302,-0.139894,0.331151,-0.095161,-0.605823,0.548928,0.076852,-0.22952,-0.082588,-0.547167,-0.206473
F,-0.6119,-0.393951,1.64634,0.059564,-0.194179,-0.035451,0.187569,-0.624085,-0.00225,-0.979461,-0.536753,-0.208404,0.471007,2.12329,0.280002,-0.525202,-0.460224,-0.220171,-0.519131,-0.543722,-0.06438,-0.797645,-0.102223,-0.83004,-0.190675,-1.18824,-1.14548,-0.39789,-0.403738,-0.205778,-1.40931,0.194091,0.846107,-0.840123,-0.628666,-0.393675,-0.180432,-0.867977,-0.711579,0.128928,-0.747794,0.260339,-0.329007,-0.363305,-1.06233,-1.01361,0.67718,-0.506903,-0.412969,-0.515578,-0.233685,-0.758917,-0.776463,-0.241568,-1.59189,-0.388213,-0.338051,-0.153535,0.242457,1.5053,0.566317,-0.902299,0.667582,0.253972,0.435794,-0.434432,-0.432898,0.190924,-0.884082,-0.318814,0.097163,-1.08059,-0.639471,-0.248433,-0.266639,0.053843,-1.70341,-0.719885,-0.863174,0.063126,-0.272295,-0.670102,-1.912,-1.33128,0.372979,-0.544712,0.441095,0.002864,-0.851149,-0.134167,0.525283,0.238008,-0.258655,0.438161,0.51766,0.01088,0.941047,-0.269934,-0.507539,-0.175066
F,-0.557627,-0.289109,0.19509,0.909252,3.12941,-0.442698,1.91035,-0.651686,-0.317539,-0.058331,-0.577855,0.024648,1.17895,1.16981,0.371777,-0.696862,-0.597168,-0.667215,-0.527181,-0.562868,0.37912,-0.482278,-0.077011,-0.714273,0.051868,0.233236,-0.760499,-0.8096,-0.506807,3.19495,-0.322101,0.127188,0.793424,-0.244745,-0.666175,-0.94436,0.222895,-0.122933,0.964172,1.44951,0.209468,-0.540125,-0.596828,1.37725,-0.617924,-0.543013,0.514325,-0.852195,-0.533651,2.4123,1.41537,-0.500471,-0.516733,-0.475887,-0.104459,-0.967112,-0.437027,0.877723,3.14064,-0.518229,2.33423,-0.397372,-0.414918,1.60825,1.7027,-0.886703,-0.029544,-0.845106,-0.463178,-0.622577,2.03187,-0.558278,0.036697,0.332433,-0.644233,-0.565241,0.01808,0.331286,0.897379,0.721444,0.718477,-0.707526,1.25349,-0.030319,1.79984,-0.618923,0.669598,0.631581,-0.090082,-0.052882,0.557711,0.179845,1.25485,-0.003232,0.061618,-0.354875,0.883815,-1.05878,0.320963,0.38128
F,-0.140593,-0.237791,-0.481338,-0.204594,-0.553149,-0.398412,0.918373,-0.619613,0.043868,-0.566933,-0.535705,-0.551346,-0.305916,0.292154,0.441323,-0.573825,-0.587216,0.512461,-0.501847,1.17053,0.791666,-0.712194,-0.303553,-0.378206,-0.180584,1.392,0.461165,-0.539453,-0.623092,0.295548,-0.046098,0.240955,-0.7994,-0.462651,-0.563936,-0.79268,-0.713507,-0.352426,-0.150975,0.375769,-0.010115,-0.698681,-0.880894,-0.581414,-0.866369,0.154108,-0.014631,-0.441783,0.698746,-0.63769,-0.051486,-0.675172,-0.15092,-0.289141,-1.06543,-0.906487,-0.466415,-0.447098,-0.33378,0.866955,-1.10617,-0.938278,2.11633,-0.381647,-0.77907,-0.747383,-0.604856,0.760714,-0.525165,-0.609665,-0.562352,0.128854,1.35226,0.351272,-0.065107,-0.295355,-0.652816,0.194242,-0.736326,0.175635,0.321802,-0.849856,-0.509899,-0.192007,-0.235311,-0.27223,-0.190945,-0.583629,-0.397452,-0.685546,0.851559,-0.75056,0.097899,-0.330696,0.048052,-0.803017,-0.891211,-0.373038,-0.790341,0.094395
F,-0.596864,-0.520162,1.88696,-0.25221,0.317772,-0.170095,1.5615,-0.626244,0.207724,-0.843261,-0.500713,1.16844,-0.380005,0.514541,1.11577,-0.626539,-0.540056,1.24175,-0.495368,-0.553711,0.253586,-0.693172,-0.391312,-0.548824,0.424878,1.07228,-0.959499,0.046703,-1.08774,-0.09358,-1.019,0.182798,1.78965,-0.745485,-0.475738,-0.85951,2.58619,0.045068,0.752833,0.007151,0.975005,-0.97957,-0.625226,-0.422819,-0.669669,-0.49244,0.968031,-0.675491,-0.471932,-1.00309,0.776985,-0.550049,-0.33417,-0.914442,0.897577,-0.8221,-0.553718,-0.331562,-1.33562,0.447298,-0.824249,-0.668186,0.266507,0.368041,-0.375639,-0.771587,0.646138,1.01688,-0.490964,2.10092,-0.668246,-0.28417,0.217069,0.128263,-0.33303,-0.272401,-0.041093,-0.14779,-0.722348,-0.405623,-0.730029,-0.712667,-0.48376,-0.130358,-1.14983,-0.529781,-0.368085,0.436684,-0.491093,-1.00001,0.057575,0.060354,-0.712199,-0.737939,0.426695,-0.29641,-0.12503,-0.109988,-0.668584,-0.586912
F,0.132343,-0.095742,0.504329,-0.039454,0.81412,2.57029,0.289844,-0.271557,-0.416588,-1.00687,-0.566986,-0.534215,0.290142,1.06681,-0.564275,-0.411325,-0.524403,-0.651283,-0.524553,-0.537857,-0.505521,-0.624706,0.002063,-1.16331,0.000981,-0.911558,-1.06942,0.265578,0.308611,-0.493063,-1.08049,0.456881,0.225094,0.515133,-0.660964,-0.230171,1.01891,-0.342657,-0.23246,0.465978,-0.739444,0.010173,-1.08669,0.148749,-1.7159,-0.966071,0.387327,-0.501368,-0.510761,0.328973,2.18485,-0.603527,-0.080912,-0.630502,-0.188201,-0.180929,-0.506723,-0.605997,0.748649,0.254872,0.196167,-0.218739,2.01521,0.178488,-0.444062,-0.290006,0.398706,-0.80348,-0.672154,0.553882,0.80116,-2.61577,-0.703621,-0.503708,-0.23952,-0.502405,-1.12894,0.098471,-1.00942,0.494267,0.690374,-0.858437,0.411702,-1.50447,1.13316,-0.62066,0.755281,-0.456732,-0.004912,-0.485055,0.976802,0.420426,0.990146,-0.389981,-0.014949,-0.550864,0.076276,0.069767,0.186717,0.172822
T,0.34363,0.131315,-0.3559,0.833006,-0.417131,0.099255,-1.26578,0.481295,-1.28664,-0.0438,-0.501987,-1.08787,-0.411054,-0.343729,-0.609118,-0.503443,-0.371543,-1.08478,-0.464909,2.25285,-0.696923,-0.105826,-0.486102,0.497135,0.025723,-0.727057,1.00248,0.73717,1.09304,-0.306809,0.256958,0.146022,-0.875812,1.3491,-0.141581,-0.247221,-1.32436,0.518467,-0.454359,-0.569548,-1.51034,-0.817638,2.02755,-0.772252,0.808576,1.50277,-0.078728,-0.346055,2.35323,-0.375466,-0.550621,-0.630242,0.254235,1.56493,-0.72724,-0.31671,-0.471322,-0.886964,-1.03685,-1.01594,-0.107136,-0.185924,-0.506767,-0.959702,-0.356025,-0.353414,-1.47967,-0.183213,2.16526,-0.941586,-0.813813,1.64694,-0.476259,-0.849488,1.4801,-0.094379,-0.933572,-0.327949,0.395891,-0.896132,-1.36494,-0.544757,1.07432,0.093633,-1.19449,-0.494825,-1.24667,-0.439966,1.56137,0.070267,-0.447709,-0.51993,-0.808911,0.112171,-0.233723,-0.677106,-0.62534,1.08967,0.071744,-2.79482
T,1.65205,-0.394572,-0.598235,-0.582557,-1.26225,-1.18193,-0.847107,-0.12037,-0.192331,1.65618,1.50405,-0.588914,-1.26286,-1.23827,-0.407852,0.742518,0.694847,-1.04546,-0.147408,0.014045,-1.07771,0.301377,-0.812664,1.27334,-0.144312,-0.385277,0.094781,1.52387,1.34793,-0.817328,0.915348,3.65881,-0.878809,0.15387,-0.158951,0.127027,-1.26396,-0.142505,-1.02907,-0.101874,-0.541089,0.532457,0.568192,-0.093189,-0.014928,1.91828,-1.72054,0.47705,-0.005767,-1.27214,-0.760018,2.22832,-0.254448,1.29221,-0.028313,0.132105,2.88258,-0.267851,-1.00233,-1.30263,-0.369884,0.82956,-0.715197,-0.639145,0.695603,0.304145,-0.930177,0.128926,0.622748,-0.017465,-0.33308,1.63149,-0.90254,-0.637892,0.97882,5.80812,-0.480213,-0.589944,1.96538,0.298493,-0.13719,0.432929,-0.207879,0.299621,-0.393747,2.24646,-0.251338,-0.190662,-0.495563,1.34883,-1.3059,-0.930858,-0.363938,1.30104,-1.00131,-0.403053,-0.330321,-0.113824,0.009446,-1.26729
T,2.8127,-0.549244,-1.21353,-0.359001,-0.235821,1.68606,-1.20068,2.13626,-0.607781,1.31423,1.57243,-0.859074,-0.632391,-0.826278,-1.49876,0.816265,1.86081,-0.689678,-0.482174,0.562428,-1.42609,3.38292,-1.70695,2.72645,-1.53276,0.104986,1.13347,-1.93788,-0.211879,-0.923493,4.12846,0.622027,-1.25722,2.95199,0.138611,0.760552,-1.22205,0.306374,-0.838202,-1.62121,-0.5772,1.65045,-0.172084,-1.43965,1.47299,2.37374,0.164993,1.38622,0.274285,-1.46361,-1.50572,0.742311,0.270104,1.6955,1.27164,1.06417,1.07148,-0.678849,-0.304757,-1.38187,1.12369,2.33883,-0.85016,-1.13006,-0.657658,0.895899,-0.97208,-1.25019,4.04684,-0.398181,-2.47579,-0.51847,-1.1962,-0.704418,-0.216378,0.893762,1.09924,-1.71547,1.26804,0.704473,-1.78936,2.39576,0.133281,1.69833,-0.972164,2.6061,-1.1466,-0.757185,1.41387,0.831686,-1.10212,-0.963634,-0.124975,-0.108402,-1.24793,-1.22159,-1.23585,5.19565,-1.06856,-0.678484
T,2.06646,1.11385,-0.976243,-0.634794,-0.762566,-0.06464,-0.268088,0.682255,-0.817847,0.428323,0.956275,-1.03158,-1.12243,-1.15464,-0.751904,2.02431,0.722325,-0.294299,1.33788,-0.189243,-1.47869,1.50985,-0.865905,0.135378,1.62549,0.44393,0.279085,-1.12478,-0.09571,-0.577691,1.78859,0.912683,-0.828707,0.167007,-0.158888,1.09972,-1.40954,1.64685,-0.321028,-1.08478,-0.451679,-0.057901,1.36611,-0.504845,1.43911,0.86303,-1.35974,2.19653,-0.283687,-0.599071,-1.2389,1.0335,-0.151474,1.02071,1.30088,0.619755,0.792867,-1.26988,-0.850183,-0.810254,1.95532,0.386286,-0.128973,-1.11442,-0.28576,1.36682,-0.890007,0.101237,-0.591661,-1.13238,0.05798,-0.727693,-0.915247,-0.564824,0.053252,1.10214,1.63124,-0.710053,2.54633,-0.834313,-1.11897,0.841895,1.33617,0.547496,-0.369742,-0.301103,-0.792054,-1.29029,-0.149868,-0.404377,-0.791347,-0.724176,-0.063261,0.848756,-0.729362,-1.20319,-0.030347,-0.277235,0.166669,1.27927
T,1.42912,-0.240879,-0.662012,-0.782449,0.39294,1.95091,-0.272565,1.71373,0.455603,-0.065804,-0.453719,-0.031335,-0.075807,-0.444363,-0.450042,-0.554628,1.57609,-1.02982,-0.50119,1.76387,-1.06436,0.697623,0.167551,1.12828,3.62448,-0.91416,1.38522,-1.47521,-0.101338,-0.171712,0.111537,0.534863,-0.474099,2.98375,-0.404403,1.32057,-0.858982,2.53697,-0.200967,0.199069,-0.992469,-0.825048,-0.332708,-0.984885,2.30327,-0.041503,-0.559772,0.702878,1.42083,1.40071,-1.27949,-0.188887,0.024084,0.780815,-0.271195,1.2527,-0.398749,-0.085981,-0.271377,-1.16944,1.0362,2.47668,1.01722,-0.837838,-0.221036,0.734005,0.306537,1.61038,0.230512,-1.52167,-1.46742,0.664238,-0.594545,-0.848578,1.47253,0.38835,-0.388117,-1.0009,-0.140198,-1.21037,-0.404656,0.732362,1.36427,0.166015,-0.650365,0.290187,-0.974181,-0.890649,1.22853,-0.206188,0.175267,-0.175454,-0.638888,1.35517,1.40919,-1.11316,-0.514535,-0.35575,-1.46656,0.140422
T,-0.082864,2.03475,-0.688989,-0.099012,-0.640843,1.73761,-1.12355,-0.145003,-1.71146,1.93395,0.06531,-1.42623,-0.461026,-0.780438,-1.70488,1.29628,0.051335,-0.929544,0.746826,3.21405,0.793177,-0.353458,-0.664893,1.16473,-0.756121,-0.368058,1.66652,-0.712465,0.29113,-1.0835,0.475934,1.4206,-1.21168,1.618,-0.13597,2.70403,0.250185,0.914742,0.192172,-1.34906,-1.05614,-0.427088,0.331965,-1.20197,-0.107399,1.7167,-1.12266,-0.144185,2.94553,-0.65429,-1.58059,0.682635,1.72273,2.74012,-1.21495,2.94828,0.111165,-0.555501,-1.34836,-0.985805,-0.512498,3.0448,1.08723,-1.20502,-0.477803,2.70527,-0.170724,1.813,1.39982,-1.31991,-1.36759,3.76448,2.34567,-0.721115,-0.39349,0.502803,-1.04439,-1.42728,0.32376,-1.51888,-1.20886,-0.283421,0.806785,0.017419,-1.80506,2.43691,-1.38751,-1.11287,3.916,3.81891,-0.505141,-1.00582,-0.773347,1.31632,-0.607401,-0.496874,-1.24049,0.174648,-0.67825,1.1187
T,1.37983,0.230841,-1.22109,-0.6669,-1.11824,0.189216,-1.46231,1.06972,-0.810109,1.51913,0.957302,-0.775777,-1.20858,0.059586,-1.00851,2.07794,-0.27943,-0.345369,0.635857,0.936433,-1.11527,1.87495,-0.091864,0.98079,-1.6596,-0.07884,0.310104,-0.063384,1.30162,0.082698,-0.028916,1.68874,-0.753319,1.21922,1.8553,0.294796,-1.70527,1.47778,-0.758144,-0.752533,-0.850005,-0.155291,0.745683,0.186399,1.41661,1.76655,-0.947732,2.4218,0.534587,0.72578,-0.837212,0.428326,1.17346,1.46922,0.024556,0.361845,1.78356,-0.405424,-1.35195,-0.350593,1.11848,1.24055,0.788849,-0.765652,-0.800559,0.31776,-1.26483,-0.493163,1.06707,-0.983823,-0.318689,1.94835,-1.38087,-1.00704,-0.145083,0.977236,0.098057,-1.09135,1.85621,0.078268,-0.918511,1.05412,0.870405,2.78618,-1.16421,-0.360509,-1.35876,0.063592,0.668021,-0.487411,-0.296569,-1.10093,-0.97228,2.07285,-0.437758,-1.02744,-0.712621,1.99124,-1.09145,1.53855
T,1.13572,0.68782,-1.20513,-0.738732,-1.03822,-0.432191,0.250136,0.40768,-1.00509,-0.275413,-0.538242,-0.99335,-1.12521,-0.62997,-1.08897,0.95268,-0.274433,-0.800076,2.07699,-0.526202,-0.917561,1.24246,1.12074,-0.120407,-1.19509,-0.840841,-0.468096,0.33587,-0.208351,-0.389799,-0.312406,0.13811,-0.683528,0.572921,-0.210809,-0.195678,-1.23179,0.451515,-0.927331,0.481619,-0.725174,0.475514,1.87919,-0.563633,-0.603539,0.132511,-1.08159,1.09006,-0.4582,0.566131,-0.842463,0.064933,1.16896,0.877324,-0.088737,-0.204013,-0.327416,-0.250328,-1.05861,-0.085953,0.347209,0.099875,0.967214,-0.840361,-0.647519,-0.205703,-0.852694,-1.13077,-0.630193,-1.22233,0.767701,1.27243,-0.823553,-1.08858,-0.035905,1.24111,-0.606175,0.003044,-0.004394,-0.58495,-0.090986,-0.373812,0.457174,0.553015,0.161338,-0.458923,-0.552813,-1.20938,-0.026619,-0.379731,-0.474126,-0.622941,-0.627442,0.899747,-0.899605,-0.823617,-0.408106,-0.008674,-0.416265,-0.18714
T,2.71834,0.053077,-0.864496,-1.17639,-1.02928,0.740466,-1.19162,3.23413,0.305534,1.12302,0.71308,-1.51324,-1.08993,-0.045784,-1.62221,1.57582,2.24999,-0.712271,-0.240822,2.27509,-1.10003,2.96686,-1.84302,1.78795,-0.486038,-0.245293,1.90358,-0.998331,0.06533,-0.610082,0.412632,1.05106,-1.00662,1.99803,1.80542,3.07712,0.206427,-0.37365,-0.885914,-1.64883,-0.029275,1.03421,0.226611,-1.37904,2.2572,2.06189,-0.514348,0.886895,2.32109,-0.605759,-1.43991,3.75562,0.463071,0.801423,2.55937,3.23611,0.664935,-0.929282,-1.6266,-1.0027,0.000508,2.17538,-0.738253,-1.15465,-1.04375,3.17302,-0.660874,-0.366271,1.2828,-1.55613,-1.39073,0.275193,-1.26565,-0.738472,-0.694394,0.168124,1.5669,-0.775957,1.1754,-0.756286,-1.68944,2.91563,-0.692775,2.45836,-1.59274,1.9229,-1.56161,0.925335,0.948171,2.72053,-1.04241,-1.21897,-1.69535,0.43723,-1.30206,-1.1685,-1.61846,1.50044,-1.21633,2.58117
T,1.32334,-0.146644,-0.696387,-1.00605,-0.747331,1.31672,-1.26594,1.50441,-0.579846,0.161956,1.4019,-1.08807,-0.713176,-1.12797,-1.22122,0.175134,1.64813,-0.871105,-0.375154,2.85011,-0.298842,1.02071,-1.68064,0.662496,-1.15996,-0.674727,1.5892,-1.18737,1.40768,-1.15108,-0.047279,1.08604,-0.9337,0.987349,1.67201,2.67122,-1.21372,-0.511414,-0.612635,-0.8303,-0.326479,-0.218012,1.27577,-1.43312,1.73025,1.57141,-1.47579,-0.136808,2.85738,-1.40238,-0.775171,2.47359,0.384034,1.66808,0.501198,2.89115,1.06047,-0.899475,-1.309,-0.611163,0.639205,1.99015,-0.291721,-1.25634,-0.968543,2.66895,-1.05894,0.706404,1.90528,-0.019851,-1.14396,0.815289,0.700026,-1.14416,0.339119,-0.100398,0.033457,-0.690361,0.235778,-0.445011,-1.01223,0.14411,0.529464,-0.460239,-0.523721,2.21115,-1.06184,-0.993735,-0.325737,1.35502,-0.885411,-1.2761,-0.397227,0.621009,-1.28003,-0.989847,-0.667888,2.62182,-0.795129,-0.002063
T,1.15398,0.336469,-0.560948,-0.632674,-0.481185,0.262185,-1.49683,-0.289541,-0.288613,-0.735074,-0.025924,-1.0295,-0.831293,-0.338494,-1.2889,0.034248,-0.265099,-0.702427,0.395664,1.25153,-1.28041,-0.522802,-1.76637,0.175474,-0.213843,-0.511861,1.50397,-1.74516,4.99724,-0.502548,-0.214389,0.891999,-1.01483,-0.220126,-0.487083,-0.182698,-0.439207,0.212204,-0.637155,-0.295037,-1.71714,-0.708702,0.531071,-1.56136,1.66705,-0.680418,-1.69987,-0.313818,0.869449,-1.12775,-0.800067,-0.64256,0.507712,1.27661,1.52184,-0.251752,-0.105446,-0.905032,-0.958045,0.237785,0.208765,0.012757,0.978283,-0.993868,-1.16976,-0.430903,-0.804468,1.25681,2.08801,-0.564596,-0.520692,1.0495,-0.375402,-1.30045,0.245972,0.402809,-1.67356,-0.455984,1.17577,0.353435,-0.66689,-0.832302,1.56786,0.114883,-1.11837,2.43885,-0.40335,0.334359,0.266899,0.316432,-0.092197,-0.806027,-0.738292,3.21695,-0.005948,-0.250722,-0.278411,-0.263718,-1.10972,0.347242
F,-0.20545,-0.054873,4.71192,-0.085253,-0.646247,0.186765,1.41663,-0.787464,-0.015532,-0.788236,-0.557649,0.468274,0.572294,2.30572,0.496574,-0.521302,-0.55166,1.00933,-0.439346,-0.441835,-0.25381,-1.18953,-0.88787,-0.678959,0.393922,0.210172,-0.751694,0.089811,0.140666,-0.639207,-0.40575,-0.494124,1.85704,-0.743747,-0.640033,-0.675407,-0.168596,-0.557051,-0.024081,-0.28038,0.210461,-0.390708,-0.611454,-0.783113,-0.08454,-1.07345,-0.123874,-0.454162,-0.373482,0.598639,0.40123,-0.325499,-0.406183,-0.661666,-0.733844,-0.747624,-0.442222,-0.750714,-0.288004,-0.892822,-0.178338,-0.742778,2.56266,-0.315866,-0.574778,-0.660291,-0.783608,-0.791509,-0.860609,1.06646,0.066226,1.59222,1.43657,0.632786,0.363376,0.047349,-0.264704,-0.099045,-0.682194,0.346791,-0.655463,-0.932069,-0.316081,-0.925659,0.739294,-0.61977,-0.415426,1.9272,0.385933,-0.4177,0.22658,0.187302,0.568146,-0.187184,2.19181,-0.308878,-0.216185,-0.182722,1.52873,0.607888
F,-0.224616,-0.547991,-0.11866,-0.599206,-0.614744,-0.977787,0.691204,-0.73042,-0.802112,0.39196,-0.622066,1.05289,-0.628834,-0.575484,-0.265763,-0.521593,-0.525482,-0.436602,-0.524474,-0.53522,0.725873,-0.934008,0.542052,-0.70825,-0.956014,2.22607,-1.17837,-0.111661,-0.550833,0.251142,-1.67062,-0.424493,0.818924,-0.744733,-0.578479,-0.764484,0.374134,0.215503,0.034264,0.708332,-0.566833,-0.15242,-0.786982,1.2105,-1.01471,-0.635742,-0.116055,-0.206977,-0.410868,1.84456,0.706486,-0.452005,0.056813,-0.789692,-0.751633,-0.798747,-0.395806,0.139416,-0.625127,-1.17966,-0.398616,0.185797,-0.233231,-0.516353,-0.905976,-0.736824,1.70608,0.745181,-0.882333,-0.225326,0.372975,-0.829402,-0.925405,-0.349104,-0.139859,0.364223,-1.34339,-0.380485,-0.677204,-0.386105,0.379654,-0.843773,-0.757571,-0.932735,0.920864,-0.374701,-0.552577,-0.487449,-1.84519,-0.254213,0.546045,-0.729177,-0.441228,0.209677,-0.843728,-0.657793,-0.647052,0.092548,-0.550685,-1.15537
F,-1.03587,-0.699092,0.24894,-0.474927,2.27599,-1.29707,0.24593,-0.667881,0.161274,-0.288277,-0.501822,0.169905,0.301434,0.002724,1.14145,-0.591709,-0.565077,-0.478675,-0.517424,-0.579,0.114921,-0.291481,-0.057712,-0.634837,-0.211444,-0.359654,-0.983958,0.754977,-0.270829,-0.54041,0.082069,-1.08234,0.264066,-0.820738,-0.544023,-0.597549,0.343651,-0.510086,-0.289575,0.952027,0.542382,-0.234324,-0.249862,1.36645,-0.568437,-0.683167,0.366669,-0.687658,-0.423658,-0.691881,1.10611,-0.65463,-0.854717,-1.46602,-0.277205,-0.546102,-0.4261,0.347476,1.2324,0.401708,-1.08753,-0.296047,-1.2201,0.850153,-0.140056,-0.544353,-0.460435,-0.946973,-0.642029,1.64606,1.59371,-0.362661,0.209316,0.303914,-0.149089,-0.778474,0.582752,2.70377,0.039124,0.309769,0.085672,-0.60221,-0.585285,-0.021353,-0.150591,-0.547067,0.131139,2.72298,-0.322616,-0.362552,0.043333,0.129911,-0.045758,-0.629676,0.871944,-0.065709,0.388197,-0.697503,1.35809,0.320105
F,-1.54256,-0.198438,0.164281,1.28762,0.154358,-0.857827,0.404516,-0.727262,0.029626,-0.788659,-0.515076,-0.693924,0.388849,1.33793,-0.082984,-0.6624,-0.504106,1.08431,-0.359711,-0.393213,-0.492194,-0.796541,-0.308732,-0.754648,-0.537147,1.49035,-0.044556,-0.396905,0.198788,1.44563,-0.632804,-0.867499,-0.136485,-0.283798,-0.029889,0.304736,-0.116219,-0.954916,-0.043224,0.078958,-0.476543,-0.416954,-0.212835,-0.872616,0.477933,-0.745284,0.54274,-0.575608,-0.413221,0.236677,1.14692,-0.236948,0.367317,1.05011,-0.097074,0.297175,-0.495155,-0.158271,0.647054,1.25619,-1.2431,-0.656541,-1.0511,-0.264049,1.65233,-0.128035,-0.033307,0.932859,0.339377,0.211956,0.11844,-0.309543,0.238996,0.010941,-1.56351,-0.932155,-1.05575,1.40781,1.69364,0.851559,1.35908,-0.709871,-1.29923,0.089188,0.039254,1.59834,-0.551667,-0.397658,0.310212,-0.297052,-1.03671,-0.686644,0.117515,-0.259064,-0.043795,0.572255,0.154789,-0.513441,1.33743,-0.040328
F,-0.76261,-0.003933,-0.644674,-0.466184,-0.271495,-1.0821,1.30486,-0.572736,0.031086,-0.57895,-0.49018,0.626233,-0.351402,0.63416,0.00289,-0.395312,-0.551662,0.25647,-0.321522,-0.555313,0.60843,-0.235699,-0.917789,-0.796828,0.078546,1.66834,-0.364919,0.810337,0.131921,0.091672,0.448473,0.198082,0.07104,-0.748757,0.179274,0.274113,-0.581253,-0.819811,0.525456,0.41786,0.101431,0.684122,-0.68058,0.115146,-0.834268,1.18128,0.245317,-0.572572,-0.461739,-0.573981,0.021297,0.458195,0.288567,0.315415,-0.177493,0.382,-0.174286,-0.533841,0.869454,0.714296,-0.060043,-0.632491,-1.09005,0.526425,-0.29124,0.350316,-0.099671,0.170254,-0.578407,1.00471,-0.684446,-0.105079,1.47511,0.184034,-0.06162,-0.359169,-0.058562,1.12003,0.375609,-0.464342,1.156,-0.273783,-0.838426,-0.304253,-0.000653,0.317285,0.425688,1.43369,0.340816,0.107551,1.57587,-0.36285,1.00877,-0.278011,-0.034653,0.236725,0.592518,-0.816003,0.009716,-1.00882
F,-1.30226,-0.619396,1.30861,0.457101,-0.184148,-0.874051,0.626051,-0.668221,1.17168,-0.828957,-0.470702,0.570931,1.26318,0.352097,1.68599,-0.727484,-0.446681,2.79919,-0.525639,-0.570695,1.11173,-0.128534,-0.616461,-0.867476,0.345277,1.03725,-0.765133,0.514457,0.244927,0.191539,0.185681,-0.652296,1.39401,-0.635067,-0.26445,-0.501693,-1.03054,-0.947166,-0.445542,0.435794,1.68283,-0.235102,0.617627,0.179928,-0.319647,-1.02445,0.518934,-0.48364,-0.426492,-0.91825,0.75611,-0.456039,-0.999079,-0.913526,-0.099791,-0.533905,-0.485578,0.059865,-0.415568,0.999439,-1.46338,-0.582219,-1.21895,0.596579,0.619405,-0.425238,-0.426675,-0.490867,-0.691104,1.38457,0.555223,0.022345,2.06997,1.10175,-0.023294,-0.830382,-0.106032,2.62025,-0.514214,-0.083598,0.846848,-0.749894,-0.278816,-1.00212,0.113597,-0.476274,0.20649,3.36736,0.178799,-0.663839,0.56256,-0.110905,2.93822,-0.501272,-0.24566,-0.183178,0.227264,-0.493644,2.93892,-0.673142
F,-0.937053,-0.549128,-0.275685,-0.568005,0.366441,-1.03568,2.32354,-0.516187,0.260347,-0.780168,-0.465813,-0.238504,-0.090504,-0.942416,0.661919,-0.581599,-0.521849,0.388947,-0.538533,-0.543672,2.05794,-0.245714,-0.657105,-0.804721,0.337812,0.419827,-0.07092,-0.192769,0.228515,0.274697,0.282419,-0.801806,-0.573439,-0.605888,-0.284242,-0.762639,0.255393,-0.549945,0.449295,0.387438,-0.422231,-0.173852,1.17788,0.010496,-0.664843,-0.623842,0.927687,-0.493263,-0.432525,0.598213,0.207718,-0.443913,-0.799647,-1.1559,0.320988,-0.763955,-0.433819,0.561727,2.14693,-0.610646,-0.982085,-0.801422,-1.26054,0.199298,-0.4992,-0.787062,-0.69871,-0.316974,-0.814184,2.90409,0.242103,-0.294541,0.724808,0.346376,-0.226859,-0.789875,-0.025313,0.701168,-0.54181,0.537957,-0.317776,0.661217,0.836807,0.052296,0.192936,-0.481176,2.50456,0.772693,-0.036347,-0.772387,-0.338871,-0.315793,1.84445,-0.103037,1.57749,-0.615972,0.8886,0.126194,1.31319,-1.24436
F,-0.805493,-0.608796,-0.751777,-0.371367,0.227369,-1.15893,0.827146,-0.440507,1.65582,-0.632818,-0.487405,-0.14958,-0.22091,-0.181368,0.621353,-0.645466,-0.530449,-0.515384,-0.522275,-0.573746,0.031952,-0.058432,-0.108287,-0.761855,-0.306303,0.463907,-0.059936,0.41048,-0.9063,0.112385,0.039368,-0.78277,-0.667741,-1.30463,-0.384994,-0.709776,0.557486,-0.791335,0.400839,-0.478374,1.75194,-0.246697,-1.11087,-0.947119,-1.16272,-0.984981,1.00256,-0.727455,-0.476705,-0.051636,0.211771,-0.503145,-0.758887,-1.04741,-0.362989,-0.580661,-0.515714,-0.043417,0.716189,0.513517,-0.971603,-0.70933,-0.941728,0.127245,-0.244667,-0.677157,-0.052631,-0.946239,-0.718799,2.1012,1.46449,0.189263,0.40212,0.433379,0.326995,-0.462198,0.10156,0.071684,-0.680226,-0.342559,-0.479612,-0.297118,0.20981,-0.704485,0.688036,-0.548231,0.191799,-0.325496,-0.449054,-1.14917,-0.449253,-0.15018,2.2551,-0.63715,2.03164,-0.797467,-0.048762,0.052205,0.406907,-0.396594
F,-0.164445,-0.334447,-0.88287,-0.648329,-0.557061,-0.740299,-0.593968,-0.603521,-0.956245,-0.147621,-0.406133,-0.065572,-0.247778,0.741392,0.588492,-0.55863,-0.522517,-0.389144,-0.403136,-0.54124,0.385246,-0.5695,1.23874,-0.546563,1.47119,0.79449,-0.71438,0.419173,-0.502263,-0.239001,0.117637,-0.217479,-0.433743,-0.31785,5.18964,-0.63555,1.21891,-0.114055,-0.556001,-0.189672,0.221943,-0.183662,0.271927,1.11676,0.026849,-0.275451,-1.10587,-0.181655,-0.458582,0.675462,-0.78252,-0.656009,-0.383195,-0.394529,0.101513,-0.665964,-0.402857,2.18977,-0.25689,-0.131793,-0.008881,-0.544284,0.092683,0.075038,-0.458414,-0.60619,-0.405899,-0.961984,-0.499504,-0.100596,1.2204,0.80913,-0.007091,0.042579,-0.021755,-0.475256,1.57663,0.670747,-0.165099,0.030593,2.46026,-0.426727,-0.231394,-0.802227,0.223841,-0.277057,1.19239,0.213696,-0.265233,-1.08338,-0.737655,-0.185979,-0.525675,-0.389188,-0.072555,0.766487,-0.297147,-0.146276,1.03321,0.092592
F,-0.839137,-0.499011,0.249682,1.08449,0.250459,0.320677,1.58638,-0.579345,1.75776,-0.707537,-0.557504,-0.240424,2.18688,-0.39083,1.73951,-0.773564,-0.601937,-0.086785,-0.515024,-0.592512,2.89086,-0.777745,0.381404,-0.408515,1.64384,2.53066,-0.078582,-0.813931,-1.60636,1.41241,-0.809286,-1.22564,0.635816,-0.573911,-0.63054,-0.925547,1.36958,-0.933163,0.847011,1.57653,2.51877,-0.81817,-0.306152,0.687876,-0.029976,-0.635221,3.72281,-0.732001,-0.509968,2.93576,1.36986,-0.650712,-0.074256,-0.422741,0.039519,-0.916714,-0.518183,1.59661,0.623292,1.58228,-0.793768,-0.957845,-0.165761,2.04579,0.480399,-0.851811,3.45209,0.35156,0.241673,-0.631339,-0.121432,-0.009933,0.085932,3.1148,-0.789716,-0.651835,0.457783,1.76369,-0.20288,0.118808,2.45121,0.531152,-0.981221,-0.474582,-1.8001,-0.516546,1.31923,-0.55962,-1.10141,0.002887,1.51491,-0.404282,-0.145667,-0.359127,1.18845,1.38482,0.658196,-0.776394,0.971075,-0.712133
F,0.112773,-0.176288,1.22356,-0.276205,1.10825,3.54505,0.399535,-0.131459,-0.396826,-0.86699,-0.528823,0.586754,-0.070358,1.65068,-0.075401,-0.555319,-0.47734,-0.287708,-0.310841,-0.545922,0.218213,-0.727007,-0.065174,-1.05815,-0.285186,-0.860544,-1.24927,0.16488,-0.613077,-0.100237,-0.908078,0.897354,0.681935,-0.020055,-0.628376,-0.24626,1.83803,-0.76464,-0.4374,-0.83131,0.042916,-0.553197,-1.55831,-0.441406,-1.38302,-0.865401,0.971695,-0.004959,-0.55325,-0.081298,1.36795,-0.161844,-0.700343,-0.208897,-0.619575,-0.266233,-0.515438,-0.208098,0.376487,0.535164,-0.944224,-0.476121,2.08598,0.038893,-0.015027,-0.299203,0.523441,0.452628,-0.200586,0.442451,0.752229,-2.22905,0.409341,0.924777,-1.17373,-0.388041,-0.496157,0.040037,-0.852126,-0.558412,-0.31299,-0.86012,1.17434,-1.21171,-0.84933,-0.691565,0.103066,-0.676737,0.025276,-0.406064,3.38354,0.055169,-0.622349,-0.341257,0.399497,-0.774353,0.036685,-0.245659,-0.486031,0.89242
T,1.38008,1.99997,-0.447766,-1.10067,-0.560015,0.27129,-0.878596,1.29352,-1.17326,1.63765,1.45799,-0.951515,-1.11901,-1.35273,-1.41331,1.31224,1.48623,-0.61991,0.981413,1.87066,-1.11173,1.1996,-0.658799,2.6848,-0.702762,-0.166176,1.65306,0.324314,1.09226,-0.988588,2.53693,1.74407,-1.19779,2.84309,-0.48951,1.11234,-1.55376,0.873702,-0.104475,-0.948751,-0.913272,-0.0213,0.79637,-1.06691,1.55733,1.31896,-1.02293,1.14739,2.1272,-0.761329,-1.18117,1.40608,-0.203639,1.56204,1.52603,1.05265,1.33851,-1.33533,0.021492,-1.04915,1.9536,2.62432,-0.138883,-0.72306,-0.615515,1.0541,-0.113205,-0.593947,2.02523,-1.13788,-0.603112,-1.35217,-1.02633,-0.628203,0.477948,1.12932,-0.322792,-0.622595,0.800482,-0.782163,-1.15258,0.78028,1.32627,1.12678,-0.704943,0.014011,-0.966322,-1.27779,0.138177,0.872024,-1.39459,-0.276174,-0.126752,0.163407,-1.0921,-0.506778,-0.865333,1.92129,-1.08827,0.284535
T,1.26351,1.38452,-0.564867,-0.752599,-1.00097,0.316671,-0.698068,-0.064507,-0.718514,0.506342,2.35683,-0.96578,-1.23827,-1.92894,-1.11138,0.965867,-0.07373,-0.718141,1.11667,3.14391,-1.14617,0.842926,-1.39256,0.591543,-1.63815,-0.676508,0.74074,0.509308,1.33848,-1.02329,1.09579,1.45796,-0.785634,0.451352,0.67806,0.502158,-0.468608,1.44151,-0.943431,-0.121448,-1.33793,0.005742,0.481017,-0.099146,0.283055,1.17044,-1.27959,0.521266,4.77365,-0.941404,-1.01563,2.85245,0.347458,0.619382,-0.256038,0.330039,2.33964,-1.25957,-0.37764,-1.06847,0.300694,1.78309,-0.143754,-1.11518,-0.320861,0.50925,-0.556976,1.41128,2.24917,-0.68119,-1.47922,1.48496,-0.687163,-0.99895,0.544018,1.7301,-0.460882,-0.463352,1.65081,-0.785582,-0.617183,0.185929,1.32947,0.895605,-0.098491,-0.22707,-0.329373,-1.15201,-0.222899,1.03514,-0.734383,-0.371309,-0.516076,0.189884,-1.19562,-0.733543,-0.492387,0.317195,-0.982639,-0.817642
T,-0.928236,-0.644201,-1.63074,-1.55441,-0.567191,-0.521988,-0.612814,3.88072,0.306622,0.69698,1.53877,-0.512598,-1.18639,-2.27321,-0.430521,0.453253,2.39323,-1.1415,-0.401339,-0.471871,-1.00088,2.76261,-0.983868,0.360593,-1.16721,-0.855619,1.98462,1.1206,-0.846468,-1.67789,0.209866,0.408097,-1.00756,-0.833553,-0.519131,3.1269,-0.498419,0.585971,-0.876637,-0.705718,-0.411631,3.98876,0.501443,-0.885515,1.28479,0.917357,-1.05206,2.51398,-0.458362,-1.43428,-1.09716,2.12965,0.403126,-0.392238,1.35278,3.35687,-0.275215,-0.649588,-1.13307,2.2641,1.15946,1.25696,-1.39042,-1.10898,-0.737525,3.23866,0.177895,-1.24738,-0.010028,0.062815,-1.35588,-0.295923,-1.20914,-0.736901,6.89981,-0.817232,1.55559,-0.844975,-0.36178,-1.63491,-1.39143,3.30855,0.636674,0.487503,-0.335229,3.87586,-0.827159,-1.26194,1.85656,-0.556691,-2.02296,-0.386595,-0.682798,-0.244041,-1.23927,-1.06647,-1.15527,0.033062,-0.97881,0.695849
T,2.48096,0.148529,-0.267492,-1.05119,-0.380147,0.518708,-1.1919,1.03863,0.551911,-0.318334,4.96756,-1.12979,0.475891,0.344356,-1.31816,0.707383,2.97982,-0.544588,0.8735,0.864447,-1.70374,0.025726,-1.15966,1.35608,-1.41654,-0.603935,1.54039,-1.69752,3.8438,-0.00869,0.15486,1.7054,-1.0384,0.315011,0.068302,1.14859,-0.379137,1.39658,-0.620928,-1.12298,-1.13663,-0.860325,0.252452,-0.999432,1.35475,1.10399,-1.33282,0.557456,0.436359,-1.03528,-0.860164,1.45595,0.429121,0.650647,2.5938,1.40183,1.67774,-0.041308,-0.803602,-1.28777,0.672525,0.81159,0.804999,-0.149863,0.496559,1.25753,-0.889754,-1.30517,3.17081,-1.57876,-1.51968,-0.30213,-0.883679,-1.10589,0.079292,1.36957,-0.243584,-1.31904,0.658679,-1.1316,-1.29332,-0.38398,0.852819,1.85839,-1.19495,0.43057,-1.57705,-0.625897,-0.42957,0.39098,0.303246,-1.05724,-1.22079,6.08169,1.54508,0.20262,0.930104,0.126608,-1.49972,1.14643
T,-0.364046,1.63803,-0.752507,-0.124125,-0.222911,1.10293,-2.17033,1.18623,-1.32585,1.12789,0.7537,-0.549944,-1.20052,0.499883,0.555396,0.065116,1.25302,0.206905,3.01414,-0.588025,0.322821,0.471043,0.186732,1.73465,0.355891,-0.617726,-1.53203,1.44813,-0.429359,-1.3699,2.44827,-0.623749,-0.628873,-0.661275,3.23385,-0.495273,-0.250507,0.62901,-1.24351,-1.22095,-0.3393,1.71928,1.83559,-0.326894,0.89,1.22019,-0.010562,0.392011,-0.442366,-1.07931,-1.31951,0.431295,0.105779,1.27956,1.28027,-0.173703,1.96013,-0.259143,-1.37632,-0.905415,0.457277,0.047978,1.51386,-0.056366,-0.52901,-0.389567,-0.702891,-1.4531,-0.122331,-1.10162,-0.666027,0.46907,-0.083123,-0.678848,-0.400883,-0.227984,2.14438,-0.495325,-0.643872,-0.54634,0.488898,1.7345,0.214388,0.839067,0.394111,-0.360072,-0.353391,0.932711,1.14364,-0.491579,-0.979726,-0.760386,-0.482985,-0.339682,-1.25204,0.586158,-0.436732,-0.747175,1.41998,1.27005
F,-0.454576,-0.183849,-0.105475,-0.142952,-0.120994,-0.436886,-0.578147,-0.837543,-0.967352,-0.643078,-0.475156,-0.155222,-0.118986,0.503498,0.548627,-0.548593,-0.471283,-0.880191,-0.13928,-0.56373,-0.104743,-0.510732,-0.801782,-0.233028,-0.707122,-0.756805,-0.70168,0.738145,-0.465396,-0.393085,0.015168,-0.18901,-0.14933,-0.54527,-0.241803,0.505625,0.22009,-0.386205,-0.139067,-0.061068,-0.21075,0.340699,1.54524,0.037175,-0.574789,-0.390233,0.487373,-0.374164,-0.469666,-0.123576,-0.346147,0.201151,-0.19445,-0.288072,-0.176754,0.459929,-0.238912,-0.701431,-0.203519,-0.767589,0.059509,-0.613581,0.06565,-0.697002,-1.03269,0.085853,-0.460484,-0.652673,-0.6263,0.000089,0.849546,0.238827,-0.451477,-0.093631,0.162962,-0.478324,0.658532,-0.21092,-0.752584,-0.887407,-0.77631,-0.50196,-0.206291,-0.626641,0.144049,-0.462781,-0.239432,1.36737,0.427012,0.422371,-0.752533,-0.547278,-0.496888,-0.481094,-1.1779,-0.31337,-0.130176,-0.624069,1.28879,0.349346
F,-0.345304,-0.051675,0.819292,-0.209827,0.789918,-0.390565,1.11373,-0.435715,-0.634245,-0.831136,-0.457654,1.67004,0.173339,1.25056,-0.535277,-0.390714,-0.441129,-0.372159,-0.466049,-0.567889,0.537208,-0.685716,-0.329823,-0.672062,0.152406,-0.00703,-0.853285,0.541937,-0.348484,1.11978,-0.265037,0.462468,0.39862,-0.972104,-0.33686,-0.382251,0.500843,-0.447227,-0.265559,1.17996,-0.376718,-0.998145,-1.32936,-0.397466,-0.525418,-0.71419,-0.091457,-0.200596,-0.435438,-0.527805,0.622968,0.056277,-0.364795,-0.529949,-0.409537,-0.413965,-0.401106,-0.795544,0.741944,1.30837,-1.13288,-0.678611,0.839273,-0.277129,-0.854411,-0.318494,-0.447698,1.47161,-0.733261,1.66603,0.319321,0.546144,0.681084,-1.03723,-0.540022,0.046008,0.70044,1.09446,-0.752516,-0.428602,0.321511,-0.678471,0.369305,-1.39856,-0.117636,-0.383743,-0.099311,1.83832,1.63908,-0.866793,0.630306,0.487949,-0.173344,-0.510479,-0.985308,0.145684,-0.748021,-0.002861,0.484051,0.257791
T,-0.584872,1.0155,-0.649735,-0.56948,-1.22675,-0.055673,-1.15247,1.23142,-0.750345,1.14131,2.51485,-0.886521,-1.26354,-0.3039,-1.01383,1.08111,0.020751,-0.637788,1.132,-0.539611,-0.620499,1.25933,-0.374105,0.631347,-1.35682,-0.749833,0.572236,0.586039,-0.768801,-0.811989,1.0627,1.70928,-0.645985,-0.058456,1.4597,-0.324108,-0.314339,-0.092795,-1.07313,-0.401646,-0.855255,1.4885,2.75257,0.199076,-0.058506,1.90354,-0.708278,1.23616,-0.457306,-0.419705,-0.190693,2.32673,0.057705,0.440376,-0.370165,0.017879,4.35139,-1.11718,0.128361,-0.408524,1.14893,-0.264555,-0.206908,-0.136563,-1.38835,-0.260686,-0.63451,-0.805975,-0.204912,0.107017,-0.10923,0.301668,-1.04427,-1.09018,0.072053,-0.024958,1.38573,0.30631,2.75837,-0.941614,-0.526104,0.123893,-0.042139,1.9479,-0.258593,-0.449416,-0.330478,-0.024178,1.71505,-0.013233,-1.29434,-0.889925,-0.195162,-0.295838,-1.03642,-0.136803,-0.751046,0.637302,-0.346655,0.078292
T,1.18361,0.577002,-0.748423,-1.0863,-1.55569,1.02778,-0.207187,0.268781,-1.23642,0.309577,1.11735,-0.678878,-0.675648,-1.03958,-0.509781,1.16061,1.69614,-0.574487,1.60741,-0.206675,-0.441965,-0.683367,-1.05992,0.812712,-0.765999,-0.846846,1.18143,1.76205,-0.778907,-0.645981,1.33261,0.478313,-1.07192,-0.328693,1.20194,2.39166,0.313193,0.281403,-1.13514,0.117136,-0.416578,0.773931,0.654011,-0.56558,-0.377115,0.031138,-0.905878,0.654991,-0.28389,-0.378342,-0.329263,0.911026,0.653101,1.0621,-0.215483,2.27553,-0.139207,-1.73411,-0.256389,0.470431,1.2093,0.35987,0.219928,-1.01955,-1.1651,1.98081,0.027343,1.76555,-0.56355,0.206674,0.492943,1.31346,-0.61338,-1.13313,0.054075,0.276063,1.61645,0.025085,-0.788066,-1.28659,-0.289575,1.10774,1.9044,-0.821241,-0.476595,-0.230837,-0.146753,-0.241732,2.43923,0.240873,-1.00953,-0.889287,-0.892047,-0.344068,-0.895472,-0.318606,-1.1457,-0.052275,-0.068541,2.46701
F,-0.830983,-0.297687,-0.110213,-0.558462,0.029033,-1.04537,0.708298,-0.184534,-0.05417,-0.299357,-0.454213,0.427535,-0.205684,1.1924,1.10476,-0.505623,-0.500107,0.84921,-0.09866,-0.582935,1.18954,-0.54523,0.971299,-0.536367,0.60733,1.25867,-0.772085,0.173161,-0.77504,-0.731669,-0.454275,0.244864,-0.055143,-1.00029,0.760121,0.291702,-0.188371,-0.660362,1.11803,0.173937,1.7602,0.239685,-0.595684,-0.307498,-0.084687,0.323504,-0.53044,-0.420843,-0.448048,-0.009909,-0.544545,0.35774,-0.91193,-1.22252,-0.17007,0.15524,-0.104174,-0.852918,-0.235425,0.185782,-0.974417,-0.68714,-0.101376,0.997261,-1.14991,0.132371,1.9205,0.533033,-0.697929,1.02599,2.01356,-0.594203,0.32848,0.658208,0.235285,-0.541014,0.724209,-0.152684,-0.578758,0.021509,-0.107883,-0.356047,-0.603958,-0.466927,0.204707,-0.405094,-0.23244,0.430797,0.028231,-0.104864,0.598459,-0.50824,0.274396,-0.693982,-0.424384,1.03343,-0.866437,0.127357,1.83512,-0.691947
T,-0.674715,3.01544,-0.989265,-0.787725,-1.19108,-0.082434,-0.867464,-0.238695,-0.855858,1.74884,0.562036,-0.35298,-1.06128,-1.14079,-0.682969,1.29628,-0.135265,-0.381577,3.65932,-0.54024,-0.485517,0.191866,-1.10031,0.430382,0.158641,-0.709485,-0.559897,2.45287,-0.865454,-0.792291,2.47366,-0.576628,-0.600282,-0.271295,2.04081,-0.046124,-0.729377,-0.392765,-1.17949,-0.193112,-0.229945,1.71073,0.911218,0.658572,0.052749,2.14976,-0.956743,0.000193,-0.430015,-1.04827,-1.12749,1.11304,-0.219995,-0.201229,-0.001639,-0.225731,3.53274,-0.509676,0.147615,-1.23542,-0.490089,-0.412256,-0.698184,-0.10306,-0.845951,0.243854,-0.212774,-0.823316,-0.623506,0.675573,0.571168,-0.725409,-0.680441,-0.843158,0.315454,0.155886,1.75864,-0.091239,1.04125,-0.726623,0.273342,-0.103311,-0.454526,1.72745,0.445933,-0.415716,0.041345,-0.103634,0.01086,-0.4579,-2.04056,-0.308678,-0.421082,-0.260373,-1.12379,0.508256,-0.228708,0.028933,0.491735,-0.787787
T,-0.322829,5.95165,0.092976,-0.177128,-0.355793,1.02436,0.089497,-0.074826,-1.33658,1.19752,0.149769,-0.512447,-0.11883,0.729587,-0.602208,3.35959,-0.519619,-0.326197,4.07927,1.98329,-0.974102,1.1101,0.334935,1.09979,0.082541,-0.415452,1.15188,1.657,0.373756,-0.307432,1.30674,-0.026125,-0.639117,1.13866,-0.632988,-0.081857,0.282986,3.32497,-0.412714,-0.758802,-0.371619,-0.559071,2.09712,-0.107989,0.754681,-0.76613,-0.538883,0.356048,1.09448,-0.139859,0.229899,-0.589488,-0.065731,0.483219,1.58089,0.175838,-0.160783,-0.533396,0.040593,0.133858,-0.320338,-0.31475,0.37496,-0.84839,-1.01285,-0.03557,-0.64051,1.68609,-0.005051,0.111058,-0.511227,0.610868,0.474751,-0.896217,-0.424047,-0.298876,0.144434,-0.878152,-0.857198,-1.22567,-0.476131,-0.620185,0.187125,2.57344,-0.116594,-0.561625,-0.719203,-0.592377,1.10516,-0.682495,0.046603,-0.715424,-0.857859,-0.152041,0.440806,-0.193645,-1.04951,0.268506,0.126158,1.35329
T,-0.455592,-0.597643,-1.17678,-1.44977,-0.452197,1.80501,0.339021,1.47601,-1.3036,-0.159569,0.9282,-0.646891,-0.757855,-2.38457,-1.22768,0.623781,3.28424,-0.605968,-0.133746,-0.530259,-0.292012,1.91201,-1.17027,3.10425,-0.089309,-0.687527,2.55484,0.754968,-0.703114,-0.889033,-0.552668,-3.06575,-0.557278,-0.65549,1.6114,2.53697,-0.764104,1.05813,-0.605003,-1.04427,0.09199,3.45481,-0.88634,0.886168,2.10181,0.510817,-1.05239,2.4404,-0.464213,-0.961825,-0.949794,-0.008329,2.3134,0.297755,0.319946,1.31174,-0.358538,0.513398,-1.23955,-1.15309,1.36042,1.23026,0.378056,-1.13391,-0.435134,2.85482,-0.628489,0.560626,0.652027,-0.843337,-1.19175,-1.32939,-0.648681,-1.05901,1.19351,1.25714,1.69868,-0.40973,0.509527,-0.446336,-0.204054,3.4554,1.49435,0.157789,-0.968146,2.18217,-0.440447,-0.692519,0.1166,2.43419,-0.771454,-0.561925,-1.03968,0.016991,-1.10866,-0.224596,-1.2001,2.5459,-0.974206,1.80606
T,1.28085,0.005238,-0.545841,-0.521767,-0.791579,1.53443,-0.787329,1.19161,-1.70216,-0.053549,1.76196,-1.34952,-0.854383,-1.54097,-1.68125,2.6497,2.76957,-0.541657,0.405491,1.14437,0.76314,1.6015,-0.947798,2.62133,-0.903984,-0.769538,1.61836,0.143273,-0.949491,-1.10018,0.154175,0.061355,-0.464798,0.016813,-0.150137,1.04803,-1.62404,-0.215798,-0.357583,-1.41725,0.226214,3.02025,-0.194762,-1.01986,2.43686,0.545483,-0.346226,3.07267,0.272084,-0.803125,-1.22807,0.912685,1.22156,0.591397,1.41588,1.23969,-0.192165,0.044857,1.29918,-1.02692,0.875036,2.36322,0.067473,-1.11123,-1.05522,1.14106,-0.296425,-1.63826,-0.143846,-1.48886,-1.34833,0.342854,-0.663819,-0.774486,-0.421053,0.048008,1.69405,-1.32568,-0.556921,-0.727378,-0.972198,2.02604,1.37192,-0.05887,-1.67081,1.72698,-0.124837,-1.23338,1.09425,3.64407,-0.945075,-0.901906,-1.30552,-0.10998,-0.977494,0.010358,-1.61714,-0.195876,-0.652421,1.51861
T,1.91972,0.138199,-0.520505,-0.893403,-1.36572,1.66862,0.186684,2.90098,-1.6523,3.68477,0.234306,-0.820543,-1.21453,-1.20997,-1.40832,0.935854,-0.035012,-0.383485,0.053015,-0.139549,-1.07517,1.77458,-0.061346,1.44144,-0.773923,0.243472,-0.842424,1.12053,-0.449063,-0.33772,-0.652132,1.43676,-0.222865,1.8364,0.002581,-0.662569,1.82219,2.9853,-0.123769,-1.21032,-1.42047,1.13568,0.122979,-0.345164,0.669848,0.780321,-0.701966,3.61309,-0.456762,0.568771,-0.818977,0.201445,6.59484,3.41154,0.283063,-0.771349,-0.107442,-0.52007,-1.26084,-0.079175,3.56257,0.782227,1.74914,0.09321,-1.50025,-0.669854,3.24215,0.464866,0.218638,-1.67781,-0.610074,1.02048,-0.682089,-0.962886,1.19618,2.83912,0.23142,-0.55246,2.90298,-0.579892,-0.799611,0.567806,1.40646,1.85596,-0.970157,-0.439589,-1.28431,0.382996,0.220972,1.51794,-0.989557,-0.688896,-1.15503,0.723555,-0.34973,-0.711909,-0.644389,1.44921,-1.04215,1.30226
T,1.42068,-0.233566,-0.89842,-0.548534,-1.49183,-0.874949,-1.06498,-0.271967,-0.520939,1.617,0.942962,-0.627758,-0.715276,0.323774,-0.579499,1.40867,1.73399,-0.837261,2.4228,0.808159,-0.78995,0.224422,-0.591113,0.572083,-1.95405,-0.805379,2.07481,0.419861,0.323989,-0.506032,0.153541,0.093298,-0.439961,-0.416287,-0.497845,-0.13342,-1.17816,0.70162,-0.882695,-1.24872,-0.791997,0.430901,0.603608,-0.690278,0.900471,0.650785,-1.02122,0.48982,0.360343,-0.758551,-0.537487,0.257007,0.011674,-0.640628,1.16656,-0.075381,0.255384,-1.15274,-0.509823,-1.09549,1.9275,0.02653,-0.057062,-1.085,-1.4285,-0.029653,-1.03279,-0.174021,-0.152312,-0.237186,-0.576717,1.31118,-1.01482,-1.05256,-0.458423,0.391158,1.32066,-0.211881,-0.923503,-0.196919,-0.915815,0.472219,1.30394,-0.070341,-0.44058,-0.32657,-0.946789,0.093122,-0.213449,-0.394957,-1.16077,-1.05625,-0.83993,-0.400416,1.23231,-0.598973,-0.928487,0.709394,-0.693348,-0.79978
T,-0.562615,-0.690463,-0.559732,-0.214618,-1.17456,-0.398258,-0.321213,-0.444636,0.255263,0.170356,-0.505121,-0.528361,-1.06257,-1.17741,-0.300681,-0.367617,-0.172229,-1.08199,-0.473534,-0.454251,-0.693036,-0.424275,-0.677925,-0.433151,2.55737,-0.866368,-0.416589,0.865214,0.847983,-0.389548,-0.262139,-0.713825,-0.277806,-0.572995,-0.373484,-0.561704,-0.580685,-1.06327,-0.9646,0.140517,-0.249091,0.010377,1.94883,-0.444603,-0.784684,0.023792,0.537802,0.050995,-0.414545,-1.35136,-0.728221,-0.607253,-0.631502,-0.34868,-0.355675,-0.569224,-0.475139,-0.358779,0.658648,0.260246,-1.42802,-0.286605,0.261571,-0.872111,-0.480377,-0.605301,-1.11304,-1.08634,-0.650505,-0.123967,0.311776,0.208855,-0.952722,-0.336621,0.384647,-0.250617,-0.713649,-0.399245,-0.080656,-0.812384,-0.410025,0.193952,-1.02077,-0.764095,-0.744445,-0.25275,-0.054372,-0.380407,0.474554,-0.405833,-0.835064,-0.363967,-0.145989,-0.193613,-0.340602,-0.425994,0.474942,-0.208564,0.695638,-1.41582
F,-0.369677,-0.554915,0.412812,-0.456975,-0.293635,-1.06986,-0.031578,-0.079613,0.491293,-0.470747,-0.43189,-0.102198,2.40122,1.04572,-0.740699,-0.636863,-0.179145,-0.535105,-0.543854,0.51771,-0.540764,-0.415727,1.16178,0.687255,2.4392,-1.04073,0.739003,-0.008968,0.939303,-0.014391,0.029087,-0.563696,1.18997,0.298886,-0.485574,0.042208,-0.857176,0.877257,1.43253,-0.204837,-0.641511,0.240108,-0.590647,-0.264939,0.796393,0.383979,-1.40013,-0.347382,0.115084,-0.202532,-0.555996,-0.841167,-0.322727,-0.645225,-0.228997,0.05034,-0.465171,0.250238,-0.865773,-0.560637,-1.62357,0.955395,-0.608606,-0.641333,2.18481,-0.010431,-0.678639,0.564986,0.234402,-1.05202,-0.921035,0.646363,-0.738165,-0.714093,0.332939,0.204373,0.22968,-1.17528,0.152111,1.67918,-1.04894,0.959754,0.178768,0.395714,-0.318742,0.538522,-0.097172,-0.838086,-0.705003,0.710774,0.081985,0.277501,-0.197194,-0.165428,2.49165,0.035097,-0.240681,0.080744,-0.915484,-1.55443
F,-0.473066,-0.515079,-0.078355,1.32786,1.84781,-1.58942,0.025267,-0.598225,-0.148156,2.10404,-0.478556,1.05078,0.903603,-0.817929,0.294512,-0.842437,-0.540475,0.184856,-0.530883,-0.559741,0.759051,-0.000257,2.18022,0.276769,1.44656,0.751606,-0.38437,1.1154,-0.23792,0.266213,0.202442,-1.60187,0.059749,2.76987,-0.266949,-0.331441,0.843109,-0.031639,2.79728,-0.81748,0.881466,-0.59691,-0.936176,0.411508,-0.333782,-0.382675,1.28854,-1.03604,-0.439944,0.366568,0.586593,-0.564479,-0.109993,-0.515894,0.532539,-0.211731,-0.477064,1.71078,1.31212,-0.055866,-1.00473,-0.55806,-1.13225,2.75147,2.74187,-0.341175,1.08601,0.235178,0.398087,1.28316,-0.700245,-0.88612,-0.054046,1.43655,-0.637245,-1.35818,0.76057,0.391392,1.51655,3.91446,0.909738,-0.405131,-0.201446,0.619883,1.47661,-0.517742,0.922152,-0.937156,-1.37027,-0.026349,0.345635,0.557417,0.680454,-0.138866,0.254199,0.133688,0.082194,-1.27243,-0.504626,0.397355
F,0.081127,-0.266925,0.006361,1.21414,1.59438,-0.456926,1.91496,-0.400578,0.91717,0.053721,-0.513532,0.108499,1.308,-0.771467,0.216737,-0.826115,-0.601517,0.150566,-0.419014,-0.582885,1.44295,-0.666223,-0.152366,-0.653284,1.21846,1.01475,0.162347,-0.236979,0.176313,2.42964,0.383019,-1.26823,0.210026,-0.486482,-0.541095,-0.639541,2.04954,-0.890886,0.618424,-0.515655,1.91867,-0.4781,-0.423776,0.373773,-0.188349,-0.429812,1.08655,-0.666473,-0.492916,1.56033,1.04623,-0.76986,-0.067421,-0.966491,0.109859,-0.656623,-0.53183,2.07711,1.66337,-0.133402,0.561641,-0.518124,-1.03652,1.12134,0.688562,-0.657181,1.42933,0.764377,0.588406,0.351114,-0.346482,-0.591717,0.469707,1.47631,-0.496324,-0.981526,0.266379,-0.956312,-0.061324,2.92645,0.73835,0.641149,-1.1568,0.766703,0.026398,-0.549265,1.43258,-0.041444,-1.09664,-0.400832,0.429458,0.628253,3.73065,-0.602605,1.06205,0.864792,1.09252,0.225827,-1.1846,-0.149115
F,-0.655105,-0.429296,-0.425254,-0.584133,0.432009,-0.660685,0.416592,-0.636524,-0.193001,-0.742953,-0.55062,-0.297108,-0.540711,-0.793103,0.203122,-0.531951,-0.491548,-0.476395,-0.35734,-0.52529,0.635773,-0.198136,0.035883,-0.735262,-0.825118,-0.819523,-0.648265,0.512784,-0.422035,-0.212707,-0.18139,-1.00704,0.283006,-0.813603,-0.440059,-0.199768,-0.45726,-0.628314,-0.792274,-0.145233,-0.146255,0.320397,-0.121387,-0.221972,-0.690814,-0.953381,0.231531,-0.486344,-0.409559,-0.685217,0.870988,-0.471567,-0.600027,-1.04254,0.101683,-0.278976,-0.417602,-0.932173,0.387355,0.594152,1.04752,-0.323159,-1.30375,-0.179973,-0.670596,-0.27134,-0.5474,0.058351,-0.775429,0.391166,0.450971,-0.6551,0.044498,-0.001762,0.118896,-0.604053,-0.255967,-0.127989,-0.662244,0.071637,-0.40231,-0.269928,0.301579,-0.966222,0.383909,-0.464095,-0.081941,-0.060916,-0.59628,-0.854397,2.16394,0.32391,0.842587,-0.753334,0.747313,-0.487606,0.156902,-0.637926,-0.734643,-0.581058
F,-0.397873,-0.433723,0.528064,-0.198204,-0.346398,-0.705212,0.232233,-0.630073,1.85521,-0.762319,-0.483056,1.31009,-0.374471,0.127738,-0.608285,-0.681127,-0.553464,0.50669,-0.548018,-0.088911,-0.570381,-0.805792,0.270275,-0.482294,-0.038327,-0.599079,-0.3807,0.342707,-0.199833,-0.586421,-1.03254,-0.63764,1.03621,-0.203385,-0.544185,-0.71529,1.05127,-0.498933,0.172333,1.03569,0.359419,-0.209222,-1.01839,-0.503975,-0.250217,-0.701902,-0.671729,-0.595319,-0.17727,-0.364097,0.477315,-0.422569,-0.49693,-1.25074,-0.866013,-0.640069,-0.441121,-0.106557,-0.953837,0.090427,-0.544791,-0.735269,0.761905,-1.15898,-0.229486,-0.631725,-0.162939,0.849417,0.483425,0.80192,-0.565941,-0.369068,1.10349,-0.852206,0.243637,-0.517423,-0.370015,-0.817323,-0.946955,0.751847,-0.603739,-0.295427,0.30722,-0.384797,-0.165445,-0.54508,-0.501927,-0.563918,-0.613246,-0.291442,0.436634,0.812587,-0.369108,-0.312366,-0.505285,-0.70462,0.703119,-0.09657,-0.999728,-0.328739
F,-0.323774,-0.334707,2.20629,-0.290194,0.567305,0.224089,0.435295,-0.955713,2.08404,-0.745192,-0.494472,0.65257,1.25399,1.165,0.391059,-0.610598,-0.471444,2.25544,-0.477601,-0.541645,-0.426316,-0.757564,0.709312,-0.567446,0.218511,-0.286154,-0.342396,0.020213,0.821149,1.75571,-1.19396,-0.548946,1.66694,-0.172365,-0.077332,-0.804326,-0.533804,-0.159714,0.381286,4.43766,-0.576817,-0.790538,-0.183375,-0.891839,0.360756,-0.636032,0.944821,-0.458287,-0.448058,-0.081515,1.24346,-0.624951,-0.286099,-0.650041,-0.445585,-0.803063,-0.527748,1.21525,-0.574611,1.14198,-0.570556,-0.491642,0.445482,-0.62633,0.796335,-0.805248,-0.620799,1.66406,0.14761,0.217156,-0.774868,0.176166,2.16079,0.045694,-0.196461,-0.518915,-0.637359,-0.972629,-0.874782,0.272882,1.31075,-0.730599,1.0026,1.03567,-0.944354,-0.535722,-0.669919,0.321418,0.438688,0.819095,0.527162,-0.233445,-0.157546,0.25592,-0.332317,0.070355,1.38878,-0.373561,-0.062924,-0.668044
