Attr3252,Attr4847,Attr4196,Attr1882,Attr6041,Attr1834,Attr1745,Attr2111,Attr1779,Attr1829,Attr3320,Attr2288,Attr6201,Attr1674,Attr2121,Attr2402,Attr6919,Attr4366,Attr6005,Attr6806,Attr2363,Attr4951,Attr6281,Attr2020,Attr235,Attr6803,Attr1260,Attr760,Attr2546,Attr2642,Attr4973,Attr6225,Attr4052,Attr6797,Attr6855,Attr4328,Attr2354,Attr1249,Attr4653,Attr4229,Attr6967,Attr3183,Attr3847,Attr6373,Attr1291,Attr4936,Attr6185,Attr804,Attr2739,Attr1239,Attr5833,Attr4377,Attr2441,Attr2063,Attr6200,Attr2335,Attr6184,Attr3258,Attr6561,Attr461,Attr922,Attr5683,Attr3714,Attr4291,Attr6376,Attr5637,Attr4107,Attr2186,Attr1598,Attr1400,Attr4373,Attr1615,Attr4167,Attr6539,Attr1369,Attr157,Attr6584,Attr1394,Attr1928,Attr4389,Attr490,Attr1144,Attr2242,Attr6405,Attr6347,Attr5772,Attr3469,Attr5280,Attr173,Attr6847,Attr5501,Attr1685,Attr88,Attr5552,Attr1157,Attr343,Attr6761,Attr283,Attr2043,Attr4188,class
-0.724608,-0.661837,-1.05983,-0.504374,0.036936,-0.457315,-0.590146,-0.997159,-0.527772,-0.714318,-0.220595,-0.587803,-0.532485,-0.831279,-0.604218,-0.423939,-0.729239,-0.631178,-0.914758,-0.748313,-0.944004,-0.936091,0.749782,-0.71722,-1.07082,-0.848447,-1.58663,-0.452677,-0.502294,2.29205,1.1624,1.78781,-0.5894,-0.680772,0.392286,0.014207,0.756351,-0.878335,0.182606,-0.738373,-0.828451,-0.194411,0.016964,-0.094701,-0.399007,-0.412967,-0.740211,0.541643,0.079026,0.321755,-1.28953,-0.49319,0.118397,-0.38816,-0.409105,0.911073,0.408718,-0.575296,0.049609,-1.03009,-0.490516,0.351367,-0.543627,0.650962,-0.639621,-0.60562,-0.549095,-0.794096,-1.14667,-0.249485,-0.522085,-1.2884,1.61509,-0.809134,-1.23982,-0.004245,0.561964,-0.544772,0.84065,1.35418,1.33268,-0.000996,-1.3708,-0.678444,2.41914,0.282473,-0.290697,-0.914786,-1.01935,0.046669,2.75874,0.254709,-0.861864,1.28494,-0.570021,-0.92918,2.58992,0.051897,-0.631272,-0.850796,T
-0.589524,-0.667077,0.008703,-0.327348,-0.577946,-0.851959,-0.280799,1.10518,-0.540885,-0.192467,-0.408508,-0.514951,0.382085,1.04445,-0.293615,-0.50399,-0.484845,-0.221208,-0.049944,-0.151483,-0.086804,0.514732,-0.099772,0.322441,-0.687197,0.056059,-0.572685,-0.249236,-0.617485,-0.678366,-0.208466,-0.859096,-0.465831,0.245112,-0.251822,0.075228,-0.210373,0.554962,-0.193466,-0.039015,0.033647,-0.093982,-0.869876,0.018324,-0.10279,-0.140462,0.24075,-0.079822,-1.2978,0.952236,0.179843,-0.441591,0.416925,-0.643596,0.055985,-0.905884,-0.163314,-0.587984,-0.838236,-0.567175,0.412081,1.751,-0.557562,0.789463,-0.197157,-0.255953,-0.493797,0.134148,-1.09971,0.112272,-0.305015,0.086099,-0.284158,-0.807527,0.651247,-0.410461,-0.625366,0.483084,0.069,-1.02625,2.3862,0.534197,-0.375421,-0.319136,-0.835864,-0.812226,0.27248,-0.490993,-0.066287,-0.951474,-0.578533,-0.353399,0.510149,-0.136673,0.218466,-0.432573,1.36566,0.50112,0.422411,-0.122138,T
-0.640081,-0.6691,-0.986148,-0.516731,-0.80118,-0.393879,-0.96515,-1.28755,-0.554255,-0.877052,-0.015344,-0.610309,-0.543186,-0.796445,-0.121384,-0.354506,-0.652163,-0.474006,-0.070474,-0.437522,-0.971744,-0.261234,0.322379,0.306202,-1.26812,-0.122842,-1.55987,-0.43541,-0.746725,-0.766407,-1.16287,-0.5315,-0.751157,-0.149671,-0.625058,1.86589,0.636029,-0.941097,1.03128,-1.45801,-0.744678,-0.177073,0.722164,-0.001,-1.7503,-1.46233,-0.35483,1.49521,0.766965,1.17105,-0.974438,-0.988918,2.55084,-0.942728,-0.49866,-1.24427,0.845823,-0.539666,0.030975,-1.29619,-0.587689,-0.996192,-0.538032,1.78329,-0.762253,0.077281,-0.718251,-0.659566,-0.645477,-0.37343,-0.557673,-1.00029,1.4705,-1.02298,-0.3672,0.129627,0.317595,-0.418671,2.88487,-0.509649,2.27833,2.02583,-1.14275,-0.511454,0.253612,0.831413,1.61841,-1.04312,-1.27169,0.259483,-0.040387,0.001566,-0.36956,-0.360165,-0.438973,-0.608717,1.11437,1.00915,-0.583152,0.450212,T
-0.58836,-0.383181,-0.966607,-0.604415,-0.328328,-0.266203,0.184016,-0.860332,-0.537684,-0.349703,-0.423074,-0.591665,-0.54047,-0.56639,-0.712532,-0.399844,-0.662902,-0.933657,-0.133764,-0.561231,-0.449502,-0.640638,0.379488,-0.147056,-0.155497,-0.550678,-1.2317,-0.464159,-0.52584,0.850271,0.875066,0.808159,-0.265795,-0.593958,0.828586,0.355135,0.971302,-0.725997,0.074797,-0.387676,-0.748538,-0.517994,0.220859,-0.202895,-0.37199,-0.048122,-0.722768,-0.012533,0.527872,0.068475,-1.27459,-0.709168,1.30552,-0.649528,-0.476836,0.550132,0.509054,-0.515515,0.518655,0.725774,-0.741784,-0.864513,1.0743,-0.155342,-0.464914,0.40269,-0.344317,-0.640495,-0.696667,-0.467532,-0.571177,-1.13551,0.045091,-0.697492,0.131387,0.296629,-0.395721,-0.834004,0.75934,0.622075,-0.408326,-0.30018,-1.16576,-0.404489,0.396707,1.46889,-0.425122,-1.04332,0.114897,-0.216052,0.628256,-0.335193,-0.275172,0.100043,-0.365621,-0.374186,0.344782,-0.031972,-0.533538,-0.772216,T
-0.657389,-0.420005,1.57688,-0.577211,-0.252778,-0.188082,-0.184782,-0.20985,-0.380975,0.069398,-0.546663,-0.413875,-0.582557,-0.265192,-0.692148,-0.402617,0.226273,0.04837,-1.32989,-0.067157,0.426057,-0.673621,0.849345,-0.644055,-0.489387,-0.066341,-1.14576,-0.371676,-0.02645,0.813373,1.4909,0.524012,-0.138044,0.024584,0.304736,0.910636,0.121598,0.291625,-0.211152,0.025053,-0.252114,0.275484,-0.899909,-0.937002,0.138579,0.08732,-0.426334,-0.395435,-0.633602,0.870425,-0.148384,0.72038,1.04754,-0.356452,-0.457344,1.39083,0.337293,-0.320473,-1.29311,-0.818553,-0.364942,-0.937344,-0.39823,1.8694,-0.348136,-0.533116,-0.272866,-0.896591,-0.242067,0.282486,-0.219875,0.069189,1.14466,-0.623797,-0.130113,-0.608296,-1.26499,-0.710571,0.517995,2.38832,-0.119112,-0.242407,-0.284379,-0.746973,0.413373,0.385429,-0.95078,0.219896,0.057636,-1.19025,0.165758,-0.250934,-0.829459,0.744408,-0.301396,0.689937,-0.606726,0.69981,-0.461198,-0.484763,T
-0.595599,-0.626451,-0.884298,-0.339436,-0.610114,-0.653673,-0.535866,-1.26471,-0.500839,-0.732004,-0.527014,-0.469759,-0.53431,-0.767445,-0.43353,-0.392244,-0.157987,-0.438063,-0.341953,0.040487,-0.896146,-0.091873,0.020094,-0.517678,-0.08669,-0.128933,-0.458886,-0.374136,-0.748703,-0.833752,-0.221841,-0.671317,-0.8255,-0.01604,-0.237115,0.437184,0.012864,-0.926682,0.138656,-1.03305,-0.221612,-0.616846,-0.402788,0.059294,-1.31175,-1.56562,0.227832,0.476815,-0.848471,0.023369,-0.344894,-0.949259,0.600479,-0.659072,-0.450308,-0.816196,1.61161,-0.926414,0.530822,-0.279721,-0.153247,0.308549,-0.542465,0.019048,-0.035539,0.477563,-0.677361,-0.791146,0.228618,-0.762411,-0.395929,-1.18145,0.458709,-0.719085,-1.09456,-0.17449,0.588205,-0.500506,1.38447,0.084975,0.902521,2.25046,-0.060008,-0.222011,-0.214945,0.296857,0.626106,-0.753094,-0.074282,0.095976,-0.586428,-0.086735,-0.333963,-0.640661,0.032685,-0.609024,-0.015682,-0.407096,-0.460973,-0.602966,T
-0.521803,-0.76256,-0.955245,-0.584201,-0.647152,-0.677404,-0.542944,-1.02369,-0.534178,-0.24752,-0.261331,-0.577604,-0.550643,-0.9869,-0.07306,-0.408144,-0.675489,-1.01676,-0.279364,-0.651577,-0.423158,-1.19795,-0.206691,-0.248509,-0.14576,-0.590074,-0.839258,-0.461351,-0.4709,0.752503,-0.600293,1.11965,1.97658,-0.628738,-0.055506,1.05595,0.355072,-0.582824,0.499559,-0.545367,-0.763879,-0.49719,1.26688,-0.251129,-0.547112,-0.025511,-0.681968,0.440547,1.42163,-0.460853,-0.764888,-0.781879,0.222504,-0.77027,-0.437657,0.261995,1.92858,-0.35427,0.715366,0.09838,-0.530793,-0.742128,2.0269,-0.509378,-0.207828,0.33642,-0.529302,-0.501198,1.39324,0.120645,-0.369464,-0.828438,0.23464,-0.45636,-1.15779,0.120366,-0.131675,-0.773549,0.391863,0.083379,0.150246,-0.334498,-0.819822,-0.501853,0.070197,0.642716,-0.450356,-0.925785,0.18139,0.259018,0.371007,-0.63752,-0.261406,0.776581,-0.569521,-0.429703,-0.303408,-0.202013,-0.548713,-0.196328,T
-0.514842,-0.922927,-1.04071,-0.586408,-1.04486,-0.27135,-0.640702,-0.446094,-0.563624,-1.2218,0.523796,-0.664502,-0.493004,-0.441669,-0.368266,-0.322111,-0.646943,-1.00981,1.24468,-0.397245,-1.07833,0.084071,-0.360325,0.500426,0.023765,-0.36474,0.499784,-0.42548,-0.4335,0.412889,1.12953,0.147174,-0.708179,-0.406691,1.18704,-0.420616,0.104674,-0.918197,1.50699,-0.601558,-0.853087,0.339516,-0.173667,1.11639,-0.614343,-0.809659,-0.726111,0.657472,-0.008484,-0.67875,-0.115038,-0.742385,0.76367,-1.02776,-0.47061,0.67312,1.35509,-0.452848,1.04194,-0.555058,-0.606329,-1.14343,1.5362,-0.03371,-0.561982,-0.857923,-0.556014,-0.650297,0.037152,-0.734989,-0.55601,-0.688359,0.530129,-0.217515,-0.920887,-1.13439,0.086731,-0.680237,1.04644,0.241375,-0.231168,0.184719,-1.46307,-0.461255,0.633071,1.08006,-0.373672,-0.97397,-0.835434,0.369998,1.51397,0.488812,0.430419,2.21734,-0.240342,-1.09438,2.58426,0.583286,-0.205669,-0.976082,T
-0.731869,-1.01329,-0.876502,-0.515508,-0.801062,-0.892837,-0.844228,-0.320043,-0.552197,0.089708,-0.655545,-0.578807,-0.531316,-0.329927,-0.143726,-0.361603,-1.11035,-0.292032,0.235613,-0.405459,0.117503,1.01872,1.65138,-0.686479,-1.51679,-0.270796,-1.31274,-0.505942,-0.601477,-0.856522,0.292861,-0.883807,-0.885639,-0.328597,0.249824,1.74458,1.42984,-0.817843,-0.692213,-1.01919,0.45333,0.887558,-0.683127,-0.273866,-0.882109,-0.929476,-0.041007,2.0613,-0.420048,0.507785,-1.22212,-0.622175,1.37169,-0.924945,-0.482132,-0.985417,-0.585031,-0.903485,0.010913,-2.0953,-0.53266,0.044383,-1.06202,3.06478,-0.129091,0.929859,-0.741275,-0.375512,-1.55033,-0.836267,-0.381637,-1.23604,0.436035,-1.0817,0.520578,-0.26254,1.17427,-0.022168,2.65415,-0.120144,2.54297,3.79036,-0.768199,-0.631812,-0.240493,0.506947,1.01262,1.77464,-1.24958,-0.315278,-0.039684,-0.466548,-0.587163,-0.551829,-0.236865,0.870029,0.850364,2.06456,-0.554669,0.150498,T
-0.591766,-0.505337,-0.730224,-0.459045,-0.719518,-0.516725,-0.804795,-0.620419,-0.458701,-0.906874,-0.146853,-0.484019,-0.485352,-0.934018,-0.431831,-0.538567,-0.375318,-0.481535,0.55054,-0.382855,-0.682096,0.372122,1.55228,-0.219165,-0.698552,-0.321957,-0.41124,-0.361058,-0.167609,-0.748752,-1.2572,-0.99297,-0.880344,-0.497318,-0.697631,0.902733,-0.16876,-0.392778,-0.311098,-0.774157,-0.338532,-0.956744,0.242223,-0.356672,-1.39689,-1.33663,-0.588377,0.987127,-0.837245,0.658408,-1.07079,-0.674885,-0.115316,-0.328097,-0.479704,-0.867781,0.465251,-0.271975,-0.571525,-0.525834,-0.255067,0.138508,-1.05728,0.89052,-0.647488,0.323047,-0.573591,-0.694954,-0.058843,-0.659621,-0.419566,-0.940772,0.562529,-0.706229,-0.821737,-0.640786,-0.574951,-0.657551,1.55967,-1.19432,0.70502,2.32742,-0.301704,-0.433134,-0.525513,-0.496381,0.66546,-0.427131,-0.431444,-1.1721,-0.801339,-0.52775,-0.128967,-0.618306,-0.394601,-0.695125,-0.526256,1.54858,-0.416296,0.085769,T
-0.601857,-0.839667,-0.656524,-0.618261,-0.782856,-0.663117,-1.00243,0.029994,-0.526945,-0.874858,-0.868556,-0.52951,-0.349304,-0.776495,-0.594995,-0.431634,-0.575177,-0.701095,-0.471483,-0.664264,-0.092948,0.188745,2.02074,-0.653869,-0.925571,-0.670641,-0.504708,-0.495054,-0.606376,-0.903864,1.10521,-0.880179,-0.814134,-0.670057,-0.522241,1.48301,1.19792,-0.75189,-0.58817,-0.909979,-0.77563,-0.27152,-0.172464,-0.513427,-0.888318,-1.594,-0.68107,0.782958,-1.12293,0.070697,-0.400301,-0.712319,1.1188,-0.612267,-0.428866,-0.923623,-0.12586,-0.931116,-0.429727,-0.97255,-0.601208,-0.202578,-0.70738,1.92793,-0.794707,-0.583627,-0.63652,-0.5745,-0.640186,-0.77755,-0.583839,-1.18791,-0.215947,-0.791121,-1.1667,-0.568441,0.332882,-0.223964,0.381704,-0.183931,1.13045,2.00403,-0.502064,-0.448627,-0.726229,0.086358,1.34707,1.57495,-0.836958,-0.620569,-0.250737,-0.599148,-1.02192,-0.2017,-0.599516,0.147384,1.48184,0.378938,-0.54701,-0.726884,T
-0.518583,-0.493653,0.753624,-0.511291,-0.735316,-0.013173,-0.324408,-0.648971,-0.259542,-0.385489,-0.532135,-0.435433,0.150087,0.887808,-0.405045,-0.306158,-0.481914,0.209987,0.313724,0.329881,-0.084548,-1.10119,0.249493,-0.895633,0.384006,0.266369,0.649602,-0.295517,-0.19476,-0.059232,-0.595198,-0.061543,-0.915565,-0.104907,-0.527177,-0.919815,-0.345572,0.206813,-0.044336,-0.44887,-0.801858,-1.35447,-0.678294,-0.196499,0.040647,-0.368088,-0.813234,-0.727189,-0.52307,-0.789076,-0.344583,-0.361781,0.0215,-0.005448,0.075853,-0.014373,-0.596227,-0.486029,0.064364,-0.191876,-0.07631,-0.291975,-0.440379,-0.408063,-0.127473,-0.919667,0.174506,0.647669,0.855318,-0.604945,-0.526627,-0.250359,-0.744075,-0.17211,0.359629,-0.592534,-0.559261,-0.081321,-0.215879,-0.595108,-0.422025,-0.612139,1.21392,-0.387142,-0.965296,-0.98951,-0.416939,-0.239684,0.450333,-0.093389,-0.76052,-0.001631,-0.619013,0.380283,-0.459013,-0.448275,-0.852794,-0.103293,-0.01394,-0.496109,T
-0.720782,-0.409749,-0.297429,-0.580581,-0.354607,-0.768085,-0.740875,-0.375565,-0.536069,-0.902743,-0.820459,-0.534376,-0.579023,-0.731158,-0.885089,-0.541266,-0.892798,-0.696828,-0.060869,-0.895565,-0.608957,-1.00712,0.898514,-0.982224,-1.09098,-0.907291,-0.687702,-0.521452,-0.420534,0.746494,0.072196,0.120659,-0.529012,-0.945397,1.15173,2.07228,3.09462,-0.351085,-0.766659,0.038032,-0.500226,-0.555163,-1.01279,-0.877834,-0.342305,0.985624,-0.49944,2.20634,1.23237,1.61986,-0.347644,-0.449584,1.40152,-0.098525,-0.496313,1.31243,0.217274,-0.507924,-0.744939,-0.918195,-0.516481,-0.57531,-0.502944,1.00313,-0.573541,-0.197853,-0.376334,-0.343767,-1.04251,-0.534856,-0.334103,-0.399485,1.30657,-0.806638,-0.437218,-0.633657,-0.529158,-0.276922,1.40196,1.40962,0.775825,0.159088,-0.643041,-0.832139,2.42381,1.06528,-0.957749,-0.082802,-0.84274,-0.968558,1.54203,2.37509,-0.97966,2.41896,-0.600765,0.097285,1.47967,-0.678606,-0.600384,-1.24786,T
0.538875,-0.617624,-0.259428,-0.410996,-0.571094,-0.701584,-0.275049,-0.956952,-0.517813,0.338396,-0.588769,-0.533214,-0.576365,0.428941,-0.247696,-0.416659,-0.574429,0.108935,-0.803224,0.133964,-0.91655,-1.58213,-0.674661,0.205633,-0.638291,0.107533,-1.32936,-0.360509,-0.96996,-0.908296,0.449862,-0.996564,-0.805162,0.03763,-0.456301,-0.593177,-0.480368,-0.755831,-0.758251,-0.730773,0.716782,-0.422266,-0.592937,0.507969,-0.4494,-1.30716,0.400751,-0.459888,-0.628466,0.235555,-1.03369,-0.34847,1.66457,-0.631851,-0.484199,-0.880959,-0.198025,-0.359413,-0.681127,-0.873769,-0.486225,0.754007,-0.274761,0.883732,-0.034967,-0.533275,-0.711147,-0.866308,0.069917,-0.351956,-0.366799,-0.810562,0.107636,-0.448263,0.190421,-0.629651,-0.533485,-0.626353,-0.314814,1.23769,0.705676,0.497909,-0.146771,-0.499508,1.08363,-0.574094,0.416656,-0.665658,-0.330871,-1.04782,0.158605,-0.773931,-0.613892,-0.909045,-0.107049,-0.167578,1.08067,-0.016521,-0.377517,-0.100165,T
-0.757284,-0.299676,-0.416874,-0.55176,-0.666509,-0.969667,0.006577,-0.604931,-0.486394,-0.378008,-1.09896,-0.564679,-0.59817,-0.372833,-0.399029,-0.481846,-0.82761,-0.502092,-0.356659,-0.742285,-0.235191,-0.134072,1.72033,-1.32951,-1.07546,-0.759995,-1.32812,-0.486126,-0.486221,0.921673,1.6967,0.867103,-0.164533,-0.854824,1.8152,1.77231,2.38779,-0.190643,-0.688844,0.333794,0.189086,-0.56759,-1.01867,-0.882623,0.145692,0.556357,-0.345775,0.363221,-0.821055,2.8204,-0.007732,-0.485047,1.39502,-0.652667,-0.475475,1.19909,-0.390629,-0.152445,-1.14358,-0.575546,-0.63543,-0.693852,0.367449,0.694946,-0.474014,-0.735355,-0.610053,-0.527026,-1.57547,0.325213,-0.368867,-0.397253,1.47969,-0.684237,-0.287529,-0.676614,-0.548104,0.032819,0.325591,1.41769,-0.250774,-0.02423,-0.396937,-0.974691,1.55655,1.27171,-0.86684,-0.385555,-0.347334,-1.83378,1.26994,1.14139,-0.673081,0.994244,-0.503085,0.184171,0.208169,-0.928043,-0.607036,-0.774902,T
-0.698955,-0.300419,-0.68444,-0.548036,-0.876255,-0.533595,-0.662256,-1.2341,0.080182,-0.725963,-0.602,-0.519515,-0.584944,-1.14633,-0.399118,-0.475932,-0.45318,-0.872116,-1.26154,-0.719272,-0.601505,-1.72166,1.10359,-0.584887,-1.15569,-0.764749,-0.605501,-0.451677,-0.590382,0.285088,-0.400694,0.72987,-0.541759,-0.660801,0.542811,1.36623,0.128786,-0.814994,-0.05546,-0.740757,-0.394778,-0.541896,-0.927178,-0.575578,-1.18064,-0.030668,-0.696189,0.072262,-0.517762,0.393098,-0.714904,-0.56333,0.088259,-0.617552,-0.463353,1.01973,0.529741,-0.751219,-0.262172,-1.15831,-0.678399,-0.845613,-1.01128,1.00536,-0.62365,-0.583406,-0.616018,-0.846208,-0.81248,-0.496771,-0.538739,-0.739877,1.65168,-0.318765,-0.749118,-0.552862,-0.043615,-0.710731,0.345497,1.56693,0.346307,0.924778,-0.666026,-0.59008,0.879787,0.884467,-0.655452,-0.731797,-0.563072,0.422711,1.28709,1.42003,-1.03822,0.230251,-0.526672,0.501175,0.85195,-0.676335,-0.580577,-0.975341,T
2.91627,-0.363784,-0.781816,-0.509996,1.59733,-0.622442,-0.520509,0.279492,-0.322968,-0.013585,0.36678,-0.561379,-0.560959,0.194485,0.357167,-0.577168,0.277198,1.0839,-0.335061,-0.715427,2.62833,1.09308,-0.693301,1.04402,1.62065,-0.718917,0.801511,-0.535443,3.56737,-0.921444,0.98119,-1.11848,-0.014409,-0.673386,-0.272468,-0.400783,-0.402112,-0.683947,0.688698,-0.144217,0.438451,1.91445,-2.07495,-0.549781,0.169916,1.33844,1.2664,-0.02461,-1.34347,0.986683,-0.746131,-0.60238,0.037825,0.160602,-0.50634,-1.03253,-0.375286,-0.415525,0.817033,-1.30417,-0.486093,2.57456,-2.03848,1.50776,-0.553822,0.23277,0.679228,-0.605705,0.303149,-0.481185,-0.117539,-0.678312,-1.01952,0.298443,2.34533,-0.279566,-1.47483,-0.312463,2.30006,0.671418,1.73603,-0.589948,-0.398389,-0.584335,0.843437,1.95726,1.10587,-0.474872,-0.437948,0.732208,0.150932,-0.512945,1.95027,-0.309653,-0.492199,2.08067,0.747786,-0.051401,-0.640034,0.587297,T
-0.539429,-0.546299,-0.659833,-0.539016,-0.766067,-0.52521,-0.218304,-1.21773,-0.489017,-0.608499,-0.438071,-0.492221,-0.55335,-0.07089,-0.867082,-0.575827,-0.640338,-0.298506,-1.39263,-0.399403,-0.684936,-0.809179,0.748316,-0.396031,-0.445993,-0.555493,0.22807,-0.490809,-0.839213,0.20813,-0.509002,-0.208351,-0.989008,-0.547775,0.308799,-0.755871,-0.674308,-0.403761,-0.574444,-0.815934,-0.647106,-1.10343,-0.617281,0.007637,-0.529369,-0.953784,-0.496194,-0.304393,-0.19875,-1.0323,-0.05113,-0.678462,-1.10524,-0.415493,-0.454373,0.026532,0.477259,-0.135399,-0.36567,0.022242,-0.683631,-0.851796,-1.23006,-0.347937,-0.633413,-0.676248,-0.643892,-0.499236,0.213083,-0.575561,-0.259727,0.033407,0.255702,-0.645894,-0.592005,0.028446,-0.370574,-0.748941,-0.361491,2.09581,-0.30115,-0.577835,-0.391072,-0.427141,-0.18086,-0.698483,-0.667146,-0.338271,-0.791077,0.266384,-0.624257,-0.878162,-0.445055,-0.857942,-0.506652,-0.29841,-1.03044,-0.893779,-0.06579,-0.55034,T
-0.662931,-0.404501,-0.555679,-0.577883,-0.699016,-0.507337,-0.926554,-0.939195,-0.438579,-0.735121,0.12718,-0.505214,-0.592175,-0.994,-0.598722,-0.543318,-0.642248,-0.824183,-0.514596,-0.634738,-0.483335,-0.356457,0.554059,-0.064922,-0.593563,-0.727046,-0.713379,-0.455653,-0.483637,-0.002322,-0.166048,2.19141,-0.4333,-0.707338,0.368308,1.62655,-0.1784,-0.520905,-0.415577,-0.644456,-0.851804,-1.16464,0.410448,-0.795797,-0.742069,0.380733,-0.807812,-0.086024,-1.24038,0.683598,-0.283696,-0.664458,-0.387957,-0.329496,-0.463864,0.766397,0.398602,-0.189983,-0.567948,-0.024627,-0.531406,-1.23886,-0.150455,-0.094127,-0.680095,-0.503694,-0.444731,-0.92841,-0.360597,-0.843158,-0.556239,0.256396,-0.224771,0.414719,-1.00757,-0.692909,-1.22623,-0.795396,-0.238549,-0.304903,1.29904,1.09774,-0.675332,-0.018574,0.404524,0.4852,-0.528281,-0.575349,-0.688014,-0.895309,0.908928,1.76832,-0.862109,1.68292,-0.465556,-0.559762,-0.009895,-1.11142,-0.361018,-0.686938,T
-0.91946,-0.509802,-1.12692,-0.559032,-0.507527,-1.12954,-0.603061,0.152384,-0.510095,0.213297,-1.01444,-0.565584,-0.611622,0.278615,-0.458318,-0.730848,-1.0902,-1.12297,-1.14815,-0.740895,-0.901994,0.391083,2.8961,-0.89784,-1.75246,-0.785746,-2.31948,-0.627401,0.01822,1.37654,1.41036,2.18808,0.565147,-0.743548,3.50334,1.51086,0.970998,-0.254353,-1.25954,-0.421124,-0.993184,1.58269,-0.796863,-1.30014,1.08265,0.113724,-0.93292,3.47173,-1.47678,2.76319,-0.461222,-0.42457,1.67037,-0.971307,-0.481833,2.92089,-0.823475,-0.14714,-1.30394,-3.0021,0.113877,-1.42219,-0.606455,1.80956,-1.05224,-0.11284,-0.910728,-0.741902,-2.26995,-0.587867,-0.470697,0.651003,1.56901,-0.095686,0.442732,-0.783144,-1.65752,0.003616,1.58471,0.647066,1.11482,1.4514,-1.68064,-0.736254,1.7867,1.61671,-1.46109,-0.245358,-1.01803,-1.5208,3.19439,2.22351,-0.625282,2.24651,-0.76134,1.63341,2.52944,-0.426559,-0.256214,-1.74247,T
-0.571671,-0.738108,-0.464792,-0.559726,-0.63401,-0.499303,-0.363448,-0.305829,-0.527055,-0.473473,-1.09464,-0.504714,-0.554074,-1.30868,-0.943521,-0.488763,-0.78147,-0.951287,0.101955,-0.727302,-0.705302,-1.43202,1.36519,-1.60337,-0.630939,-0.804971,0.659955,-0.415213,-0.755007,-0.038586,2.81561,-0.245278,-0.228154,-0.80984,2.04246,1.07573,-1.00785,-0.340273,-1.84037,-0.554442,-0.697643,-1.185,-0.432017,-0.976633,0.215683,-1.73932,-0.770591,-0.724897,-1.05171,-1.25668,0.021108,-0.338909,0.857306,-0.503228,-0.411206,-0.671723,0.510279,-0.27125,-1.60795,-0.254056,-0.402255,-1.02626,-0.436737,2.34688,-0.357994,-1.44634,-0.533972,-0.039222,-0.244093,-0.748245,-0.624785,-0.772832,0.364021,-0.108168,-0.361574,-0.943155,-0.532521,-0.446969,-0.351682,0.51791,1.42641,0.117967,-0.16966,-0.384806,-0.611511,3.09781,-0.908872,0.216331,-0.641207,-1.40274,2.7242,-0.259385,-1.78343,0.646085,-0.557168,-1.89271,2.341,-1.56832,-0.486248,-0.698032,T
-0.655169,-0.693239,-0.953811,-0.554978,-0.673985,-0.481429,-0.592765,0.291351,-0.505859,-0.804491,-0.473055,-0.532166,-0.532875,-0.719519,-0.755386,-0.422369,-0.538584,-0.860831,-0.028861,-0.614326,-0.840186,-1.41896,-0.702947,-0.434621,-0.285279,-0.767803,-0.405159,-0.446697,-0.755818,0.914175,0.397786,0.726721,-0.903099,-0.623497,-0.825425,-1.0001,0.132223,-0.644439,-0.220399,-0.698935,-0.811082,-0.289096,-0.325404,-0.433798,0.136409,-1.64557,-0.756672,1.02681,-0.507916,-1.0198,-0.681555,-0.461371,0.62142,-0.502186,-0.412172,-0.225191,-0.015499,-0.307919,-0.470198,0.113789,-0.793952,-1.05849,-0.225927,-0.296216,-0.607269,-1.45744,-0.461354,-0.875538,0.317647,-0.768104,-0.381242,0.18678,-0.785578,-0.63522,-1.94597,-0.386921,-0.425329,1.16413,-0.35322,-0.380565,-0.529657,-0.396286,-0.376236,-0.425461,-1.12827,1.19862,-0.631734,-0.787053,-0.096712,-0.082288,-0.145967,-0.748277,0.722997,1.57933,-0.479478,-1.16401,-0.240894,-0.727429,-0.466241,-0.326664,T
-0.525202,-0.83004,-1.01361,-0.460224,-0.633928,-0.506903,-0.902299,-1.06233,-0.519131,-0.797645,-0.6119,-0.536753,-0.543722,-1.14548,-0.624085,-0.338051,-0.758917,-0.750107,-0.773698,-0.434432,-0.979461,-0.329007,0.280002,-0.241568,-0.07474,-0.393675,0.452131,-0.426037,-0.867977,-0.632559,-0.233685,-0.580638,-0.863174,-0.388213,-0.431336,-0.248433,0.311313,-0.774625,-0.36165,-1.20345,-0.670102,-0.993438,0.310244,-0.050706,-1.33128,-1.62409,-0.603921,0.471007,-1.09419,-0.385863,-0.865067,-0.878971,1.86027,-0.58181,-0.412969,-0.828476,2.12329,-0.884082,0.349029,-0.092608,-0.459603,-0.406613,-0.075195,0.196631,-0.292691,-0.105775,-0.537758,-0.941628,1.04076,-0.882815,-0.477954,-0.98581,0.67718,-0.351459,-1.19617,-0.624196,-0.296567,-0.588217,1.37462,0.148045,-0.102223,-0.208404,-0.076278,-0.346254,-0.06438,0.253972,0.515806,-0.844416,-0.066498,-0.169272,-0.63804,-0.55814,-0.704833,-0.459534,-0.526575,-0.928194,0.660463,-0.948495,-0.544712,-0.377305,T
-0.696862,-0.714273,-0.543013,-0.597168,-0.521962,-0.852195,-0.397372,-0.617924,-0.527181,-0.482278,-0.557627,-0.577855,-0.562868,-0.760499,-0.651686,-0.437027,-0.500471,-0.425336,-0.345895,-0.886703,-0.058331,-0.596828,0.371777,-0.475887,-0.290669,-0.94436,-1.30299,-0.446252,-0.122933,1.04144,1.41537,0.661728,0.897379,-0.967112,0.974917,0.332433,0.408134,-0.684064,-0.626207,0.162742,-0.707526,-0.430571,1.14741,-0.479479,-0.030319,-0.126706,-0.693127,1.17895,-0.174658,0.540532,-0.457137,-0.383294,1.25171,-0.724341,-0.533651,0.525941,1.16981,-0.463178,-0.429665,-0.227179,-0.898219,-0.361816,0.116896,0.526712,-0.751453,-0.784134,-0.649041,-0.522192,-1.05527,-0.030651,-0.484836,-0.84521,0.514325,-0.648705,-0.476809,0.033011,-0.006167,-0.787767,0.285144,1.49932,-0.077011,0.024648,0.110499,-0.779281,0.37912,1.60825,-0.617923,-0.461946,-0.324183,-0.285994,1.48588,-0.328542,-0.810284,0.021899,-0.425981,-0.14185,0.933095,-0.197042,-0.618923,-0.102964,T
-0.573825,-0.378206,0.154108,-0.587216,-0.837986,-0.441783,-0.938278,-0.866369,-0.501847,-0.712194,-0.140593,-0.535705,1.17053,0.461165,-0.619613,-0.466415,-0.675172,-0.668463,-1.04228,-0.747383,-0.566933,-0.880894,0.441323,-0.289141,-0.809233,-0.79268,-0.491876,-0.489464,-0.352426,0.737058,-0.051486,1.30572,-0.736326,-0.906487,-0.559359,0.351272,-0.551642,-0.790976,-0.046991,-0.514998,-0.849856,-0.727271,-0.191763,-0.492254,-0.192007,-0.273372,-0.822597,-0.305916,-0.117158,0.745806,-0.630327,-0.796619,0.59561,1.09755,0.698746,-0.053527,0.292154,-0.525165,-0.448305,-0.953699,-0.225492,-0.499753,-0.502751,-0.37935,-0.533798,-0.716562,0.220759,1.89127,-0.179281,-0.708528,-0.456788,0.034771,-0.014631,-0.262563,-0.017777,-0.357955,-0.484253,0.138856,0.107761,-0.405567,-0.303553,-0.551346,-0.481744,-0.200098,0.791666,-0.381647,-0.709226,-0.96549,-0.142237,-1.04771,-0.363707,0.062204,-0.954994,1.46547,-0.562561,-0.7366,-0.340432,-1.01271,-0.27223,-0.762261,T
-0.626539,-0.548824,-0.49244,-0.540056,-0.362371,-0.675491,-0.668186,-0.669669,-0.495368,-0.693172,-0.596864,-0.500713,-0.553711,-0.959499,-0.626244,-0.553718,-0.550049,-0.301115,-1.06608,-0.771587,-0.843261,-0.625226,1.11577,-0.914442,-1.03695,-0.85951,-1.24436,-0.472576,0.045068,1.8822,0.776985,2.43722,-0.722348,-0.8221,1.19638,0.128263,0.925626,-0.669652,0.018104,-0.34041,-0.712667,0.083569,-0.908626,-0.559001,-0.130358,-0.186765,-0.708712,-0.380005,-0.85692,1.01893,-0.067522,-0.288796,-0.514122,-0.522453,-0.471932,2.08083,0.514541,-0.490964,-0.812698,-0.252889,-0.362439,-0.702961,-1.26579,-0.91197,-0.583657,-1.01466,-0.642034,-0.588962,-1.08842,-0.40513,-0.396773,-0.05164,0.968031,-0.535444,-0.044048,-0.504628,-1.00041,-0.123034,-0.01983,0.818531,-0.391312,1.16844,-0.594926,-0.928165,0.253586,0.368041,-0.979346,-0.400091,-0.836323,-1.0001,0.076074,0.986959,-1.04963,1.13545,-0.433587,-0.815964,1.40841,-0.606565,-0.529781,0.036696,T
-0.411325,-1.16331,-0.966071,-0.524403,-0.857564,-0.501368,-0.218739,-1.7159,-0.524553,-0.624706,0.132343,-0.566986,-0.537857,-1.06942,-0.271557,-0.506723,-0.603527,-1.35948,-0.650847,-0.290006,-1.00687,-1.08669,-0.564275,-0.630502,-0.222911,-0.230171,1.29547,-0.382842,-0.342657,0.484456,2.18485,0.605533,-1.00942,-0.180929,0.22035,-0.503708,-0.150866,-1.00833,1.08951,-1.41173,-0.858437,-0.513227,-1.29324,-0.331738,-1.50447,-1.37218,-0.989375,0.290142,-0.063295,-0.596335,-1.79331,-0.588369,-0.326696,-0.788589,-0.510761,-0.097712,1.06681,-0.672154,0.665759,-0.138352,-0.604447,-0.495221,1.67849,-0.716133,-0.634337,-0.749328,-0.656228,-0.971416,1.91797,-0.533935,-0.54298,0.245794,0.387327,-0.799676,-1.66508,1.20637,-0.212519,-0.953349,0.122635,0.670492,0.002063,-0.534215,-0.581901,-0.088475,-0.505521,0.178488,0.234144,-1.48794,-1.24246,2.23562,1.18225,0.002703,0.096664,-0.009721,-0.125132,-0.641518,-0.078592,-0.456755,-0.62066,1.72564,T
-0.503443,0.497135,1.50277,-0.371543,0.0346,-0.346055,-0.185924,0.808576,-0.464909,-0.105826,0.34363,-0.501987,2.25285,1.00248,0.481295,-0.471322,-0.630242,-0.342864,-0.526339,-0.353414,-0.0438,2.02755,-0.609118,1.56493,-0.726051,-0.247221,-0.408005,-0.40297,0.518467,-0.965526,-0.550621,-0.98209,0.395891,-0.31671,-0.899859,-0.849488,-0.746203,2.89623,2.20394,-0.222661,-0.544757,0.773553,1.26127,0.666529,0.093633,0.345518,-0.154742,-0.411054,-0.362343,-0.361451,-1.55915,-0.089942,-0.699836,-0.270259,2.35323,-0.926215,-0.343729,2.16526,0.95627,0.882889,2.52696,1.5497,0.343366,-0.061956,0.633504,0.501308,0.321108,1.82321,-0.049014,-0.539771,-0.073435,-0.47891,-0.078728,1.63793,0.163536,2.80543,0.068946,2.22993,-0.466279,-1.86911,-0.486102,-1.08787,0.899218,-0.074071,-0.696923,-0.959702,-0.324186,-0.93791,-0.076666,0.569038,-0.87752,-0.943031,-0.373548,0.391152,-0.616616,0.51806,-0.963898,1.02665,-0.494825,0.440804,F
0.742518,1.27334,1.91828,0.694847,0.77855,0.47705,0.82956,-0.014928,-0.147408,0.301377,1.65205,1.50405,0.014045,0.094781,-0.12037,2.88258,2.22832,1.42557,-0.141229,0.304145,1.65618,0.568192,-0.407852,1.29221,0.70484,0.127027,0.873753,0.306755,-0.142505,-0.792131,-0.760018,-1.09321,1.96538,0.132105,-0.852113,-0.637892,-0.598403,-0.06019,-0.489818,1.03052,0.432929,-0.564586,2.58777,-0.344739,0.299621,0.518304,0.257317,-1.26286,-0.7143,-0.370306,0.978177,0.586174,0.046532,0.349574,-0.005767,-0.551284,-1.23827,0.622748,-0.662442,0.918177,0.513781,1.99224,-0.388614,-0.724108,0.442711,-1.016,0.016094,-0.694464,1.33072,0.916211,-0.01591,2.5914,-1.72054,1.71089,0.286744,-0.49382,-0.399906,0.980701,-0.852076,-0.007765,-0.812664,-0.588914,2.29689,0.503488,-1.07771,-0.639145,-0.588458,1.31365,0.012742,0.934188,-0.946899,-0.73105,-0.473757,-0.636558,-0.048486,0.741614,-0.973627,-0.40195,2.24646,0.950031,F
0.816265,2.72645,2.37374,1.86081,2.26823,1.38622,2.33883,1.47299,-0.482174,3.38292,2.8127,1.57243,0.562428,1.13347,2.13626,1.07148,0.742311,1.27604,2.57974,0.895899,1.31423,-0.172084,-1.49876,1.6955,1.44241,0.760552,2.56113,3.97682,0.306374,-0.861466,-1.50572,-1.20731,1.26804,1.06417,-1.05631,-0.704418,-0.952682,1.63902,0.302727,1.57151,2.39576,2.06103,1.76269,2.51611,1.69833,1.03062,2.95045,-0.632391,1.52465,-0.006764,3.48256,5.2679,-1.28013,-0.310424,0.274285,-0.99176,-0.826278,4.04684,0.57817,0.900032,2.77464,1.12734,0.210363,0.290731,0.908939,2.54287,3.01429,1.29483,1.91201,1.98327,3.93425,3.41351,0.164993,-0.483021,0.616432,1.49379,2.22602,1.90157,-1.49626,-2.06898,-1.70695,-0.859074,0.995949,1.07967,-1.42609,-1.13006,-0.251699,4.47684,2.83077,1.70434,-0.853776,-0.740302,1.72962,-0.79332,0.75974,3.58398,-0.812301,1.64972,2.6061,1.016,F
2.02431,0.135378,0.86303,0.722325,-0.159089,2.19653,0.386286,1.43911,1.33788,1.50985,2.06646,0.956275,-0.189243,0.279085,0.682255,0.792867,1.0335,0.220833,1.4663,1.36682,0.428323,1.36611,-0.751904,1.02071,1.38075,1.09972,0.740999,-0.05357,1.64685,-0.851517,-1.2389,-0.74514,2.54633,0.619755,-0.773659,-0.564824,-0.8154,0.083457,1.10947,0.274198,0.841895,2.10932,2.49969,0.085667,0.547496,1.44655,1.31547,-1.12243,0.341758,-0.468623,1.13817,0.653547,-0.715531,-0.387828,-0.283687,-0.968995,-1.15464,-0.591661,1.13487,0.658322,-0.406945,1.4174,1.12992,-0.425711,1.21187,1.50657,0.931189,0.989471,0.580809,-0.285287,0.183278,-0.57415,-1.35974,0.229777,2.24603,0.248325,0.064881,-0.405182,0.657354,-0.72777,-0.865905,-1.03158,-0.138448,2.53354,-1.47869,-1.11442,1.27367,0.24433,0.662327,-0.172364,-0.686201,-0.715325,0.670658,-0.984682,-0.420761,2.57152,-0.8441,2.1509,-0.301103,0.857717,F
-0.554628,1.12828,-0.041503,1.57609,0.654375,0.702878,2.47668,2.30327,-0.50119,0.697623,1.42912,-0.453719,1.76387,1.38522,1.71373,-0.398749,-0.188887,-0.326981,0.519746,0.734005,-0.065804,-0.332708,-0.450042,0.780815,-0.216888,1.32057,-0.233671,-0.361204,2.53697,-0.864499,-1.27949,-0.54865,-0.140198,1.2527,-0.510533,-0.848578,-0.851426,1.28843,1.22008,0.141607,0.732362,1.20645,2.02393,0.345665,0.166015,0.575686,1.11645,-0.075807,1.00539,-0.146117,-0.801873,0.403516,-0.194797,-0.430308,1.42083,-0.895013,-0.444363,0.230512,1.8282,0.566832,0.200089,2.26081,1.59001,-0.116296,0.104202,1.48491,-0.113474,1.16465,0.906125,0.330374,0.357762,-0.799744,-0.559772,0.173161,0.578875,0.952072,3.16769,0.503397,-0.609454,-1.0872,0.167551,-0.031335,2.05519,-0.700769,-1.06436,-0.837838,0.197455,-0.725644,-0.170102,0.116006,-0.600743,-0.454127,0.445065,-0.676315,0.263512,0.992043,0.459485,1.16938,0.290187,-0.772565,F
1.29628,1.16473,1.7167,0.051335,2.00265,-0.144185,3.0448,-0.107399,0.746826,-0.353458,-0.082864,0.06531,3.21405,1.66652,-0.145003,0.111165,0.682635,1.23703,1.51926,2.70527,1.93395,0.331965,-1.70488,2.74012,-0.558706,2.70403,-1.09412,-0.06234,0.914742,-0.966446,-1.58059,-0.787162,0.32376,2.94828,-1.12721,-0.721115,-0.567327,1.19592,1.63382,0.357138,-0.283421,1.74028,1.90117,1.50055,0.017419,-0.116885,0.601991,-0.461026,0.873974,-0.503056,-1.22566,1.03536,-1.77171,-0.051565,2.94553,-1.24302,-0.780438,1.39982,1.64028,-1.00088,1.60001,-0.077433,1.89992,-0.330904,-0.032559,0.833005,1.12734,1.74723,-0.563436,-0.171886,0.820059,0.348831,-1.12266,1.20542,-0.86324,3.49901,1.56245,2.45948,-0.96914,-1.80107,-0.664893,-1.42623,2.97128,-0.278682,0.793177,-1.20502,0.330254,0.18342,0.172905,1.4214,-1.04654,-0.851834,-0.105069,-0.561406,-0.309387,-0.593247,0.560402,0.712728,2.43691,-0.453221,F
2.07794,0.98079,1.76655,-0.27943,-0.041588,2.4218,1.24055,1.41661,0.635857,1.87495,1.37983,0.957302,0.936433,0.310104,1.06972,1.78356,0.428326,0.308542,0.483193,0.31776,1.51913,0.745683,-1.00851,1.46922,1.34769,0.294796,2.25743,-0.145476,1.47778,-0.713501,-0.837212,-0.899512,1.85621,0.361845,-0.903153,-1.00704,-1.03563,0.740326,0.987397,0.556793,1.05412,0.709074,0.914357,1.79926,2.78618,0.059356,0.506826,-1.20858,0.222492,-1.10634,0.799609,0.659677,-0.709562,0.195785,0.534587,-0.710063,0.059586,1.06707,2.06432,1.80756,-0.598457,0.52338,-0.037628,-0.846375,0.855469,2.07892,0.393899,1.74246,0.211211,0.50433,-0.054992,0.569324,-0.947732,-0.090564,1.94497,0.067836,0.817849,-0.601228,-0.787023,-0.420002,-0.091864,-0.775777,-0.361673,-0.463584,-1.11527,-0.765652,1.50255,0.55453,1.02905,-0.011637,-0.359898,-0.699982,0.928401,-0.999399,-0.144119,0.370666,0.393772,1.2998,-0.360509,1.18257,F
0.95268,-0.120407,0.132511,-0.274433,0.063101,1.09006,0.099875,-0.603539,2.07699,1.24246,1.13572,-0.538242,-0.526202,-0.468096,0.40768,-0.327416,0.064933,-0.089933,0.634923,-0.205703,-0.275413,1.87919,-1.08897,0.877324,0.598539,-0.195678,0.635508,-0.034628,0.451515,-0.698773,-0.842463,-0.706677,-0.004394,-0.204013,-0.656913,-1.08858,-1.12404,-0.608564,-1.01926,-0.252182,-0.373812,0.159654,0.062263,0.925566,0.553015,-0.434724,-0.125504,-1.12521,0.526361,-0.924187,-0.183289,-0.284898,0.387291,0.086253,-0.4582,-0.832251,-0.62997,-0.630193,0.449218,2.22313,-0.397611,0.771845,0.322529,-0.864541,0.174372,0.207959,-0.22685,-0.60969,1.21374,-0.731669,-0.304965,0.182792,-1.08159,1.07133,-0.213117,-0.502118,-1.06441,-0.935411,-0.356668,-0.373247,1.12074,-0.99335,0.246254,0.371049,-0.917561,-0.840361,0.474586,-0.274346,0.044855,0.507801,-0.879222,-0.808965,-0.227689,-1.03303,-0.374067,-0.73971,0.256656,-0.341423,-0.458923,-0.253588,F
1.57582,1.78795,2.06189,2.24999,2.88898,0.886895,2.17538,2.2572,-0.240822,2.96686,2.71834,0.71308,2.27509,1.90358,3.23413,0.664935,3.75562,1.66038,3.05543,3.17302,1.12302,0.226611,-1.62221,0.801423,1.49487,3.07712,1.31734,2.61976,-0.37365,-0.977391,-1.43991,-0.752759,1.1754,3.23611,-1.22794,-0.738472,-0.796997,2.16526,1.00195,2.13162,2.91563,-0.003523,0.387237,1.84187,2.45836,0.800015,2.86663,-1.08993,2.75491,-0.652052,2.1369,2.70362,-1.66385,0.770986,2.32109,-1.00164,-0.045784,1.2828,2.10252,0.315587,1.87785,1.2129,1.12984,-0.907377,2.04653,1.99646,4.46927,2.91399,-0.213491,2.93089,4.78396,1.7984,-0.514348,0.11813,1.34331,1.94841,2.54242,2.096,-0.812875,-0.952297,-1.84302,-1.51324,1.97143,2.48458,-1.10003,-1.15465,0.64848,2.06324,1.01062,1.47516,-0.621433,-0.739115,2.41675,-0.138935,2.73123,1.7851,-1.09533,1.06772,1.9229,0.013871,F
0.175134,0.662496,1.57141,1.64813,1.10223,-0.136808,1.99015,1.73025,-0.375154,1.02071,1.32334,1.4019,2.85011,1.5892,1.50441,1.06047,2.47359,-0.079584,0.571064,2.66895,0.161956,1.27577,-1.22122,1.66808,-0.187811,2.67122,0.576315,1.27802,-0.511414,-0.890674,-0.775171,-0.962772,0.235778,2.89115,-1.08978,-1.14416,-0.926291,1.9892,1.12358,0.985224,0.14411,-0.500427,1.14418,3.25749,-0.460239,0.891023,1.35365,-0.713176,-0.131195,-0.738318,1.01105,1.60945,-1.3701,-0.503997,2.85738,-0.655399,-1.12797,1.90528,0.693636,1.02949,1.70797,-0.029948,0.800398,-0.364153,-0.384595,0.236412,0.194112,1.31717,0.566698,0.228743,1.592,3.09588,-1.47579,2.75997,0.685986,0.992991,1.05652,2.12063,-1.06494,-1.90364,-1.68064,-1.08807,2.25025,0.87182,-0.298842,-1.25634,-0.821699,0.757872,1.31647,0.958734,-1.09227,-0.765864,0.97091,-0.834935,0.81498,0.441609,-1.06061,0.609703,2.21115,1.69297,F
0.034248,0.175474,-0.680418,-0.265099,-0.15696,-0.313818,0.012757,1.66705,0.395664,-0.522802,1.15398,-0.025924,1.25153,1.50397,-0.289541,-0.105446,-0.64256,-0.069896,1.81203,-0.430903,-0.735074,0.531071,-1.2889,1.27661,-0.555517,-0.182698,0.36824,0.224149,0.212204,-0.864324,-0.800067,-0.52593,1.17577,-0.251752,-0.928419,-1.30045,-0.656581,0.058073,1.94388,-0.698412,-0.832302,0.128773,0.949073,0.41977,0.114883,0.433035,-0.740433,-0.831293,-0.035877,-1.45301,-0.575847,-0.150615,-0.626429,-0.340299,0.869449,-0.619542,-0.338494,2.08801,0.524715,-0.523222,-0.17934,-0.837544,0.246512,-0.503336,-0.732891,0.258007,0.072827,0.107575,-0.549716,-0.5544,-0.407201,0.919062,-1.69987,4.1228,0.464241,0.142999,-0.175457,2.98414,-1.05626,-1.80339,-1.76637,-1.0295,0.842867,0.839559,-1.28041,-0.993868,0.264502,0.198108,-0.042929,1.81652,-0.999583,-0.790706,-0.324444,-0.79866,-0.371611,-0.51734,-0.531684,-0.505878,2.43885,0.435592,F
-0.521302,-0.678959,-1.07345,-0.55166,-0.884147,-0.454162,-0.742778,-0.08454,-0.439346,-1.18953,-0.20545,-0.557649,-0.441835,-0.751694,-0.787464,-0.442222,-0.325499,-0.714395,-0.436526,-0.660291,-0.788236,-0.611454,0.496574,-0.661666,0.033591,-0.675407,-0.097047,-0.450434,-0.557051,3.21894,0.40123,0.171283,-0.682194,-0.747624,0.585927,0.632786,0.189641,-0.553072,0.358947,-0.896796,-0.932069,0.286246,-0.698864,-0.53639,-0.925659,-0.408493,-0.789063,0.572294,-0.688115,1.47617,-0.635866,-0.426202,-0.503773,-0.438487,-0.373482,1.24252,2.30572,-0.860609,0.113091,1.02712,-0.583904,-0.395448,-0.253496,-0.096247,-0.315325,-0.059477,-0.51943,0.403103,-1.42632,-0.308611,-0.594877,-0.108606,-0.123874,-0.828842,-1.06535,1.34646,-0.11924,-0.150705,1.67825,0.915734,-0.88787,0.468274,-1.00078,-0.350538,-0.25381,-0.315866,-0.46078,-0.931242,-0.861075,1.25508,0.467773,1.88947,-0.039101,0.397336,-0.389458,-0.689984,0.637721,-0.707789,-0.61977,-0.557832,T
-0.521593,-0.70825,-0.635742,-0.525482,-0.599274,-0.206977,0.185797,-1.01471,-0.524474,-0.934008,-0.224616,-0.622066,-0.53522,-1.17837,-0.73042,-0.395806,-0.452005,-0.469568,0.899021,-0.736824,0.39196,-0.786982,-0.265763,-0.789692,0.00024,-0.764484,-0.414364,-0.42934,0.215503,-0.302626,0.706486,1.70017,-0.677204,-0.798747,-0.401915,-0.349104,-0.989774,-1.07093,0.191079,-0.687684,-0.843773,-0.962391,-0.635386,0.325442,-0.932735,-0.162757,-0.674645,-0.628834,-0.728448,-0.600138,-1.61267,-0.351709,1.26441,-0.725437,-0.410868,-0.684023,-0.575484,-0.882333,-0.353406,1.46058,-0.566453,-1.05546,1.2043,-0.431187,0.653719,1.55859,-0.41688,-0.611816,1.08952,-0.470615,-0.211448,-0.777584,-0.116055,-0.510503,-0.467238,-0.475732,-0.625298,-1.14501,-0.176524,0.471572,0.542052,1.05289,-0.07742,-0.29869,0.725873,-0.516353,-0.196763,0.400976,-0.462645,-1.14297,-0.209582,0.723633,-0.103007,-1.01641,-0.512111,-0.803784,1.04087,-0.257041,-0.374701,0.690858,T
-0.591709,-0.634837,-0.683167,-0.565077,-0.469493,-0.687658,-0.296047,-0.568437,-0.517424,-0.291481,-1.03587,-0.501822,-0.579,-0.983958,-0.667881,-0.4261,-0.65463,-0.562598,-0.808322,-0.544353,-0.288277,-0.249862,1.14145,-1.46602,-0.106296,-0.597549,-0.379653,-0.371706,-0.510086,0.286445,1.10611,0.455726,0.039124,-0.546102,0.6577,0.303914,1.38045,-0.564706,-1.0882,-0.096671,-0.60221,-0.679282,-0.320128,-0.893151,-0.021353,-0.687596,-0.715766,0.301434,-0.944602,-0.197369,1.079,-0.717187,0.066954,-0.462507,-0.423658,0.95244,0.002724,-0.642029,-1.08635,-0.86465,-0.597195,-0.721501,-0.074786,0.116767,-0.707027,-0.021542,-0.562828,-0.489698,-0.01662,-0.420493,-0.494585,-0.400404,0.366669,-0.400376,-0.275293,-0.659349,-0.728227,-0.831925,-0.007242,-0.056156,-0.057712,0.169905,-0.279729,-0.517383,0.114921,0.850153,-1.04971,-0.049882,0.074583,-1.48741,0.658138,-0.343737,-0.236531,0.231087,-0.570873,-0.364057,-0.528675,-0.717563,-0.547067,-0.226067,T
-0.6624,-0.754648,-0.745284,-0.504106,-0.238905,-0.575608,-0.656541,0.477933,-0.359711,-0.796541,-1.54256,-0.515076,-0.393213,-0.044556,-0.727262,-0.495155,-0.236948,-0.305294,-0.47286,-0.128035,-0.788659,-0.212835,-0.082984,1.05011,-0.786529,0.304736,-0.897633,-0.407762,-0.954916,0.636274,1.14692,-0.61696,1.69364,0.297175,0.938362,0.010941,0.921025,-0.114949,-0.873381,-0.631564,-0.709871,-1.13917,0.411009,0.112764,0.089188,-0.142504,-0.646155,0.388849,-0.570885,0.974796,-0.225852,-0.499369,-0.299523,-0.194776,-0.413221,1.16945,1.33793,0.339377,-0.478353,-0.808562,-0.422988,-0.73587,-0.101138,0.663427,-0.487085,-0.851446,-0.311581,0.987695,-0.703634,-0.524275,-0.512204,-0.103208,0.54274,2.22707,-0.010173,-0.783064,-0.914801,0.046182,-0.414795,-0.501188,-0.308732,-0.693924,0.276538,0.983257,-0.492194,-0.264049,-0.754268,0.038491,-0.866321,-0.220974,-0.476271,0.573335,-0.307934,1.77531,-0.371882,-0.660737,0.457993,-0.543841,1.59834,-0.712527,T
-0.395312,-0.796828,1.18128,-0.551662,-0.715326,-0.572572,-0.632491,-0.834268,-0.321522,-0.235699,-0.76261,-0.49018,-0.555313,-0.364919,-0.572736,-0.174286,0.458195,-0.466497,-0.198943,0.350316,-0.57895,-0.68058,0.00289,0.315415,-0.028111,0.274113,-0.472662,-0.229005,-0.819811,0.05697,0.021297,0.743111,0.375609,0.382,1.37436,0.184034,0.161289,-0.785565,-0.349331,-0.596039,-0.273783,-0.74096,-0.112791,-0.782629,-0.304253,0.356096,-0.128249,-0.351402,-0.532967,-1.09397,-0.001132,-0.379682,0.705138,-0.282794,-0.461739,0.579553,0.63416,-0.578407,-1.00653,-0.143626,-0.394491,-0.635746,-0.244749,-0.575206,-0.449186,-0.669904,-0.402633,-0.884688,0.028195,0.028087,-0.286966,0.211812,0.245317,1.09319,0.033297,-0.601526,-0.089118,-0.067228,-0.539442,-0.329262,-0.917789,0.626233,-0.120315,0.253061,0.60843,0.526425,-0.699937,0.090259,-0.169095,0.022429,-0.228118,1.49188,0.826242,0.902806,-0.107271,-1.2749,0.100254,-1.53548,0.317285,0.245193,T
-0.727484,-0.867476,-1.02445,-0.446681,-0.654509,-0.48364,-0.582219,-0.319647,-0.525639,-0.128534,-1.30226,-0.470702,-0.570695,-0.765133,-0.668221,-0.485578,-0.456039,-0.681021,-0.99109,-0.425238,-0.828957,0.617627,1.68599,-0.913526,-0.865159,-0.501693,-0.418003,-0.444951,-0.947166,3.14214,0.75611,1.17452,-0.514214,-0.533905,1.31783,1.10175,1.08375,-0.799659,-1.25322,-0.323602,-0.749894,-0.637126,-0.670796,-0.960731,-1.00212,-0.516766,-0.81435,1.26318,-1.1088,0.782378,0.103608,-0.638215,0.468659,-0.385307,-0.426492,0.809421,0.352097,-0.691104,-1.02949,0.272795,-0.282451,-0.133454,-0.770964,-0.307542,-0.613141,-0.154012,-0.830459,-0.618015,-0.750265,0.221989,-0.542855,-0.653627,0.518934,-0.708432,-0.246151,-0.808658,-0.560258,-0.364651,1.04978,0.93201,-0.616461,0.570931,-0.141713,-0.419518,1.11173,0.596579,-0.589761,-0.314093,-0.088104,-0.751655,0.259012,2.08637,0.293468,-0.515977,-0.501448,-0.128755,-0.38265,-1.50878,-0.476274,-0.312743,T
-0.581599,-0.804721,-0.623842,-0.521849,-0.032737,-0.493263,-0.801422,-0.664843,-0.538533,-0.245714,-0.937053,-0.465813,-0.543672,-0.07092,-0.516187,-0.433819,-0.443913,-1.05655,-0.580034,-0.787062,-0.780168,1.17788,0.661919,-1.1559,-0.268143,-0.762639,-0.314607,-0.423319,-0.549945,0.482258,0.207718,0.818884,-0.54181,-0.763955,0.436207,0.346376,1.81161,1.28613,-1.60059,-0.260191,0.661217,-0.1779,-0.670907,-0.919933,0.052296,-0.395675,0.249243,-0.090504,0.120375,0.367057,0.306618,-0.312632,0.595746,-0.233133,-0.432525,1.26388,-0.942416,-0.814184,-0.972771,0.72161,-0.199885,-1.38316,-1.58339,-0.328698,-0.37073,-0.447126,-0.376782,-0.139145,-0.560766,-0.539925,-0.245076,-0.920125,0.927687,-0.370788,-0.422964,1.26792,-0.414241,-0.318074,-0.145197,0.5373,-0.657105,-0.238504,-0.251665,-0.536563,2.05794,0.199298,-0.788667,-0.49918,-0.154075,-0.195948,-0.016603,3.19581,-0.730847,-0.497641,-0.54072,-0.005457,-0.603549,-0.758502,-0.481176,-0.515684,T
-0.645466,-0.761855,-0.984981,-0.530449,-0.66336,-0.727455,-0.70933,-1.16272,-0.522275,-0.058432,-0.805493,-0.487405,-0.573746,-0.059936,-0.440507,-0.515714,-0.503145,-0.772057,-0.648744,-0.677157,-0.632818,-1.11087,0.621353,-1.04741,-0.211458,-0.709776,-0.185653,-0.472861,-0.791335,0.213823,0.211771,0.583925,-0.680226,-0.580661,0.044271,0.433379,1.55817,-0.201115,-0.652223,-0.45929,-0.297118,-0.848328,-0.554765,-0.891699,-0.704485,-0.342508,-0.310181,-0.22091,-0.785865,-0.484422,0.344489,-0.617042,0.210427,0.62153,-0.476705,1.50807,-0.181368,-0.718799,-0.56135,0.025447,-0.535021,0.020461,-1.07679,-0.667745,-0.330822,0.234157,-0.298687,-0.230683,0.232448,-0.344725,-0.082403,-0.696873,1.00256,-0.844702,-0.7524,-0.84513,0.178117,-0.229974,-0.817143,0.153971,-0.108287,-0.14958,-0.015415,-0.344175,0.031952,0.127245,-1.11833,-0.385294,-0.062929,-0.949639,0.012517,0.953496,-0.596518,0.123462,-0.551362,-0.300994,-0.294505,-1.23331,-0.548231,-0.669087,T
-0.55863,-0.546563,-0.275451,-0.522517,-0.448167,-0.181655,-0.544284,0.026849,-0.403136,-0.5695,-0.164445,-0.406133,-0.54124,-0.71438,-0.603521,-0.402857,-0.656009,-0.702949,-0.428918,-0.60619,-0.147621,0.271927,0.588492,-0.394529,1.17377,-0.63555,-0.013251,-0.43021,-0.114055,-0.099876,-0.78252,-0.531149,-0.165099,-0.665964,0.080368,0.042579,-0.688914,-0.500367,-1.47516,-0.013733,-0.426727,-0.465462,-0.378653,-0.946585,-0.802227,0.514675,-0.489968,-0.247778,-0.801059,0.496791,-0.247708,-0.544432,0.430217,-0.053202,-0.458582,-0.174226,0.741392,-0.499504,-0.495812,0.840784,-0.317166,-0.88952,-1.72271,-0.432393,-0.199157,-0.872798,0.201309,-0.869896,-0.777441,-0.491175,-0.414953,-0.665177,-1.10587,-0.100069,1.15063,-0.875354,-0.55095,-0.630658,0.182056,1.34826,1.23874,-0.065572,-0.522949,1.18793,0.385246,0.075038,-0.86747,-0.284991,-0.443122,0.563376,-0.066035,1.50791,-0.909373,-0.51932,-0.453623,0.025023,0.250661,-0.941165,-0.277057,-0.682011,T
-0.773564,-0.408515,-0.635221,-0.601937,-0.346045,-0.732001,-0.957845,-0.029976,-0.515024,-0.777745,-0.839137,-0.557504,-0.592512,-0.078582,-0.579345,-0.518183,-0.650712,-0.466485,0.217486,-0.851811,-0.707537,-0.306152,1.73951,-0.422741,-0.749078,-0.925547,-0.82775,-0.546175,-0.933163,0.840727,1.36986,0.900774,-0.20288,-0.916714,1.55169,3.1148,2.21122,-0.410835,-1.05461,-0.293965,0.531152,0.089961,-0.373525,-1.16777,-0.474582,1.17278,-0.238121,2.18688,1.27489,1.58808,-0.567565,-0.469962,2.17021,1.40798,-0.509968,0.962964,-0.39083,0.241673,-0.793154,-1.7856,-0.701687,1.17932,1.80013,1.50284,-0.455731,0.510875,-0.101095,-0.288283,-1.79064,-0.406616,-0.421176,-0.256792,3.72281,-0.635185,-0.348566,-0.481259,-1.11104,-0.28036,0.71199,0.597443,0.381404,-0.240424,-0.928977,-0.610059,2.89086,2.04579,-1.11337,-0.040065,-0.971936,-1.06069,3.10981,1.40293,-1.14409,1.77057,-0.706558,-0.104601,1.03562,-1.22733,-0.516546,-1.2926,T
-0.555319,-1.05815,-0.865401,-0.47734,-0.956005,-0.004959,-0.476121,-1.38302,-0.310841,-0.727007,0.112773,-0.528823,-0.545922,-1.24927,-0.131459,-0.515438,-0.161844,-1.32518,-0.616927,-0.299203,-0.86699,-1.55831,-0.075401,-0.208897,-1.45401,-0.24626,-0.794391,-0.45144,-0.76464,2.08276,1.36795,1.08587,-0.852126,-0.266233,0.559906,0.924777,0.414439,-0.863017,1.45519,-0.948697,-0.86012,-0.03886,-0.98244,-0.423079,-1.21171,-0.833682,-0.813024,-0.070358,0.902646,0.507918,-1.50419,-0.494393,-1.04555,-0.968507,-0.55325,1.42847,1.65068,-0.200586,1.54547,0.09623,-0.524414,-0.723154,2.18043,-0.441433,-0.876784,-1.48332,-0.716889,0.119218,-0.638033,-0.600693,-0.398708,0.40375,0.971695,-0.391287,-0.86842,1.40612,0.054681,-0.729368,1.7981,-0.306124,-0.065174,0.586754,-0.860867,-0.576556,0.218213,0.038893,-0.400955,-1.5768,-0.635831,1.9328,0.448575,1.26031,0.022893,-0.92588,-0.327114,-0.206288,-0.23188,0.991062,-0.691565,2.21697,T
1.31224,2.6848,1.31896,1.48623,1.43839,1.14739,2.62432,1.55733,0.981413,1.1996,1.38008,1.45799,1.87066,1.65306,1.29352,1.33851,1.40608,2.47151,2.8486,1.0541,1.63765,0.79637,-1.41331,1.56204,0.709542,1.11234,0.053487,1.39397,0.873702,-1.00593,-1.18117,-0.703075,0.800482,1.05265,-1.05042,-0.628203,-0.666723,0.630804,2.20041,2.34536,0.78028,2.70862,3.02513,3.3777,1.12678,1.1633,1.72787,-1.11901,1.73301,-0.562819,0.604355,1.35198,-0.818515,-0.275192,2.1272,-1.02645,-1.35273,2.02523,1.24473,1.58332,0.841537,0.863022,-0.056472,-0.494391,0.117645,2.17943,2.63238,2.08393,0.906658,0.579898,0.926954,1.44653,-1.02293,1.17958,0.303512,0.893458,2.33901,1.3617,-1.20045,-1.78618,-0.658799,-0.951515,1.38042,-0.536992,-1.11173,-0.72306,-0.353846,0.189452,1.41248,0.817547,-0.759793,-0.812833,1.17397,-0.74028,1.00745,1.65647,-0.816192,1.82101,0.014011,2.77306,F
0.965867,0.591543,1.17044,-0.07373,0.206763,0.521266,1.78309,0.283055,1.11667,0.842926,1.26351,2.35683,3.14391,0.74074,-0.064507,2.33964,2.85245,0.627972,0.991966,0.50925,0.506342,0.481017,-1.11138,0.619382,0.760653,0.502158,1.30056,0.001303,1.44151,-0.805351,-1.01563,-0.815147,1.65081,0.330039,-1.0614,-0.99895,-0.984228,1.0473,0.79901,0.42718,0.185929,-0.429992,1.11187,0.150254,0.895605,0.692824,0.404864,-1.23827,-0.047477,-0.95266,1.13303,0.454255,-0.64729,-0.330151,4.77365,-0.928655,-1.92894,2.24917,0.527293,1.08048,0.006272,0.072235,1.83817,-0.958453,0.394825,0.898019,0.505777,1.22187,1.14448,0.03308,0.299029,0.164389,-1.27959,0.836064,-0.028312,1.00871,1.74376,0.352444,-1.12524,-1.25629,-1.39256,-0.96578,3.48716,-0.457374,-1.14617,-1.11518,-0.186396,0.447723,0.421982,1.24798,-0.884429,-0.80222,0.582805,-0.901017,-0.171624,0.267017,-1.04833,1.10956,-0.22707,2.5646,F
0.453253,0.360593,0.917357,2.39323,1.21183,2.51398,1.25696,1.28479,-0.401339,2.76261,-0.928236,1.53877,-0.471871,1.98462,3.88072,-0.275215,2.12965,3.2484,1.21313,3.23866,0.69698,0.501443,-0.430521,-0.392238,1.11311,3.1269,1.5647,3.90392,0.585971,-0.786802,-1.09716,-1.04393,-0.36178,3.35687,-1.03871,-0.736901,-0.710767,-0.544126,-0.226139,1.43857,3.30855,0.057944,-0.26416,0.52693,0.487503,1.35752,0.780914,-1.18639,2.61786,-0.473833,2.51044,1.32277,-0.785362,1.43186,-0.458362,-0.787651,-2.27321,-0.010028,0.823245,0.172975,3.85484,1.96712,1.86277,-1.32779,2.96737,0.023933,-0.191057,-0.333943,2.23407,4.58423,1.45488,0.82892,-1.05206,0.289146,3.33386,-0.49967,0.512438,1.66898,-1.38902,-0.847568,-0.983868,-0.512598,-0.486121,3.59013,-1.00088,-1.10898,2.71187,1.56935,0.427082,-0.403616,-0.967526,-0.826752,-0.664632,-0.918116,4.11911,-0.648883,-1.31541,2.45021,3.87586,-0.228834,F
0.707383,1.35608,1.10399,2.97982,1.23127,0.557456,0.81159,1.35475,0.8735,0.025726,2.48096,4.96756,0.864447,1.54039,1.03863,1.67774,1.45595,0.50674,1.33201,1.25753,-0.318334,0.252452,-1.31816,0.650647,-0.263579,1.14859,1.60151,-0.145566,1.39658,-0.758897,-0.860164,-0.943281,0.658679,1.40183,-0.909041,-1.10589,-0.864409,1.53076,1.58616,2.77606,-0.38398,0.682118,-0.423591,0.62862,1.85839,0.047319,0.36239,0.475891,0.523258,-1.22324,-0.215199,3.16576,-1.11962,-0.343572,0.436359,-1.12208,0.344356,3.17081,0.375122,-0.956589,0.453951,0.743789,1.14083,-0.563285,0.821826,1.97849,4.10764,-0.186651,-0.591491,-0.025023,0.28878,2.03128,-1.33282,-0.165362,0.142025,3.39601,3.16393,0.598561,-1.12024,-1.46906,-1.15966,-1.12979,0.665067,-0.133988,-1.70374,-0.149863,0.749461,1.61628,1.41972,0.966667,-0.567699,-0.832043,0.735224,-0.0673,-0.243162,-0.162783,-0.397105,2.02722,0.43057,2.98937,F
0.065116,1.73465,1.22019,1.25302,3.1165,0.392011,0.047978,0.89,3.01414,0.471043,-0.364046,0.7537,-0.588025,-1.53203,1.18623,1.96013,0.431295,1.37055,0.093571,-0.389567,1.12789,1.83559,0.555396,1.27956,2.65485,-0.495273,1.28884,0.547999,0.62901,-0.906341,-1.31951,-0.894109,-0.643872,-0.173703,-0.964536,-0.678848,-1.00363,-0.52941,-0.430044,0.056079,1.7345,2.53576,-0.313345,-0.151098,0.839067,2.19529,0.451508,-1.20052,0.915602,-0.361176,0.480852,0.776703,-0.956626,2.11364,-0.442366,-0.525883,0.499883,-0.122331,0.224085,0.282282,0.480827,-0.241943,-0.622721,-0.637475,0.825944,-0.386886,0.090272,-0.924775,1.40799,1.70222,0.035245,1.10969,-0.010562,1.08378,0.234003,-0.830153,0.345377,-0.695491,0.103124,-0.088786,0.186732,-0.549944,0.202527,0.436385,0.322821,-0.056366,0.42093,0.87735,-0.671584,1.58533,-0.783488,-0.920254,2.15594,-0.931684,1.72153,1.7962,-0.934041,-0.497069,-0.360072,-0.622211,F
-0.548593,-0.233028,-0.390233,-0.471283,-0.385648,-0.374164,-0.613581,-0.574789,-0.13928,-0.510732,-0.454576,-0.475156,-0.56373,-0.70168,-0.837543,-0.238912,0.201151,-0.485248,-0.765996,0.085853,-0.643078,1.54524,0.548627,-0.288072,0.340795,0.505625,-0.282802,-0.368602,-0.386205,-0.383043,-0.346147,2.5825,-0.752584,0.459929,-0.148254,-0.093631,0.127274,-0.943405,-0.274618,-0.028398,-0.50196,0.144325,-0.859106,-0.35443,-0.626641,0.366353,-0.34284,-0.118986,-0.553727,-0.405403,0.236905,-0.381312,-0.711359,-0.223339,-0.469666,0.04207,0.503498,-0.6263,-0.014799,0.231561,-0.406475,-0.717187,-0.524626,-1.00837,-0.26504,0.120208,0.097148,-0.865309,-0.313754,-0.288636,-0.189816,-0.76097,0.487373,-0.415491,-0.385893,-0.307707,0.069393,-0.926407,-0.243159,0.875574,-0.801782,-0.155222,-0.028829,-0.193546,-0.104743,-0.697002,-0.484681,-0.369559,-0.241657,0.274325,-0.357891,-0.309126,-0.363865,-0.600132,-0.095964,-0.741235,-1.12105,-0.623046,-0.462781,-0.405878,T
-0.390714,-0.672062,-0.71419,-0.441129,-0.567147,-0.200596,-0.678611,-0.525418,-0.466049,-0.685716,-0.345304,-0.457654,-0.567889,-0.853285,-0.435715,-0.401106,0.056277,-0.659656,-0.899734,-0.318494,-0.831136,-1.32936,-0.535277,-0.529949,-0.58874,-0.382251,0.834087,-0.385535,-0.447227,0.670986,0.622968,1.48789,-0.752516,-0.413965,0.403827,-1.03723,-0.262266,-1.04596,0.298358,-0.347874,-0.678471,-0.202349,-1.03672,-0.625806,-1.39856,-1.13322,-0.758539,0.173339,-0.162462,-0.610207,-0.608184,-0.622183,-0.314658,-0.157387,-0.435438,0.8786,1.25056,-0.733261,-0.683365,-0.495629,-0.530356,-0.832132,-0.743088,-0.747548,-0.645689,-1.15084,-0.780349,-0.762105,-0.12976,-0.598183,-0.471458,0.127126,-0.091457,-0.388575,-0.84788,-0.213573,-0.294747,-0.807413,0.183117,0.415851,-0.329823,1.67004,-0.050203,0.057796,0.537208,-0.277129,-0.374128,-0.786034,-0.717465,1.3594,-0.196647,0.607811,0.287585,-0.563947,-0.336467,-0.567559,-0.559661,-0.808169,-0.383743,-0.018894,T
1.08111,0.631347,1.90354,0.020751,0.966319,1.23616,-0.264555,-0.058506,1.132,1.25933,-0.584872,2.51485,-0.539611,0.572236,1.23142,4.35139,2.32673,0.388261,0.03332,-0.260686,1.14131,2.75257,-1.01383,0.440376,1.18967,-0.324108,1.68397,0.53996,-0.092795,-0.849018,-0.190693,-0.776725,2.75837,0.017879,-0.872659,-1.09018,-0.848764,-0.839641,0.494195,0.316229,0.123893,-0.171937,-0.340588,0.028542,1.9479,-0.61167,0.969774,-1.26354,1.21476,-1.16964,1.5133,0.021279,-0.442057,0.62932,-0.457306,-0.669667,-0.3039,-0.204912,-0.501165,0.705522,0.121429,0.128752,-0.395037,-1.22079,-0.335062,-0.566599,0.102354,-0.981656,1.4031,1.03801,0.413259,0.780237,-0.708278,-0.280445,1.1209,-0.839819,-0.395909,-0.965327,-0.867195,-0.327104,-0.374105,-0.886521,0.168628,-0.262536,-0.620499,-0.136563,0.223299,0.2818,0.642753,0.873781,-0.638397,-0.788216,-0.024857,-0.906474,0.140863,0.763323,-1.02001,-0.719257,-0.449416,0.773338,F
1.16061,0.812712,0.031138,1.69614,0.301723,0.654991,0.35987,-0.377115,1.60741,-0.683367,1.18361,1.11735,-0.206675,1.18143,0.268781,-0.139207,0.911026,-0.149647,0.378968,1.98081,0.309577,0.654011,-0.509781,1.0621,0.932654,2.39166,1.15831,0.208337,0.281403,-0.703962,-0.329263,-1.15048,-0.788066,2.27553,-0.830003,-1.13313,-0.920251,-0.279,1.2298,0.885574,1.10774,0.476409,0.21398,0.511154,-0.821241,2.2541,0.958038,-0.675648,1.92748,-0.573979,1.30189,0.126429,-0.948866,0.567958,-0.28389,-0.63969,-1.03958,-0.56355,0.453491,0.945118,0.365843,-0.006494,-0.190811,-1.32726,1.41258,-0.763452,0.154171,-0.357617,1.73277,0.439235,0.575022,0.424707,-0.905878,-0.416775,-0.01192,0.019554,-0.055387,-0.200472,-0.903765,-0.31412,-1.05992,-0.678878,0.376273,0.48535,-0.441965,-1.01955,1.38893,-0.583776,0.2731,1.89724,-0.927676,-0.785234,3.49998,-0.919436,2.51429,-0.434147,-1.2704,-0.179388,-0.230837,0.834354,F
-0.505623,-0.536367,0.323504,-0.500107,-0.61034,-0.420843,-0.68714,-0.084687,-0.09866,-0.54523,-0.830983,-0.454213,-0.582935,-0.772085,-0.184534,-0.104174,0.35774,-0.483012,-0.296447,0.132371,-0.299357,-0.595684,1.10476,-1.22252,0.248902,0.291702,0.495816,-0.263116,-0.660362,-0.219276,-0.544545,0.864872,-0.578758,0.15524,0.114776,0.658208,1.67981,-0.882411,0.204581,0.25312,-0.356047,-1.34741,-0.808056,-0.569479,-0.466927,1.60772,-0.441825,-0.205684,-0.098811,-0.488114,0.632041,-0.513462,0.087148,0.358546,-0.448048,1.83357,1.1924,-0.697929,-0.323838,1.41401,-0.582565,-0.20532,-1.02433,-0.942566,-0.245199,0.646814,-0.238644,-0.925577,0.696387,-0.32048,-0.326329,0.043202,-0.53044,-0.39537,-0.034031,-0.813603,0.522282,-0.917158,-0.124719,-0.650058,0.971299,0.427535,0.281316,-0.241034,1.18954,0.997261,-0.676545,-0.119852,0.014169,-1.3507,0.237553,1.39901,0.181339,-0.600123,-0.425388,-0.703781,-0.949703,-0.953589,-0.405094,-0.383022,T
1.29628,0.430382,2.14976,-0.135265,0.850531,0.000193,-0.412256,0.052749,3.65932,0.191866,-0.674715,0.562036,-0.54024,-0.559897,-0.238695,3.53274,1.11304,0.891959,0.34264,0.243854,1.74884,0.911218,-0.682969,-0.201229,2.06158,-0.046124,1.85622,1.4476,-0.392765,-0.818777,-1.12749,-0.650628,1.04125,-0.225731,-0.617531,-0.843158,-0.999409,-0.851937,1.77175,0.419818,-0.103311,0.512912,-0.358323,-0.396441,1.72745,-0.301518,-0.372096,-1.06128,-0.355723,-1.2152,1.12115,0.532739,-0.580032,3.23911,-0.430015,-0.310943,-1.14079,-0.623506,-0.422904,1.11427,-0.103792,-0.535276,0.122608,-1.16338,-0.204962,0.241793,0.129767,-0.91487,2.04863,1.70093,-0.011711,1.33327,-0.956743,3.26662,0.328583,-0.902128,-0.456699,-1.11855,-0.405533,-0.274524,-1.10031,-0.35298,0.224943,-0.119259,-0.485517,-0.10306,1.68965,2.75025,-0.154097,0.746584,-0.771914,-0.680953,1.38998,-0.933172,1.71742,1.8945,-0.862209,-1.28453,-0.415716,-0.655555,F
3.35959,1.09979,-0.76613,-0.519619,0.343178,0.356048,-0.31475,0.754681,4.07927,1.1101,-0.322829,0.149769,1.98329,1.15188,-0.074826,-0.160783,-0.589488,1.12929,0.425245,-0.03557,1.19752,2.09712,-0.602208,0.483219,0.742958,-0.081857,0.886287,-0.412831,3.32497,-0.826135,0.229899,-0.896733,-0.857198,0.175838,-0.666746,-0.896217,-0.920454,2.13067,0.103564,0.296786,-0.620185,1.14757,0.301505,-0.327829,2.57344,0.677351,-0.653938,-0.11883,0.948986,-1.74603,-0.011243,0.383785,-0.941808,2.97007,1.09448,-0.556197,0.729587,-0.005051,0.215687,0.708309,-0.18954,-0.765942,-0.044826,-0.554369,0.080724,-0.305317,0.30455,-0.00847,0.10217,-0.524567,-0.240761,1.70211,-0.538883,0.069606,-0.242443,1.84043,-0.077579,-0.192177,-0.652387,-0.914633,0.334935,-0.512447,0.075889,-0.389074,-0.974102,-0.84839,1.09549,0.433721,-0.551384,0.931682,-0.880045,-0.759427,0.603011,-1.01685,-0.358292,1.92453,-0.685267,1.99,-0.561625,0.433962,F
0.623781,3.10425,0.510817,3.28424,1.619,2.4404,1.23026,2.10181,-0.133746,1.91201,-0.455592,0.9282,-0.530259,2.55484,1.47601,-0.358538,-0.008329,3.05119,1.23475,2.85482,-0.159569,-0.88634,-1.22768,0.297755,2.36462,2.53697,0.965273,2.59624,1.05813,-0.425347,-0.949794,-0.870475,0.509527,1.31174,-0.888769,-1.05901,-0.52597,0.364199,0.139371,3.77362,3.4554,0.696393,0.764047,1.94086,0.157789,0.576004,2.08103,-0.757855,1.46563,-0.579138,1.87708,0.011588,-0.836372,3.45482,-0.464213,-0.685448,-2.38457,0.652027,-0.050231,1.46768,1.15552,1.89926,1.0235,-1.35745,2.53379,0.504573,0.538984,0.12653,1.07809,1.86297,2.07552,0.489387,-1.05239,-0.472741,1.62779,-0.499559,1.17989,-0.112681,-1.27445,-0.205689,-1.17027,-0.646891,-0.996715,2.69436,-0.292012,-1.13391,1.32184,0.956361,3.43523,-1.19316,-0.766709,-0.857094,1.17204,-0.82398,2.82017,-0.78712,-0.951402,-0.466791,2.18217,-0.193037,F
2.6497,2.62133,0.545483,2.76957,3.31633,3.07267,2.36322,2.43686,0.405491,1.6015,1.28085,1.76196,1.14437,1.61836,1.19161,-0.192165,0.912685,2.45681,1.68871,1.14106,-0.053549,-0.194762,-1.68125,0.591397,3.24685,1.04803,0.542639,3.19017,-0.215798,-0.863816,-1.22807,-0.469148,-0.556921,1.23969,-1.07318,-0.774486,-0.824572,0.771993,1.43835,3.03773,2.02604,2.30608,-0.262229,2.16745,-0.05887,1.52601,4.35482,-0.854383,1.58182,-0.149289,1.77022,0.393154,-1.98963,3.25262,0.272084,-0.954535,-1.54097,-0.143846,3.26583,0.151747,3.90989,2.919,1.28466,-1.11849,5.42609,1.54909,1.04198,2.69228,-0.368109,3.21857,3.42623,-0.166883,-0.346226,-0.060421,1.50524,0.792746,0.869686,0.793096,-0.841902,1.4629,-0.947798,-1.34952,-1.20031,1.58109,0.76314,-1.11123,3.71138,0.205422,3.35449,-0.473703,-0.746449,-0.839746,1.82998,-0.687137,3.45205,0.589334,-0.940649,0.898729,1.72698,-0.500692,F
0.935854,1.44144,0.780321,-0.035012,0.277637,3.61309,0.782227,0.669848,0.053015,1.77458,1.91972,0.234306,-0.139549,-0.842424,2.90098,-0.107442,0.201445,1.11529,1.28171,-0.669854,3.68477,0.122979,-1.40832,3.41154,-0.156416,-0.662569,-0.459813,-0.212602,2.9853,-0.631841,-0.818977,-0.30256,2.90298,-0.771349,-0.765033,-0.962886,-1.1497,0.493756,-0.146489,1.36628,0.567806,1.62903,1.96649,1.25758,1.85596,2.31826,0.158137,-1.21453,1.89024,-1.25171,0.328128,-0.291156,-1.53429,0.717939,-0.456762,-1.11229,-1.20997,0.218638,2.83591,2.308,-0.384824,0.594255,-0.249388,-1.10812,0.485635,2.64013,0.782496,-0.645419,0.2647,-0.630744,-0.449539,-0.120448,-0.701966,-0.122816,0.990152,0.520817,-1.14117,-1.07595,-0.903395,-0.811701,-0.061346,-0.820543,-1.12842,3.79746,-1.07517,0.09321,1.9998,-0.098095,3.52917,0.640022,0.032959,-0.850738,2.24314,-0.635959,-0.350377,-1.25382,0.340995,0.922396,-0.439589,2.75231,F
1.40867,0.572083,0.650785,1.73399,0.408119,0.48982,0.02653,0.900471,2.4228,0.224422,1.42068,0.942962,0.808159,2.07481,-0.271967,0.255384,0.257007,0.756907,-0.21141,-0.029653,1.617,0.603608,-0.579499,-0.640628,0.657769,-0.13342,0.611872,0.199424,0.70162,-0.829556,-0.537487,-0.926312,-0.923503,-0.075381,-0.732489,-1.05256,-1.02783,3.23182,-0.351501,-0.095463,0.472219,0.018944,0.290341,-0.593483,-0.070341,1.66241,0.222574,-0.715276,0.667743,-0.545794,1.18555,0.600285,-1.20263,1.32999,0.360343,-0.675375,0.323774,-0.152312,-0.964267,1.14079,-0.140884,0.390211,0.418762,-0.881038,0.927354,-0.605717,-0.122456,1.03011,0.173368,0.889886,0.195963,-0.370365,-1.02122,0.715315,1.53469,0.281704,-0.424078,2.10517,-0.586129,-0.556134,-0.591113,-0.627758,0.089841,-0.241152,-0.78995,-1.085,1.18264,0.48292,-0.166837,0.120037,-0.88922,-0.884434,-0.707078,-0.403711,-0.068296,0.193188,-0.957659,-0.100704,-0.32657,0.637986,F
-0.367617,-0.433151,0.023792,-0.172229,-0.060519,0.050995,-0.286605,-0.784684,-0.473534,-0.424275,-0.562615,-0.505121,-0.454251,-0.416589,-0.444636,-0.475139,-0.607253,-0.179639,-0.998657,-0.605301,0.170356,1.94883,-0.300681,-0.34868,-0.053381,-0.561704,0.289702,-0.405244,-1.06327,-0.714288,-0.728221,-0.760258,-0.080656,-0.569224,-0.5063,-0.336621,-0.868979,-0.446864,-0.986927,-0.459767,0.193952,-1.39423,-0.110778,-0.744306,-0.764095,-1.07135,-0.144743,-1.06257,-1.03445,-1.01182,0.204649,0.262712,-0.392698,-0.412575,-0.414545,-0.280967,-1.17741,-0.650505,-1.03694,0.211565,-0.377842,-0.116659,0.875829,-0.225612,0.155166,-1.20577,-0.500076,-0.262773,0.031289,-0.38841,-0.460784,-0.519314,0.537802,-0.007613,0.212998,-0.977133,-0.384733,0.040436,-0.9791,0.542305,-0.677925,-0.528361,1.40273,1.13487,-0.693036,-0.872111,-0.739342,1.53522,-0.091554,-0.163975,-0.386595,-0.735002,-0.476738,-0.759558,-0.423107,0.890788,-1.12546,-0.698625,-0.25275,-0.445646,F
-0.636863,0.687255,0.383979,-0.179145,0.286854,-0.347382,0.955395,0.796393,-0.543854,-0.415727,-0.369677,-0.43189,0.51771,0.739003,-0.079613,-0.465171,-0.841167,1.43088,-0.507721,-0.010431,-0.470747,-0.590647,-0.740699,-0.645225,-0.485904,0.042208,0.247662,-0.328777,0.877257,-0.70921,-0.555996,-0.68204,0.152111,0.05034,-0.094623,-0.714093,-0.240476,1.02357,-0.934926,0.180264,0.959754,-1.01116,-0.721823,0.125616,0.395714,-0.74115,0.071435,2.40122,-0.841059,0.536023,0.177914,0.403252,-0.745686,0.111634,0.115084,-0.635034,1.04572,0.234402,-1.20279,-0.608684,1.32948,0.233636,-1.08491,0.750215,-0.077907,-1.80623,-0.363078,0.21946,-0.718462,0.076109,-0.240099,1.26554,-1.40013,-0.497379,-0.483473,-0.38878,-0.337693,2.41176,-0.357451,-0.099893,1.16178,-0.102198,0.673245,-0.492479,-0.540764,-0.641333,-0.249276,-0.138419,-0.358913,-0.91124,-0.575957,-0.850127,-1.13587,-0.827185,1.02018,-0.380892,-0.275405,0.113603,0.538522,-0.708809,T
-0.842437,0.276769,-0.382675,-0.540475,-0.236162,-1.03604,-0.55806,-0.333782,-0.530883,-0.000257,-0.473066,-0.478556,-0.559741,-0.38437,-0.598225,-0.477064,-0.564479,-0.428125,-1.10263,-0.341175,2.10404,-0.936176,0.294512,-0.515894,0.195209,-0.331441,-0.676648,-0.459909,-0.031639,1.0018,0.586593,-0.836651,1.51655,-0.211731,3.41207,1.43655,1.15773,1.28207,-2.04203,-0.101587,-0.405131,-0.872287,-0.227993,-1.09802,0.619883,0.500065,-0.611524,0.903603,0.080799,2.29747,-0.498227,-0.017884,0.625754,-0.761121,-0.439944,0.811999,-0.817929,0.398087,-0.374024,-0.87449,-0.704664,-0.531568,0.783982,1.52227,-0.272503,0.483146,0.047355,-0.015165,0.476856,-0.465035,-0.371787,-0.994814,1.28854,0.964556,0.463761,-0.887088,-0.886198,-0.309737,0.520216,0.363602,2.18022,1.05078,-0.111635,-0.900149,0.759051,2.75147,-1.20259,0.099569,0.30224,-1.59367,1.09757,0.915675,-0.43354,1.07309,-0.377416,0.292213,-0.595323,0.798114,-0.517742,0.706403,T
-0.826115,-0.653284,-0.429812,-0.601517,-0.428725,-0.666473,-0.518124,-0.188349,-0.419014,-0.666223,0.081127,-0.513532,-0.582885,0.162347,-0.400578,-0.53183,-0.76986,0.151919,-0.864595,-0.657181,0.053721,-0.423776,0.216737,-0.966491,-0.634592,-0.639541,-1.35583,-0.481488,-0.890886,0.540678,1.04623,0.96172,-0.061324,-0.656623,0.805375,1.47631,2.36221,0.314293,-1.51409,-0.255805,0.641149,0.465004,-0.384603,-0.61571,0.766703,0.347156,-0.030076,1.308,-0.094071,1.9923,-0.208382,0.570263,1.3799,-0.262473,-0.492916,2.14488,-0.771467,0.588406,-0.637593,-1.5463,-0.463472,-0.102073,-1.00926,1.99029,-0.267833,-0.272923,-0.057504,0.020673,-2.16179,-0.117091,-0.23419,-0.23741,1.08655,-0.716959,1.30606,-0.616859,-0.955601,0.350881,-0.839372,1.68865,-0.152366,0.108499,-0.107763,-0.800975,1.44295,1.12134,-1.22624,-0.231217,-0.856333,-1.27701,0.914101,0.670951,-0.866748,1.58953,-0.58888,-0.347237,-0.893083,-0.065369,-0.549265,-1.21853,T
-0.531951,-0.735262,-0.953381,-0.491548,-0.70359,-0.486344,-0.323159,-0.690814,-0.35734,-0.198136,-0.655105,-0.55062,-0.52529,-0.648265,-0.636524,-0.417602,-0.471567,-0.593205,-0.967599,-0.27134,-0.742953,-0.121387,0.203122,-1.04254,0.035765,-0.199768,-0.156434,-0.403223,-0.628314,0.721897,0.870988,0.790812,-0.662244,-0.278976,0.453757,-0.001762,-0.464747,0.183204,-0.830438,-0.408361,-0.269928,-1.53734,-0.628649,-0.546684,-0.966222,-0.822699,-0.395302,-0.540711,-0.761459,-0.74482,0.010225,-0.560871,-0.003656,-0.546949,-0.409559,1.39147,-0.793103,-0.775429,-0.467872,-0.318379,-0.412629,-0.945996,-0.295557,-0.358909,-0.265022,-1.32345,-0.472591,1.3301,0.246663,-0.422276,-0.538368,-0.848767,0.231531,-0.635129,-1.3686,-0.463948,-0.004539,-0.750261,-1.00388,0.495139,0.035883,-0.297108,-0.180589,-0.216818,0.635773,-0.179973,-0.685174,-0.810527,0.228596,-0.904803,-0.19868,-0.27907,-0.127496,-0.765662,-0.481344,-0.705637,-0.409221,-0.493074,-0.464095,-0.596071,T
-0.681127,-0.482294,-0.701902,-0.553464,-0.769129,-0.595319,-0.735269,-0.250217,-0.548018,-0.805792,-0.397873,-0.483056,-0.088911,-0.3807,-0.630073,-0.441121,-0.422569,-0.407598,-1.27036,-0.631725,-0.762319,-1.01839,-0.608285,-1.25074,-0.729649,-0.71529,-0.162391,-0.444471,-0.498933,0.538518,0.477315,0.158858,-0.946955,-0.640069,-0.176009,-0.852206,-0.560472,1.25942,-0.85223,-0.37093,-0.295427,-0.617207,-1.06716,-0.502856,-0.384797,-1.32315,-0.017418,-0.374471,-1.38965,1.04834,0.01948,-0.404545,-0.857733,-0.239327,-0.17727,0.106901,0.127738,0.483425,-1.1949,-0.083764,-0.234725,-0.193322,-1.11761,-0.619045,-0.615919,-0.198399,-0.382285,2.31785,-0.502004,-0.325507,-0.419761,-0.569761,-0.671729,-0.691819,-1.3342,-0.191174,0.238929,-0.353889,-1.32543,0.176378,0.270275,1.31009,0.249507,-0.637319,-0.570381,-1.15898,-0.397735,-0.791078,-0.085588,-0.118483,-0.724836,-0.279895,-0.723582,2.29407,-0.435852,-0.824509,-0.121945,-0.639934,-0.54508,-0.42597,T
-0.610598,-0.567446,-0.636032,-0.471444,-0.610563,-0.458287,-0.491642,0.360756,-0.477601,-0.757564,-0.323774,-0.494472,-0.541645,-0.342396,-0.955713,-0.527748,-0.624951,0.473385,-0.962231,-0.805248,-0.745192,-0.183375,0.391059,-0.650041,-0.686489,-0.804326,0.397965,-0.505814,-0.159714,1.28389,1.24346,0.408838,-0.874782,-0.803063,0.461755,0.045694,-0.240195,0.059926,-0.927762,-0.554773,-0.730599,-0.212984,-0.637949,-0.695598,1.03567,-0.898704,-0.589382,1.25399,-0.614988,0.87146,0.084338,0.181289,-0.261094,-0.629027,-0.448058,-0.053305,1.165,0.14761,-1.10549,-0.106199,-0.302446,0.38,-1.22835,1.08513,-0.726975,-0.461286,-0.47949,0.170095,-0.862784,-0.198558,-0.558869,-0.402142,0.944821,-0.391052,-1.30961,-0.3206,-0.725407,0.10518,1.34751,0.077881,0.709312,0.65257,-0.884372,-0.530514,-0.426316,-0.62633,-0.508201,-0.346457,-0.365625,-0.228432,0.158196,-0.408461,-0.944221,1.51627,-0.410375,-0.586011,1.47117,-0.39188,-0.535722,-0.819476,T
